district_code,category,scheme,allocated_inr_lakh,fiscal_year
TN_CHENNAI,WATER_SUPPLY,Jal Jeevan Mission,5031.03,2026-27
TN_CHENNAI,SANITATION,Swachh Bharat Mission (Grameen),6551.03,2026-27
TN_CHENNAI,ROADS,PM Gram Sadak Yojana,6381.03,2026-27
TN_CHENNAI,ELECTRICITY,Revamped Distribution Sector Scheme,2511.03,2026-27
TN_CHENNAI,HEALTH,PM Ayushman Bharat Health Infra,3581.03,2026-27
TN_CHENNAI,EDUCATION,Samagra Shiksha Abhiyan,4481.03,2026-27
TN_CHENNAI,DIGITAL,BharatNet Broadband Infra,4841.03,2026-27
TN_CHENNAI,HOUSING,PM Awas Yojana,3981.03,2026-27
TN_CHENNAI,IRRIGATION,PM Krishi Sinchayee Yojana,5031.03,2026-27
TN_CHENNAI,TRANSPORT,State Rural Transport Connect,3211.03,2026-27
TN_COIMBATORE,WATER_SUPPLY,Jal Jeevan Mission,2736.12,2026-27
TN_COIMBATORE,SANITATION,Swachh Bharat Mission (Grameen),3876.12,2026-27
TN_COIMBATORE,ROADS,PM Gram Sadak Yojana,5316.12,2026-27
TN_COIMBATORE,ELECTRICITY,Revamped Distribution Sector Scheme,2296.12,2026-27
TN_COIMBATORE,HEALTH,PM Ayushman Bharat Health Infra,4896.12,2026-27
TN_COIMBATORE,EDUCATION,Samagra Shiksha Abhiyan,2686.12,2026-27
TN_COIMBATORE,DIGITAL,BharatNet Broadband Infra,5916.12,2026-27
TN_COIMBATORE,HOUSING,PM Awas Yojana,3536.12,2026-27
TN_COIMBATORE,IRRIGATION,PM Krishi Sinchayee Yojana,4786.12,2026-27
TN_COIMBATORE,TRANSPORT,State Rural Transport Connect,5276.12,2026-27
TN_MADURAI,WATER_SUPPLY,Jal Jeevan Mission,4067.21,2026-27
TN_MADURAI,SANITATION,Swachh Bharat Mission (Grameen),1577.21,2026-27
TN_MADURAI,ROADS,PM Gram Sadak Yojana,3287.21,2026-27
TN_MADURAI,ELECTRICITY,Revamped Distribution Sector Scheme,2487.21,2026-27
TN_MADURAI,HEALTH,PM Ayushman Bharat Health Infra,3477.21,2026-27
TN_MADURAI,EDUCATION,Samagra Shiksha Abhiyan,4457.21,2026-27
TN_MADURAI,DIGITAL,BharatNet Broadband Infra,1487.21,2026-27
TN_MADURAI,HOUSING,PM Awas Yojana,2247.21,2026-27
TN_MADURAI,IRRIGATION,PM Krishi Sinchayee Yojana,5867.21,2026-27
TN_MADURAI,TRANSPORT,State Rural Transport Connect,4697.21,2026-27
TN_TIRUCHIRAPPALLI,WATER_SUPPLY,Jal Jeevan Mission,4415.03,2026-27
TN_TIRUCHIRAPPALLI,SANITATION,Swachh Bharat Mission (Grameen),2995.03,2026-27
TN_TIRUCHIRAPPALLI,ROADS,PM Gram Sadak Yojana,5175.03,2026-27
TN_TIRUCHIRAPPALLI,ELECTRICITY,Revamped Distribution Sector Scheme,3855.03,2026-27
TN_TIRUCHIRAPPALLI,HEALTH,PM Ayushman Bharat Health Infra,5635.03,2026-27
TN_TIRUCHIRAPPALLI,EDUCATION,Samagra Shiksha Abhiyan,4625.03,2026-27
TN_TIRUCHIRAPPALLI,DIGITAL,BharatNet Broadband Infra,3935.03,2026-27
TN_TIRUCHIRAPPALLI,HOUSING,PM Awas Yojana,1305.03,2026-27
TN_TIRUCHIRAPPALLI,IRRIGATION,PM Krishi Sinchayee Yojana,3655.03,2026-27
TN_TIRUCHIRAPPALLI,TRANSPORT,State Rural Transport Connect,1625.03,2026-27
TN_SALEM,WATER_SUPPLY,Jal Jeevan Mission,3856.93,2026-27
TN_SALEM,SANITATION,Swachh Bharat Mission (Grameen),2456.93,2026-27
TN_SALEM,ROADS,PM Gram Sadak Yojana,3276.93,2026-27
TN_SALEM,ELECTRICITY,Revamped Distribution Sector Scheme,2026.93,2026-27
TN_SALEM,HEALTH,PM Ayushman Bharat Health Infra,4026.93,2026-27
TN_SALEM,EDUCATION,Samagra Shiksha Abhiyan,3776.93,2026-27
TN_SALEM,DIGITAL,BharatNet Broadband Infra,4246.93,2026-27
TN_SALEM,HOUSING,PM Awas Yojana,4106.93,2026-27
TN_SALEM,IRRIGATION,PM Krishi Sinchayee Yojana,3096.93,2026-27
TN_SALEM,TRANSPORT,State Rural Transport Connect,5986.93,2026-27
TN_TIRUNELVELI,WATER_SUPPLY,Jal Jeevan Mission,2189.36,2026-27
TN_TIRUNELVELI,SANITATION,Swachh Bharat Mission (Grameen),3489.36,2026-27
TN_TIRUNELVELI,ROADS,PM Gram Sadak Yojana,4299.36,2026-27
TN_TIRUNELVELI,ELECTRICITY,Revamped Distribution Sector Scheme,4709.36,2026-27
TN_TIRUNELVELI,HEALTH,PM Ayushman Bharat Health Infra,769.36,2026-27
TN_TIRUNELVELI,EDUCATION,Samagra Shiksha Abhiyan,749.36,2026-27
TN_TIRUNELVELI,DIGITAL,BharatNet Broadband Infra,5619.36,2026-27
TN_TIRUNELVELI,HOUSING,PM Awas Yojana,4369.36,2026-27
TN_TIRUNELVELI,IRRIGATION,PM Krishi Sinchayee Yojana,959.36,2026-27
TN_TIRUNELVELI,TRANSPORT,State Rural Transport Connect,2639.36,2026-27
TN_ERODE,WATER_SUPPLY,Jal Jeevan Mission,1993.28,2026-27
TN_ERODE,SANITATION,Swachh Bharat Mission (Grameen),5803.28,2026-27
TN_ERODE,ROADS,PM Gram Sadak Yojana,5173.28,2026-27
TN_ERODE,ELECTRICITY,Revamped Distribution Sector Scheme,3833.28,2026-27
TN_ERODE,HEALTH,PM Ayushman Bharat Health Infra,4173.28,2026-27
TN_ERODE,EDUCATION,Samagra Shiksha Abhiyan,2473.28,2026-27
TN_ERODE,DIGITAL,BharatNet Broadband Infra,3023.28,2026-27
TN_ERODE,HOUSING,PM Awas Yojana,4233.28,2026-27
TN_ERODE,IRRIGATION,PM Krishi Sinchayee Yojana,2643.28,2026-27
TN_ERODE,TRANSPORT,State Rural Transport Connect,1793.28,2026-27
TN_VELLORE,WATER_SUPPLY,Jal Jeevan Mission,4356.41,2026-27
TN_VELLORE,SANITATION,Swachh Bharat Mission (Grameen),5016.41,2026-27
TN_VELLORE,ROADS,PM Gram Sadak Yojana,5436.41,2026-27
TN_VELLORE,ELECTRICITY,Revamped Distribution Sector Scheme,1076.41,2026-27
TN_VELLORE,HEALTH,PM Ayushman Bharat Health Infra,5176.41,2026-27
TN_VELLORE,EDUCATION,Samagra Shiksha Abhiyan,4036.41,2026-27
TN_VELLORE,DIGITAL,BharatNet Broadband Infra,3346.41,2026-27
TN_VELLORE,HOUSING,PM Awas Yojana,5326.41,2026-27
TN_VELLORE,IRRIGATION,PM Krishi Sinchayee Yojana,4266.41,2026-27
TN_VELLORE,TRANSPORT,State Rural Transport Connect,3056.41,2026-27
TN_THANJAVUR,WATER_SUPPLY,Jal Jeevan Mission,3442.65,2026-27
TN_THANJAVUR,SANITATION,Swachh Bharat Mission (Grameen),3992.65,2026-27
TN_THANJAVUR,ROADS,PM Gram Sadak Yojana,4392.65,2026-27
TN_THANJAVUR,ELECTRICITY,Revamped Distribution Sector Scheme,3142.65,2026-27
TN_THANJAVUR,HEALTH,PM Ayushman Bharat Health Infra,2272.65,2026-27
TN_THANJAVUR,EDUCATION,Samagra Shiksha Abhiyan,2282.65,2026-27
TN_THANJAVUR,DIGITAL,BharatNet Broadband Infra,3572.65,2026-27
TN_THANJAVUR,HOUSING,PM Awas Yojana,3402.65,2026-27
TN_THANJAVUR,IRRIGATION,PM Krishi Sinchayee Yojana,1522.65,2026-27
TN_THANJAVUR,TRANSPORT,State Rural Transport Connect,4062.65,2026-27
TN_DINDIGUL,WATER_SUPPLY,Jal Jeevan Mission,5361.9,2026-27
TN_DINDIGUL,SANITATION,Swachh Bharat Mission (Grameen),2581.9,2026-27
TN_DINDIGUL,ROADS,PM Gram Sadak Yojana,2801.9,2026-27
TN_DINDIGUL,ELECTRICITY,Revamped Distribution Sector Scheme,3811.9,2026-27
TN_DINDIGUL,HEALTH,PM Ayushman Bharat Health Infra,4281.9,2026-27
TN_DINDIGUL,EDUCATION,Samagra Shiksha Abhiyan,2161.9,2026-27
TN_DINDIGUL,DIGITAL,BharatNet Broadband Infra,4211.9,2026-27
TN_DINDIGUL,HOUSING,PM Awas Yojana,3351.9,2026-27
TN_DINDIGUL,IRRIGATION,PM Krishi Sinchayee Yojana,2061.9,2026-27
TN_DINDIGUL,TRANSPORT,State Rural Transport Connect,5861.9,2026-27
TN_KANCHIPURAM,WATER_SUPPLY,Jal Jeevan Mission,3834.88,2026-27
TN_KANCHIPURAM,SANITATION,Swachh Bharat Mission (Grameen),4214.88,2026-27
TN_KANCHIPURAM,ROADS,PM Gram Sadak Yojana,4984.88,2026-27
TN_KANCHIPURAM,ELECTRICITY,Revamped Distribution Sector Scheme,2254.88,2026-27
TN_KANCHIPURAM,HEALTH,PM Ayushman Bharat Health Infra,1124.88,2026-27
TN_KANCHIPURAM,EDUCATION,Samagra Shiksha Abhiyan,2794.88,2026-27
TN_KANCHIPURAM,DIGITAL,BharatNet Broadband Infra,4344.88,2026-27
TN_KANCHIPURAM,HOUSING,PM Awas Yojana,2494.88,2026-27
TN_KANCHIPURAM,IRRIGATION,PM Krishi Sinchayee Yojana,954.88,2026-27
TN_KANCHIPURAM,TRANSPORT,State Rural Transport Connect,1864.88,2026-27
TN_CUDDALORE,WATER_SUPPLY,Jal Jeevan Mission,2512.66,2026-27
TN_CUDDALORE,SANITATION,Swachh Bharat Mission (Grameen),5802.66,2026-27
TN_CUDDALORE,ROADS,PM Gram Sadak Yojana,6112.66,2026-27
TN_CUDDALORE,ELECTRICITY,Revamped Distribution Sector Scheme,3932.66,2026-27
TN_CUDDALORE,HEALTH,PM Ayushman Bharat Health Infra,3252.66,2026-27
TN_CUDDALORE,EDUCATION,Samagra Shiksha Abhiyan,1912.66,2026-27
TN_CUDDALORE,DIGITAL,BharatNet Broadband Infra,5792.66,2026-27
TN_CUDDALORE,HOUSING,PM Awas Yojana,1662.66,2026-27
TN_CUDDALORE,IRRIGATION,PM Krishi Sinchayee Yojana,1962.66,2026-27
TN_CUDDALORE,TRANSPORT,State Rural Transport Connect,1842.66,2026-27
TN_TIRUPPUR,WATER_SUPPLY,Jal Jeevan Mission,2785.57,2026-27
TN_TIRUPPUR,SANITATION,Swachh Bharat Mission (Grameen),2125.57,2026-27
TN_TIRUPPUR,ROADS,PM Gram Sadak Yojana,6105.57,2026-27
TN_TIRUPPUR,ELECTRICITY,Revamped Distribution Sector Scheme,1395.57,2026-27
TN_TIRUPPUR,HEALTH,PM Ayushman Bharat Health Infra,4405.57,2026-27
TN_TIRUPPUR,EDUCATION,Samagra Shiksha Abhiyan,1255.57,2026-27
TN_TIRUPPUR,DIGITAL,BharatNet Broadband Infra,3195.57,2026-27
TN_TIRUPPUR,HOUSING,PM Awas Yojana,2145.57,2026-27
TN_TIRUPPUR,IRRIGATION,PM Krishi Sinchayee Yojana,3685.57,2026-27
TN_TIRUPPUR,TRANSPORT,State Rural Transport Connect,2685.57,2026-27
TN_KANYAKUMARI,WATER_SUPPLY,Jal Jeevan Mission,5121.67,2026-27
TN_KANYAKUMARI,SANITATION,Swachh Bharat Mission (Grameen),5441.67,2026-27
TN_KANYAKUMARI,ROADS,PM Gram Sadak Yojana,4741.67,2026-27
TN_KANYAKUMARI,ELECTRICITY,Revamped Distribution Sector Scheme,1871.67,2026-27
TN_KANYAKUMARI,HEALTH,PM Ayushman Bharat Health Infra,4871.67,2026-27
TN_KANYAKUMARI,EDUCATION,Samagra Shiksha Abhiyan,3111.67,2026-27
TN_KANYAKUMARI,DIGITAL,BharatNet Broadband Infra,3951.67,2026-27
TN_KANYAKUMARI,HOUSING,PM Awas Yojana,2971.67,2026-27
TN_KANYAKUMARI,IRRIGATION,PM Krishi Sinchayee Yojana,2251.67,2026-27
TN_KANYAKUMARI,TRANSPORT,State Rural Transport Connect,3851.67,2026-27
TN_THOOTHUKUDI,WATER_SUPPLY,Jal Jeevan Mission,907.58,2026-27
TN_THOOTHUKUDI,SANITATION,Swachh Bharat Mission (Grameen),1867.58,2026-27
TN_THOOTHUKUDI,ROADS,PM Gram Sadak Yojana,2727.58,2026-27
TN_THOOTHUKUDI,ELECTRICITY,Revamped Distribution Sector Scheme,2717.58,2026-27
TN_THOOTHUKUDI,HEALTH,PM Ayushman Bharat Health Infra,5727.58,2026-27
TN_THOOTHUKUDI,EDUCATION,Samagra Shiksha Abhiyan,3747.58,2026-27
TN_THOOTHUKUDI,DIGITAL,BharatNet Broadband Infra,2467.58,2026-27
TN_THOOTHUKUDI,HOUSING,PM Awas Yojana,1307.58,2026-27
TN_THOOTHUKUDI,IRRIGATION,PM Krishi Sinchayee Yojana,4467.58,2026-27
TN_THOOTHUKUDI,TRANSPORT,State Rural Transport Connect,3077.58,2026-27
TN_VILLUPURAM,WATER_SUPPLY,Jal Jeevan Mission,5271.85,2026-27
TN_VILLUPURAM,SANITATION,Swachh Bharat Mission (Grameen),1541.85,2026-27
TN_VILLUPURAM,ROADS,PM Gram Sadak Yojana,4251.85,2026-27
TN_VILLUPURAM,ELECTRICITY,Revamped Distribution Sector Scheme,5931.85,2026-27
TN_VILLUPURAM,HEALTH,PM Ayushman Bharat Health Infra,4201.85,2026-27
TN_VILLUPURAM,EDUCATION,Samagra Shiksha Abhiyan,1201.85,2026-27
TN_VILLUPURAM,DIGITAL,BharatNet Broadband Infra,3381.85,2026-27
TN_VILLUPURAM,HOUSING,PM Awas Yojana,4011.85,2026-27
TN_VILLUPURAM,IRRIGATION,PM Krishi Sinchayee Yojana,4331.85,2026-27
TN_VILLUPURAM,TRANSPORT,State Rural Transport Connect,1631.85,2026-27
TN_RAMANATHAPURAM,WATER_SUPPLY,Jal Jeevan Mission,4659.05,2026-27
TN_RAMANATHAPURAM,SANITATION,Swachh Bharat Mission (Grameen),3709.05,2026-27
TN_RAMANATHAPURAM,ROADS,PM Gram Sadak Yojana,2199.05,2026-27
TN_RAMANATHAPURAM,ELECTRICITY,Revamped Distribution Sector Scheme,1009.05,2026-27
TN_RAMANATHAPURAM,HEALTH,PM Ayushman Bharat Health Infra,1209.05,2026-27
TN_RAMANATHAPURAM,EDUCATION,Samagra Shiksha Abhiyan,1089.05,2026-27
TN_RAMANATHAPURAM,DIGITAL,BharatNet Broadband Infra,3529.05,2026-27
TN_RAMANATHAPURAM,HOUSING,PM Awas Yojana,4249.05,2026-27
TN_RAMANATHAPURAM,IRRIGATION,PM Krishi Sinchayee Yojana,5599.05,2026-27
TN_RAMANATHAPURAM,TRANSPORT,State Rural Transport Connect,949.05,2026-27
TN_PERAMBALUR,WATER_SUPPLY,Jal Jeevan Mission,2634.35,2026-27
TN_PERAMBALUR,SANITATION,Swachh Bharat Mission (Grameen),4494.35,2026-27
TN_PERAMBALUR,ROADS,PM Gram Sadak Yojana,2994.35,2026-27
TN_PERAMBALUR,ELECTRICITY,Revamped Distribution Sector Scheme,784.35,2026-27
TN_PERAMBALUR,HEALTH,PM Ayushman Bharat Health Infra,1314.35,2026-27
TN_PERAMBALUR,EDUCATION,Samagra Shiksha Abhiyan,3264.35,2026-27
TN_PERAMBALUR,DIGITAL,BharatNet Broadband Infra,4824.35,2026-27
TN_PERAMBALUR,HOUSING,PM Awas Yojana,2264.35,2026-27
TN_PERAMBALUR,IRRIGATION,PM Krishi Sinchayee Yojana,2144.35,2026-27
TN_PERAMBALUR,TRANSPORT,State Rural Transport Connect,4064.35,2026-27
TN_TIRUVANNAMALAI,WATER_SUPPLY,Jal Jeevan Mission,1169.19,2026-27
TN_TIRUVANNAMALAI,SANITATION,Swachh Bharat Mission (Grameen),5719.19,2026-27
TN_TIRUVANNAMALAI,ROADS,PM Gram Sadak Yojana,5749.19,2026-27
TN_TIRUVANNAMALAI,ELECTRICITY,Revamped Distribution Sector Scheme,2639.19,2026-27
TN_TIRUVANNAMALAI,HEALTH,PM Ayushman Bharat Health Infra,6079.19,2026-27
TN_TIRUVANNAMALAI,EDUCATION,Samagra Shiksha Abhiyan,5309.19,2026-27
TN_TIRUVANNAMALAI,DIGITAL,BharatNet Broadband Infra,5749.19,2026-27
TN_TIRUVANNAMALAI,HOUSING,PM Awas Yojana,3779.19,2026-27
TN_TIRUVANNAMALAI,IRRIGATION,PM Krishi Sinchayee Yojana,1489.19,2026-27
TN_TIRUVANNAMALAI,TRANSPORT,State Rural Transport Connect,4529.19,2026-27
TN_DHARMAPURI,WATER_SUPPLY,Jal Jeevan Mission,5548.08,2026-27
TN_DHARMAPURI,SANITATION,Swachh Bharat Mission (Grameen),4818.08,2026-27
TN_DHARMAPURI,ROADS,PM Gram Sadak Yojana,3148.08,2026-27
TN_DHARMAPURI,ELECTRICITY,Revamped Distribution Sector Scheme,1248.08,2026-27
TN_DHARMAPURI,HEALTH,PM Ayushman Bharat Health Infra,2098.08,2026-27
TN_DHARMAPURI,EDUCATION,Samagra Shiksha Abhiyan,1188.08,2026-27
TN_DHARMAPURI,DIGITAL,BharatNet Broadband Infra,1978.08,2026-27
TN_DHARMAPURI,HOUSING,PM Awas Yojana,4688.08,2026-27
TN_DHARMAPURI,IRRIGATION,PM Krishi Sinchayee Yojana,1978.08,2026-27
TN_DHARMAPURI,TRANSPORT,State Rural Transport Connect,5328.08,2026-27
TN_KRISHNAGIRI,WATER_SUPPLY,Jal Jeevan Mission,5385.91,2026-27
TN_KRISHNAGIRI,SANITATION,Swachh Bharat Mission (Grameen),4695.91,2026-27
TN_KRISHNAGIRI,ROADS,PM Gram Sadak Yojana,4985.91,2026-27
TN_KRISHNAGIRI,ELECTRICITY,Revamped Distribution Sector Scheme,5435.91,2026-27
TN_KRISHNAGIRI,HEALTH,PM Ayushman Bharat Health Infra,2195.91,2026-27
TN_KRISHNAGIRI,EDUCATION,Samagra Shiksha Abhiyan,2425.91,2026-27
TN_KRISHNAGIRI,DIGITAL,BharatNet Broadband Infra,5735.91,2026-27
TN_KRISHNAGIRI,HOUSING,PM Awas Yojana,2335.91,2026-27
TN_KRISHNAGIRI,IRRIGATION,PM Krishi Sinchayee Yojana,1625.91,2026-27
TN_KRISHNAGIRI,TRANSPORT,State Rural Transport Connect,1005.91,2026-27
TN_NAMAKKAL,WATER_SUPPLY,Jal Jeevan Mission,4656.97,2026-27
TN_NAMAKKAL,SANITATION,Swachh Bharat Mission (Grameen),4546.97,2026-27
TN_NAMAKKAL,ROADS,PM Gram Sadak Yojana,5336.97,2026-27
TN_NAMAKKAL,ELECTRICITY,Revamped Distribution Sector Scheme,1406.97,2026-27
TN_NAMAKKAL,HEALTH,PM Ayushman Bharat Health Infra,1076.97,2026-27
TN_NAMAKKAL,EDUCATION,Samagra Shiksha Abhiyan,2336.97,2026-27
TN_NAMAKKAL,DIGITAL,BharatNet Broadband Infra,5446.97,2026-27
TN_NAMAKKAL,HOUSING,PM Awas Yojana,2116.97,2026-27
TN_NAMAKKAL,IRRIGATION,PM Krishi Sinchayee Yojana,4796.97,2026-27
TN_NAMAKKAL,TRANSPORT,State Rural Transport Connect,1976.97,2026-27
TN_KARUR,WATER_SUPPLY,Jal Jeevan Mission,2529.02,2026-27
TN_KARUR,SANITATION,Swachh Bharat Mission (Grameen),1209.02,2026-27
TN_KARUR,ROADS,PM Gram Sadak Yojana,2919.02,2026-27
TN_KARUR,ELECTRICITY,Revamped Distribution Sector Scheme,4939.02,2026-27
TN_KARUR,HEALTH,PM Ayushman Bharat Health Infra,989.02,2026-27
TN_KARUR,EDUCATION,Samagra Shiksha Abhiyan,3439.02,2026-27
TN_KARUR,DIGITAL,BharatNet Broadband Infra,5209.02,2026-27
TN_KARUR,HOUSING,PM Awas Yojana,3179.02,2026-27
TN_KARUR,IRRIGATION,PM Krishi Sinchayee Yojana,3989.02,2026-27
TN_KARUR,TRANSPORT,State Rural Transport Connect,3739.02,2026-27
TN_VIRUDHUNAGAR,WATER_SUPPLY,Jal Jeevan Mission,5164.03,2026-27
TN_VIRUDHUNAGAR,SANITATION,Swachh Bharat Mission (Grameen),1984.03,2026-27
TN_VIRUDHUNAGAR,ROADS,PM Gram Sadak Yojana,2154.03,2026-27
TN_VIRUDHUNAGAR,ELECTRICITY,Revamped Distribution Sector Scheme,4284.03,2026-27
TN_VIRUDHUNAGAR,HEALTH,PM Ayushman Bharat Health Infra,1614.03,2026-27
TN_VIRUDHUNAGAR,EDUCATION,Samagra Shiksha Abhiyan,2064.03,2026-27
TN_VIRUDHUNAGAR,DIGITAL,BharatNet Broadband Infra,1144.03,2026-27
TN_VIRUDHUNAGAR,HOUSING,PM Awas Yojana,3664.03,2026-27
TN_VIRUDHUNAGAR,IRRIGATION,PM Krishi Sinchayee Yojana,2174.03,2026-27
TN_VIRUDHUNAGAR,TRANSPORT,State Rural Transport Connect,2934.03,2026-27
TN_THENI,WATER_SUPPLY,Jal Jeevan Mission,2180.65,2026-27
TN_THENI,SANITATION,Swachh Bharat Mission (Grameen),1230.65,2026-27
TN_THENI,ROADS,PM Gram Sadak Yojana,1390.65,2026-27
TN_THENI,ELECTRICITY,Revamped Distribution Sector Scheme,4060.65,2026-27
TN_THENI,HEALTH,PM Ayushman Bharat Health Infra,4700.65,2026-27
TN_THENI,EDUCATION,Samagra Shiksha Abhiyan,950.65,2026-27
TN_THENI,DIGITAL,BharatNet Broadband Infra,5460.65,2026-27
TN_THENI,HOUSING,PM Awas Yojana,3110.65,2026-27
TN_THENI,IRRIGATION,PM Krishi Sinchayee Yojana,1570.65,2026-27
TN_THENI,TRANSPORT,State Rural Transport Connect,4850.65,2026-27
TN_NILGIRIS,WATER_SUPPLY,Jal Jeevan Mission,3820.93,2026-27
TN_NILGIRIS,SANITATION,Swachh Bharat Mission (Grameen),1260.93,2026-27
TN_NILGIRIS,ROADS,PM Gram Sadak Yojana,1520.93,2026-27
TN_NILGIRIS,ELECTRICITY,Revamped Distribution Sector Scheme,1730.93,2026-27
TN_NILGIRIS,HEALTH,PM Ayushman Bharat Health Infra,3420.93,2026-27
TN_NILGIRIS,EDUCATION,Samagra Shiksha Abhiyan,2050.93,2026-27
TN_NILGIRIS,DIGITAL,BharatNet Broadband Infra,3490.93,2026-27
TN_NILGIRIS,HOUSING,PM Awas Yojana,910.93,2026-27
TN_NILGIRIS,IRRIGATION,PM Krishi Sinchayee Yojana,1280.93,2026-27
TN_NILGIRIS,TRANSPORT,State Rural Transport Connect,420.93,2026-27
TN_SIVAGANGA,WATER_SUPPLY,Jal Jeevan Mission,4532.6,2026-27
TN_SIVAGANGA,SANITATION,Swachh Bharat Mission (Grameen),1182.6,2026-27
TN_SIVAGANGA,ROADS,PM Gram Sadak Yojana,1742.6,2026-27
TN_SIVAGANGA,ELECTRICITY,Revamped Distribution Sector Scheme,1372.6,2026-27
TN_SIVAGANGA,HEALTH,PM Ayushman Bharat Health Infra,5012.6,2026-27
TN_SIVAGANGA,EDUCATION,Samagra Shiksha Abhiyan,5522.6,2026-27
TN_SIVAGANGA,DIGITAL,BharatNet Broadband Infra,2742.6,2026-27
TN_SIVAGANGA,HOUSING,PM Awas Yojana,1102.6,2026-27
TN_SIVAGANGA,IRRIGATION,PM Krishi Sinchayee Yojana,1232.6,2026-27
TN_SIVAGANGA,TRANSPORT,State Rural Transport Connect,4742.6,2026-27
TN_NAGAPATTINAM,WATER_SUPPLY,Jal Jeevan Mission,3733.68,2026-27
TN_NAGAPATTINAM,SANITATION,Swachh Bharat Mission (Grameen),2263.68,2026-27
TN_NAGAPATTINAM,ROADS,PM Gram Sadak Yojana,1773.68,2026-27
TN_NAGAPATTINAM,ELECTRICITY,Revamped Distribution Sector Scheme,3423.68,2026-27
TN_NAGAPATTINAM,HEALTH,PM Ayushman Bharat Health Infra,373.68,2026-27
TN_NAGAPATTINAM,EDUCATION,Samagra Shiksha Abhiyan,2233.68,2026-27
TN_NAGAPATTINAM,DIGITAL,BharatNet Broadband Infra,1523.68,2026-27
TN_NAGAPATTINAM,HOUSING,PM Awas Yojana,4213.68,2026-27
TN_NAGAPATTINAM,IRRIGATION,PM Krishi Sinchayee Yojana,1603.68,2026-27
TN_NAGAPATTINAM,TRANSPORT,State Rural Transport Connect,603.68,2026-27
TN_PUDUKKOTTAI,WATER_SUPPLY,Jal Jeevan Mission,5088.26,2026-27
TN_PUDUKKOTTAI,SANITATION,Swachh Bharat Mission (Grameen),5628.26,2026-27
TN_PUDUKKOTTAI,ROADS,PM Gram Sadak Yojana,1168.26,2026-27
TN_PUDUKKOTTAI,ELECTRICITY,Revamped Distribution Sector Scheme,3608.26,2026-27
TN_PUDUKKOTTAI,HEALTH,PM Ayushman Bharat Health Infra,2138.26,2026-27
TN_PUDUKKOTTAI,EDUCATION,Samagra Shiksha Abhiyan,5478.26,2026-27
TN_PUDUKKOTTAI,DIGITAL,BharatNet Broadband Infra,3868.26,2026-27
TN_PUDUKKOTTAI,HOUSING,PM Awas Yojana,4818.26,2026-27
TN_PUDUKKOTTAI,IRRIGATION,PM Krishi Sinchayee Yojana,3548.26,2026-27
TN_PUDUKKOTTAI,TRANSPORT,State Rural Transport Connect,5608.26,2026-27
TN_CHENGALPATTU,WATER_SUPPLY,Jal Jeevan Mission,5380.31,2026-27
TN_CHENGALPATTU,SANITATION,Swachh Bharat Mission (Grameen),2960.31,2026-27
TN_CHENGALPATTU,ROADS,PM Gram Sadak Yojana,1930.31,2026-27
TN_CHENGALPATTU,ELECTRICITY,Revamped Distribution Sector Scheme,4690.31,2026-27
TN_CHENGALPATTU,HEALTH,PM Ayushman Bharat Health Infra,4300.31,2026-27
TN_CHENGALPATTU,EDUCATION,Samagra Shiksha Abhiyan,2000.31,2026-27
TN_CHENGALPATTU,DIGITAL,BharatNet Broadband Infra,2150.31,2026-27
TN_CHENGALPATTU,HOUSING,PM Awas Yojana,2320.31,2026-27
TN_CHENGALPATTU,IRRIGATION,PM Krishi Sinchayee Yojana,1260.31,2026-27
TN_CHENGALPATTU,TRANSPORT,State Rural Transport Connect,4890.31,2026-27
TN_RANIPET,WATER_SUPPLY,Jal Jeevan Mission,1634.62,2026-27
TN_RANIPET,SANITATION,Swachh Bharat Mission (Grameen),5484.62,2026-27
TN_RANIPET,ROADS,PM Gram Sadak Yojana,2524.62,2026-27
TN_RANIPET,ELECTRICITY,Revamped Distribution Sector Scheme,5204.62,2026-27
TN_RANIPET,HEALTH,PM Ayushman Bharat Health Infra,2124.62,2026-27
TN_RANIPET,EDUCATION,Samagra Shiksha Abhiyan,2904.62,2026-27
TN_RANIPET,DIGITAL,BharatNet Broadband Infra,4964.62,2026-27
TN_RANIPET,HOUSING,PM Awas Yojana,3554.62,2026-27
TN_RANIPET,IRRIGATION,PM Krishi Sinchayee Yojana,1094.62,2026-27
TN_RANIPET,TRANSPORT,State Rural Transport Connect,3794.62,2026-27
TN_TIRUPATHUR,WATER_SUPPLY,Jal Jeevan Mission,1480.32,2026-27
TN_TIRUPATHUR,SANITATION,Swachh Bharat Mission (Grameen),1010.32,2026-27
TN_TIRUPATHUR,ROADS,PM Gram Sadak Yojana,2050.32,2026-27
TN_TIRUPATHUR,ELECTRICITY,Revamped Distribution Sector Scheme,1280.32,2026-27
TN_TIRUPATHUR,HEALTH,PM Ayushman Bharat Health Infra,5100.32,2026-27
TN_TIRUPATHUR,EDUCATION,Samagra Shiksha Abhiyan,4450.32,2026-27
TN_TIRUPATHUR,DIGITAL,BharatNet Broadband Infra,950.32,2026-27
TN_TIRUPATHUR,HOUSING,PM Awas Yojana,720.32,2026-27
TN_TIRUPATHUR,IRRIGATION,PM Krishi Sinchayee Yojana,3430.32,2026-27
TN_TIRUPATHUR,TRANSPORT,State Rural Transport Connect,2510.32,2026-27
TN_TENKASI,WATER_SUPPLY,Jal Jeevan Mission,1523.43,2026-27
TN_TENKASI,SANITATION,Swachh Bharat Mission (Grameen),4383.43,2026-27
TN_TENKASI,ROADS,PM Gram Sadak Yojana,843.43,2026-27
TN_TENKASI,ELECTRICITY,Revamped Distribution Sector Scheme,2493.43,2026-27
TN_TENKASI,HEALTH,PM Ayushman Bharat Health Infra,5253.43,2026-27
TN_TENKASI,EDUCATION,Samagra Shiksha Abhiyan,4343.43,2026-27
TN_TENKASI,DIGITAL,BharatNet Broadband Infra,2663.43,2026-27
TN_TENKASI,HOUSING,PM Awas Yojana,853.43,2026-27
TN_TENKASI,IRRIGATION,PM Krishi Sinchayee Yojana,3933.43,2026-27
TN_TENKASI,TRANSPORT,State Rural Transport Connect,723.43,2026-27
TN_KALLAKURICHI,WATER_SUPPLY,Jal Jeevan Mission,2886.63,2026-27
TN_KALLAKURICHI,SANITATION,Swachh Bharat Mission (Grameen),5446.63,2026-27
TN_KALLAKURICHI,ROADS,PM Gram Sadak Yojana,1656.63,2026-27
TN_KALLAKURICHI,ELECTRICITY,Revamped Distribution Sector Scheme,1536.63,2026-27
TN_KALLAKURICHI,HEALTH,PM Ayushman Bharat Health Infra,826.63,2026-27
TN_KALLAKURICHI,EDUCATION,Samagra Shiksha Abhiyan,2206.63,2026-27
TN_KALLAKURICHI,DIGITAL,BharatNet Broadband Infra,3226.63,2026-27
TN_KALLAKURICHI,HOUSING,PM Awas Yojana,5346.63,2026-27
TN_KALLAKURICHI,IRRIGATION,PM Krishi Sinchayee Yojana,4826.63,2026-27
TN_KALLAKURICHI,TRANSPORT,State Rural Transport Connect,4336.63,2026-27
TN_MAYILADUTHURAI,WATER_SUPPLY,Jal Jeevan Mission,543.26,2026-27
TN_MAYILADUTHURAI,SANITATION,Swachh Bharat Mission (Grameen),2753.26,2026-27
TN_MAYILADUTHURAI,ROADS,PM Gram Sadak Yojana,2633.26,2026-27
TN_MAYILADUTHURAI,ELECTRICITY,Revamped Distribution Sector Scheme,1973.26,2026-27
TN_MAYILADUTHURAI,HEALTH,PM Ayushman Bharat Health Infra,3323.26,2026-27
TN_MAYILADUTHURAI,EDUCATION,Samagra Shiksha Abhiyan,5363.26,2026-27
TN_MAYILADUTHURAI,DIGITAL,BharatNet Broadband Infra,2523.26,2026-27
TN_MAYILADUTHURAI,HOUSING,PM Awas Yojana,1783.26,2026-27
TN_MAYILADUTHURAI,IRRIGATION,PM Krishi Sinchayee Yojana,5393.26,2026-27
TN_MAYILADUTHURAI,TRANSPORT,State Rural Transport Connect,3653.26,2026-27
KA_BENGALURU_URBAN,WATER_SUPPLY,Jal Jeevan Mission,9239.7,2026-27
KA_BENGALURU_URBAN,SANITATION,Swachh Bharat Mission (Grameen),5099.7,2026-27
KA_BENGALURU_URBAN,ROADS,PM Gram Sadak Yojana,6519.7,2026-27
KA_BENGALURU_URBAN,ELECTRICITY,Revamped Distribution Sector Scheme,5419.7,2026-27
KA_BENGALURU_URBAN,HEALTH,PM Ayushman Bharat Health Infra,5779.7,2026-27
KA_BENGALURU_URBAN,EDUCATION,Samagra Shiksha Abhiyan,5249.7,2026-27
KA_BENGALURU_URBAN,DIGITAL,BharatNet Broadband Infra,5549.7,2026-27
KA_BENGALURU_URBAN,HOUSING,PM Awas Yojana,7809.7,2026-27
KA_BENGALURU_URBAN,IRRIGATION,PM Krishi Sinchayee Yojana,8299.7,2026-27
KA_BENGALURU_URBAN,TRANSPORT,State Rural Transport Connect,5799.7,2026-27
KA_BENGALURU_RURAL,WATER_SUPPLY,Jal Jeevan Mission,4225.92,2026-27
KA_BENGALURU_RURAL,SANITATION,Swachh Bharat Mission (Grameen),3345.92,2026-27
KA_BENGALURU_RURAL,ROADS,PM Gram Sadak Yojana,3825.92,2026-27
KA_BENGALURU_RURAL,ELECTRICITY,Revamped Distribution Sector Scheme,1005.92,2026-27
KA_BENGALURU_RURAL,HEALTH,PM Ayushman Bharat Health Infra,3935.92,2026-27
KA_BENGALURU_RURAL,EDUCATION,Samagra Shiksha Abhiyan,4445.92,2026-27
KA_BENGALURU_RURAL,DIGITAL,BharatNet Broadband Infra,3885.92,2026-27
KA_BENGALURU_RURAL,HOUSING,PM Awas Yojana,3305.92,2026-27
KA_BENGALURU_RURAL,IRRIGATION,PM Krishi Sinchayee Yojana,5265.92,2026-27
KA_BENGALURU_RURAL,TRANSPORT,State Rural Transport Connect,4655.92,2026-27
KA_MYSURU,WATER_SUPPLY,Jal Jeevan Mission,1770.51,2026-27
KA_MYSURU,SANITATION,Swachh Bharat Mission (Grameen),4240.51,2026-27
KA_MYSURU,ROADS,PM Gram Sadak Yojana,3690.51,2026-27
KA_MYSURU,ELECTRICITY,Revamped Distribution Sector Scheme,1520.51,2026-27
KA_MYSURU,HEALTH,PM Ayushman Bharat Health Infra,4150.51,2026-27
KA_MYSURU,EDUCATION,Samagra Shiksha Abhiyan,5660.51,2026-27
KA_MYSURU,DIGITAL,BharatNet Broadband Infra,5360.51,2026-27
KA_MYSURU,HOUSING,PM Awas Yojana,2870.51,2026-27
KA_MYSURU,IRRIGATION,PM Krishi Sinchayee Yojana,2760.51,2026-27
KA_MYSURU,TRANSPORT,State Rural Transport Connect,2280.51,2026-27
KA_DAKSHINA_KANNADA,WATER_SUPPLY,Jal Jeevan Mission,5630.34,2026-27
KA_DAKSHINA_KANNADA,SANITATION,Swachh Bharat Mission (Grameen),2410.34,2026-27
KA_DAKSHINA_KANNADA,ROADS,PM Gram Sadak Yojana,5240.34,2026-27
KA_DAKSHINA_KANNADA,ELECTRICITY,Revamped Distribution Sector Scheme,2830.34,2026-27
KA_DAKSHINA_KANNADA,HEALTH,PM Ayushman Bharat Health Infra,3170.34,2026-27
KA_DAKSHINA_KANNADA,EDUCATION,Samagra Shiksha Abhiyan,5290.34,2026-27
KA_DAKSHINA_KANNADA,DIGITAL,BharatNet Broadband Infra,2120.34,2026-27
KA_DAKSHINA_KANNADA,HOUSING,PM Awas Yojana,1150.34,2026-27
KA_DAKSHINA_KANNADA,IRRIGATION,PM Krishi Sinchayee Yojana,2960.34,2026-27
KA_DAKSHINA_KANNADA,TRANSPORT,State Rural Transport Connect,5450.34,2026-27
KA_BELAGAVI,WATER_SUPPLY,Jal Jeevan Mission,6810.85,2026-27
KA_BELAGAVI,SANITATION,Swachh Bharat Mission (Grameen),5020.85,2026-27
KA_BELAGAVI,ROADS,PM Gram Sadak Yojana,5200.85,2026-27
KA_BELAGAVI,ELECTRICITY,Revamped Distribution Sector Scheme,4210.85,2026-27
KA_BELAGAVI,HEALTH,PM Ayushman Bharat Health Infra,3660.85,2026-27
KA_BELAGAVI,EDUCATION,Samagra Shiksha Abhiyan,2450.85,2026-27
KA_BELAGAVI,DIGITAL,BharatNet Broadband Infra,5950.85,2026-27
KA_BELAGAVI,HOUSING,PM Awas Yojana,3730.85,2026-27
KA_BELAGAVI,IRRIGATION,PM Krishi Sinchayee Yojana,5760.85,2026-27
KA_BELAGAVI,TRANSPORT,State Rural Transport Connect,4770.85,2026-27
KA_DHARWAD,WATER_SUPPLY,Jal Jeevan Mission,4451.16,2026-27
KA_DHARWAD,SANITATION,Swachh Bharat Mission (Grameen),5511.16,2026-27
KA_DHARWAD,ROADS,PM Gram Sadak Yojana,3871.16,2026-27
KA_DHARWAD,ELECTRICITY,Revamped Distribution Sector Scheme,1111.16,2026-27
KA_DHARWAD,HEALTH,PM Ayushman Bharat Health Infra,2391.16,2026-27
KA_DHARWAD,EDUCATION,Samagra Shiksha Abhiyan,3671.16,2026-27
KA_DHARWAD,DIGITAL,BharatNet Broadband Infra,4731.16,2026-27
KA_DHARWAD,HOUSING,PM Awas Yojana,4841.16,2026-27
KA_DHARWAD,IRRIGATION,PM Krishi Sinchayee Yojana,2041.16,2026-27
KA_DHARWAD,TRANSPORT,State Rural Transport Connect,1391.16,2026-27
KA_KALABURAGI,WATER_SUPPLY,Jal Jeevan Mission,6064.85,2026-27
KA_KALABURAGI,SANITATION,Swachh Bharat Mission (Grameen),4324.85,2026-27
KA_KALABURAGI,ROADS,PM Gram Sadak Yojana,2994.85,2026-27
KA_KALABURAGI,ELECTRICITY,Revamped Distribution Sector Scheme,5344.85,2026-27
KA_KALABURAGI,HEALTH,PM Ayushman Bharat Health Infra,3784.85,2026-27
KA_KALABURAGI,EDUCATION,Samagra Shiksha Abhiyan,5254.85,2026-27
KA_KALABURAGI,DIGITAL,BharatNet Broadband Infra,1364.85,2026-27
KA_KALABURAGI,HOUSING,PM Awas Yojana,4834.85,2026-27
KA_KALABURAGI,IRRIGATION,PM Krishi Sinchayee Yojana,5454.85,2026-27
KA_KALABURAGI,TRANSPORT,State Rural Transport Connect,4574.85,2026-27
KA_BALLARI,WATER_SUPPLY,Jal Jeevan Mission,4830.44,2026-27
KA_BALLARI,SANITATION,Swachh Bharat Mission (Grameen),1220.44,2026-27
KA_BALLARI,ROADS,PM Gram Sadak Yojana,3800.44,2026-27
KA_BALLARI,ELECTRICITY,Revamped Distribution Sector Scheme,2400.44,2026-27
KA_BALLARI,HEALTH,PM Ayushman Bharat Health Infra,2950.44,2026-27
KA_BALLARI,EDUCATION,Samagra Shiksha Abhiyan,4490.44,2026-27
KA_BALLARI,DIGITAL,BharatNet Broadband Infra,4810.44,2026-27
KA_BALLARI,HOUSING,PM Awas Yojana,4470.44,2026-27
KA_BALLARI,IRRIGATION,PM Krishi Sinchayee Yojana,4100.44,2026-27
KA_BALLARI,TRANSPORT,State Rural Transport Connect,920.44,2026-27
KA_SHIVAMOGGA,WATER_SUPPLY,Jal Jeevan Mission,2968.74,2026-27
KA_SHIVAMOGGA,SANITATION,Swachh Bharat Mission (Grameen),2228.74,2026-27
KA_SHIVAMOGGA,ROADS,PM Gram Sadak Yojana,828.74,2026-27
KA_SHIVAMOGGA,ELECTRICITY,Revamped Distribution Sector Scheme,3228.74,2026-27
KA_SHIVAMOGGA,HEALTH,PM Ayushman Bharat Health Infra,5028.74,2026-27
KA_SHIVAMOGGA,EDUCATION,Samagra Shiksha Abhiyan,5038.74,2026-27
KA_SHIVAMOGGA,DIGITAL,BharatNet Broadband Infra,4828.74,2026-27
KA_SHIVAMOGGA,HOUSING,PM Awas Yojana,2828.74,2026-27
KA_SHIVAMOGGA,IRRIGATION,PM Krishi Sinchayee Yojana,1298.74,2026-27
KA_SHIVAMOGGA,TRANSPORT,State Rural Transport Connect,3848.74,2026-27
KA_TUMAKURU,WATER_SUPPLY,Jal Jeevan Mission,4974.19,2026-27
KA_TUMAKURU,SANITATION,Swachh Bharat Mission (Grameen),3644.19,2026-27
KA_TUMAKURU,ROADS,PM Gram Sadak Yojana,4214.19,2026-27
KA_TUMAKURU,ELECTRICITY,Revamped Distribution Sector Scheme,6104.19,2026-27
KA_TUMAKURU,HEALTH,PM Ayushman Bharat Health Infra,3004.19,2026-27
KA_TUMAKURU,EDUCATION,Samagra Shiksha Abhiyan,2734.19,2026-27
KA_TUMAKURU,DIGITAL,BharatNet Broadband Infra,4484.19,2026-27
KA_TUMAKURU,HOUSING,PM Awas Yojana,1364.19,2026-27
KA_TUMAKURU,IRRIGATION,PM Krishi Sinchayee Yojana,2214.19,2026-27
KA_TUMAKURU,TRANSPORT,State Rural Transport Connect,6054.19,2026-27
KA_UDUPI,WATER_SUPPLY,Jal Jeevan Mission,4439.81,2026-27
KA_UDUPI,SANITATION,Swachh Bharat Mission (Grameen),4819.81,2026-27
KA_UDUPI,ROADS,PM Gram Sadak Yojana,5219.81,2026-27
KA_UDUPI,ELECTRICITY,Revamped Distribution Sector Scheme,5069.81,2026-27
KA_UDUPI,HEALTH,PM Ayushman Bharat Health Infra,3719.81,2026-27
KA_UDUPI,EDUCATION,Samagra Shiksha Abhiyan,4559.81,2026-27
KA_UDUPI,DIGITAL,BharatNet Broadband Infra,1759.81,2026-27
KA_UDUPI,HOUSING,PM Awas Yojana,5449.81,2026-27
KA_UDUPI,IRRIGATION,PM Krishi Sinchayee Yojana,1139.81,2026-27
KA_UDUPI,TRANSPORT,State Rural Transport Connect,4009.81,2026-27
KA_HASSAN,WATER_SUPPLY,Jal Jeevan Mission,5469.39,2026-27
KA_HASSAN,SANITATION,Swachh Bharat Mission (Grameen),5709.39,2026-27
KA_HASSAN,ROADS,PM Gram Sadak Yojana,1859.39,2026-27
KA_HASSAN,ELECTRICITY,Revamped Distribution Sector Scheme,4169.39,2026-27
KA_HASSAN,HEALTH,PM Ayushman Bharat Health Infra,5359.39,2026-27
KA_HASSAN,EDUCATION,Samagra Shiksha Abhiyan,989.39,2026-27
KA_HASSAN,DIGITAL,BharatNet Broadband Infra,869.39,2026-27
KA_HASSAN,HOUSING,PM Awas Yojana,1589.39,2026-27
KA_HASSAN,IRRIGATION,PM Krishi Sinchayee Yojana,1959.39,2026-27
KA_HASSAN,TRANSPORT,State Rural Transport Connect,849.39,2026-27
KA_DAVANAGERE,WATER_SUPPLY,Jal Jeevan Mission,3899.57,2026-27
KA_DAVANAGERE,SANITATION,Swachh Bharat Mission (Grameen),5319.57,2026-27
KA_DAVANAGERE,ROADS,PM Gram Sadak Yojana,2259.57,2026-27
KA_DAVANAGERE,ELECTRICITY,Revamped Distribution Sector Scheme,3309.57,2026-27
KA_DAVANAGERE,HEALTH,PM Ayushman Bharat Health Infra,1159.57,2026-27
KA_DAVANAGERE,EDUCATION,Samagra Shiksha Abhiyan,4659.57,2026-27
KA_DAVANAGERE,DIGITAL,BharatNet Broadband Infra,2699.57,2026-27
KA_DAVANAGERE,HOUSING,PM Awas Yojana,2309.57,2026-27
KA_DAVANAGERE,IRRIGATION,PM Krishi Sinchayee Yojana,1359.57,2026-27
KA_DAVANAGERE,TRANSPORT,State Rural Transport Connect,4749.57,2026-27
KA_MANDYA,WATER_SUPPLY,Jal Jeevan Mission,2872.6,2026-27
KA_MANDYA,SANITATION,Swachh Bharat Mission (Grameen),1342.6,2026-27
KA_MANDYA,ROADS,PM Gram Sadak Yojana,1402.6,2026-27
KA_MANDYA,ELECTRICITY,Revamped Distribution Sector Scheme,4352.6,2026-27
KA_MANDYA,HEALTH,PM Ayushman Bharat Health Infra,1122.6,2026-27
KA_MANDYA,EDUCATION,Samagra Shiksha Abhiyan,5512.6,2026-27
KA_MANDYA,DIGITAL,BharatNet Broadband Infra,1252.6,2026-27
KA_MANDYA,HOUSING,PM Awas Yojana,1942.6,2026-27
KA_MANDYA,IRRIGATION,PM Krishi Sinchayee Yojana,5312.6,2026-27
KA_MANDYA,TRANSPORT,State Rural Transport Connect,3332.6,2026-27
KA_VIJAYAPURA,WATER_SUPPLY,Jal Jeevan Mission,4669.8,2026-27
KA_VIJAYAPURA,SANITATION,Swachh Bharat Mission (Grameen),4079.8,2026-27
KA_VIJAYAPURA,ROADS,PM Gram Sadak Yojana,3709.8,2026-27
KA_VIJAYAPURA,ELECTRICITY,Revamped Distribution Sector Scheme,1029.8,2026-27
KA_VIJAYAPURA,HEALTH,PM Ayushman Bharat Health Infra,1289.8,2026-27
KA_VIJAYAPURA,EDUCATION,Samagra Shiksha Abhiyan,4449.8,2026-27
KA_VIJAYAPURA,DIGITAL,BharatNet Broadband Infra,3739.8,2026-27
KA_VIJAYAPURA,HOUSING,PM Awas Yojana,1659.8,2026-27
KA_VIJAYAPURA,IRRIGATION,PM Krishi Sinchayee Yojana,4049.8,2026-27
KA_VIJAYAPURA,TRANSPORT,State Rural Transport Connect,2799.8,2026-27
KA_BAGALKOT,WATER_SUPPLY,Jal Jeevan Mission,2900.3,2026-27
KA_BAGALKOT,SANITATION,Swachh Bharat Mission (Grameen),2020.3,2026-27
KA_BAGALKOT,ROADS,PM Gram Sadak Yojana,4190.3,2026-27
KA_BAGALKOT,ELECTRICITY,Revamped Distribution Sector Scheme,4470.3,2026-27
KA_BAGALKOT,HEALTH,PM Ayushman Bharat Health Infra,890.3,2026-27
KA_BAGALKOT,EDUCATION,Samagra Shiksha Abhiyan,1770.3,2026-27
KA_BAGALKOT,DIGITAL,BharatNet Broadband Infra,3960.3,2026-27
KA_BAGALKOT,HOUSING,PM Awas Yojana,4140.3,2026-27
KA_BAGALKOT,IRRIGATION,PM Krishi Sinchayee Yojana,2340.3,2026-27
KA_BAGALKOT,TRANSPORT,State Rural Transport Connect,2300.3,2026-27
KA_BIDAR,WATER_SUPPLY,Jal Jeevan Mission,2366.49,2026-27
KA_BIDAR,SANITATION,Swachh Bharat Mission (Grameen),1896.49,2026-27
KA_BIDAR,ROADS,PM Gram Sadak Yojana,5406.48,2026-27
KA_BIDAR,ELECTRICITY,Revamped Distribution Sector Scheme,1116.49,2026-27
KA_BIDAR,HEALTH,PM Ayushman Bharat Health Infra,1086.49,2026-27
KA_BIDAR,EDUCATION,Samagra Shiksha Abhiyan,3346.49,2026-27
KA_BIDAR,DIGITAL,BharatNet Broadband Infra,986.49,2026-27
KA_BIDAR,HOUSING,PM Awas Yojana,1046.49,2026-27
KA_BIDAR,IRRIGATION,PM Krishi Sinchayee Yojana,1146.49,2026-27
KA_BIDAR,TRANSPORT,State Rural Transport Connect,5176.48,2026-27
KA_RAICHUR,WATER_SUPPLY,Jal Jeevan Mission,3367.97,2026-27
KA_RAICHUR,SANITATION,Swachh Bharat Mission (Grameen),3207.97,2026-27
KA_RAICHUR,ROADS,PM Gram Sadak Yojana,5617.97,2026-27
KA_RAICHUR,ELECTRICITY,Revamped Distribution Sector Scheme,1887.97,2026-27
KA_RAICHUR,HEALTH,PM Ayushman Bharat Health Infra,5147.97,2026-27
KA_RAICHUR,EDUCATION,Samagra Shiksha Abhiyan,2607.97,2026-27
KA_RAICHUR,DIGITAL,BharatNet Broadband Infra,4497.97,2026-27
KA_RAICHUR,HOUSING,PM Awas Yojana,3147.97,2026-27
KA_RAICHUR,IRRIGATION,PM Krishi Sinchayee Yojana,3967.97,2026-27
KA_RAICHUR,TRANSPORT,State Rural Transport Connect,1017.97,2026-27
KA_KOPPAL,WATER_SUPPLY,Jal Jeevan Mission,2615.46,2026-27
KA_KOPPAL,SANITATION,Swachh Bharat Mission (Grameen),3915.46,2026-27
KA_KOPPAL,ROADS,PM Gram Sadak Yojana,3145.46,2026-27
KA_KOPPAL,ELECTRICITY,Revamped Distribution Sector Scheme,1835.46,2026-27
KA_KOPPAL,HEALTH,PM Ayushman Bharat Health Infra,4405.46,2026-27
KA_KOPPAL,EDUCATION,Samagra Shiksha Abhiyan,1345.46,2026-27
KA_KOPPAL,DIGITAL,BharatNet Broadband Infra,5585.46,2026-27
KA_KOPPAL,HOUSING,PM Awas Yojana,2855.46,2026-27
KA_KOPPAL,IRRIGATION,PM Krishi Sinchayee Yojana,1975.46,2026-27
KA_KOPPAL,TRANSPORT,State Rural Transport Connect,795.46,2026-27
KA_YADGIR,WATER_SUPPLY,Jal Jeevan Mission,4428.42,2026-27
KA_YADGIR,SANITATION,Swachh Bharat Mission (Grameen),1808.42,2026-27
KA_YADGIR,ROADS,PM Gram Sadak Yojana,788.42,2026-27
KA_YADGIR,ELECTRICITY,Revamped Distribution Sector Scheme,728.42,2026-27
KA_YADGIR,HEALTH,PM Ayushman Bharat Health Infra,5448.42,2026-27
KA_YADGIR,EDUCATION,Samagra Shiksha Abhiyan,4538.42,2026-27
KA_YADGIR,DIGITAL,BharatNet Broadband Infra,1178.42,2026-27
KA_YADGIR,HOUSING,PM Awas Yojana,1708.42,2026-27
KA_YADGIR,IRRIGATION,PM Krishi Sinchayee Yojana,948.42,2026-27
KA_YADGIR,TRANSPORT,State Rural Transport Connect,5228.42,2026-27
KA_UTTARA_KANNADA,WATER_SUPPLY,Jal Jeevan Mission,3626.73,2026-27
KA_UTTARA_KANNADA,SANITATION,Swachh Bharat Mission (Grameen),2156.73,2026-27
KA_UTTARA_KANNADA,ROADS,PM Gram Sadak Yojana,5486.73,2026-27
KA_UTTARA_KANNADA,ELECTRICITY,Revamped Distribution Sector Scheme,2096.73,2026-27
KA_UTTARA_KANNADA,HEALTH,PM Ayushman Bharat Health Infra,3786.73,2026-27
KA_UTTARA_KANNADA,EDUCATION,Samagra Shiksha Abhiyan,5026.73,2026-27
KA_UTTARA_KANNADA,DIGITAL,BharatNet Broadband Infra,1066.73,2026-27
KA_UTTARA_KANNADA,HOUSING,PM Awas Yojana,5406.73,2026-27
KA_UTTARA_KANNADA,IRRIGATION,PM Krishi Sinchayee Yojana,1146.73,2026-27
KA_UTTARA_KANNADA,TRANSPORT,State Rural Transport Connect,646.73,2026-27
KA_CHITRADURGA,WATER_SUPPLY,Jal Jeevan Mission,1056.76,2026-27
KA_CHITRADURGA,SANITATION,Swachh Bharat Mission (Grameen),3896.76,2026-27
KA_CHITRADURGA,ROADS,PM Gram Sadak Yojana,2816.76,2026-27
KA_CHITRADURGA,ELECTRICITY,Revamped Distribution Sector Scheme,2496.76,2026-27
KA_CHITRADURGA,HEALTH,PM Ayushman Bharat Health Infra,4716.76,2026-27
KA_CHITRADURGA,EDUCATION,Samagra Shiksha Abhiyan,2156.76,2026-27
KA_CHITRADURGA,DIGITAL,BharatNet Broadband Infra,4626.76,2026-27
KA_CHITRADURGA,HOUSING,PM Awas Yojana,3116.76,2026-27
KA_CHITRADURGA,IRRIGATION,PM Krishi Sinchayee Yojana,1306.76,2026-27
KA_CHITRADURGA,TRANSPORT,State Rural Transport Connect,3046.76,2026-27
KA_KOLAR,WATER_SUPPLY,Jal Jeevan Mission,5661.38,2026-27
KA_KOLAR,SANITATION,Swachh Bharat Mission (Grameen),4421.38,2026-27
KA_KOLAR,ROADS,PM Gram Sadak Yojana,5051.38,2026-27
KA_KOLAR,ELECTRICITY,Revamped Distribution Sector Scheme,2721.38,2026-27
KA_KOLAR,HEALTH,PM Ayushman Bharat Health Infra,3581.38,2026-27
KA_KOLAR,EDUCATION,Samagra Shiksha Abhiyan,931.38,2026-27
KA_KOLAR,DIGITAL,BharatNet Broadband Infra,3921.38,2026-27
KA_KOLAR,HOUSING,PM Awas Yojana,5481.38,2026-27
KA_KOLAR,IRRIGATION,PM Krishi Sinchayee Yojana,5121.38,2026-27
KA_KOLAR,TRANSPORT,State Rural Transport Connect,2041.38,2026-27
KA_RAMANAGARA,WATER_SUPPLY,Jal Jeevan Mission,3557.19,2026-27
KA_RAMANAGARA,SANITATION,Swachh Bharat Mission (Grameen),4757.19,2026-27
KA_RAMANAGARA,ROADS,PM Gram Sadak Yojana,787.19,2026-27
KA_RAMANAGARA,ELECTRICITY,Revamped Distribution Sector Scheme,5027.19,2026-27
KA_RAMANAGARA,HEALTH,PM Ayushman Bharat Health Infra,2977.19,2026-27
KA_RAMANAGARA,EDUCATION,Samagra Shiksha Abhiyan,4947.19,2026-27
KA_RAMANAGARA,DIGITAL,BharatNet Broadband Infra,5007.19,2026-27
KA_RAMANAGARA,HOUSING,PM Awas Yojana,4577.19,2026-27
KA_RAMANAGARA,IRRIGATION,PM Krishi Sinchayee Yojana,3157.19,2026-27
KA_RAMANAGARA,TRANSPORT,State Rural Transport Connect,4377.19,2026-27
KA_CHIKKAMAGALURU,WATER_SUPPLY,Jal Jeevan Mission,1712.08,2026-27
KA_CHIKKAMAGALURU,SANITATION,Swachh Bharat Mission (Grameen),1622.08,2026-27
KA_CHIKKAMAGALURU,ROADS,PM Gram Sadak Yojana,732.08,2026-27
KA_CHIKKAMAGALURU,ELECTRICITY,Revamped Distribution Sector Scheme,4122.08,2026-27
KA_CHIKKAMAGALURU,HEALTH,PM Ayushman Bharat Health Infra,5162.08,2026-27
KA_CHIKKAMAGALURU,EDUCATION,Samagra Shiksha Abhiyan,3592.08,2026-27
KA_CHIKKAMAGALURU,DIGITAL,BharatNet Broadband Infra,5372.08,2026-27
KA_CHIKKAMAGALURU,HOUSING,PM Awas Yojana,5472.08,2026-27
KA_CHIKKAMAGALURU,IRRIGATION,PM Krishi Sinchayee Yojana,1512.08,2026-27
KA_CHIKKAMAGALURU,TRANSPORT,State Rural Transport Connect,1292.08,2026-27
KA_KODAGU,WATER_SUPPLY,Jal Jeevan Mission,3589.53,2026-27
KA_KODAGU,SANITATION,Swachh Bharat Mission (Grameen),839.53,2026-27
KA_KODAGU,ROADS,PM Gram Sadak Yojana,1909.53,2026-27
KA_KODAGU,ELECTRICITY,Revamped Distribution Sector Scheme,2189.53,2026-27
KA_KODAGU,HEALTH,PM Ayushman Bharat Health Infra,4869.53,2026-27
KA_KODAGU,EDUCATION,Samagra Shiksha Abhiyan,4169.53,2026-27
KA_KODAGU,DIGITAL,BharatNet Broadband Infra,2959.53,2026-27
KA_KODAGU,HOUSING,PM Awas Yojana,1709.53,2026-27
KA_KODAGU,IRRIGATION,PM Krishi Sinchayee Yojana,3009.53,2026-27
KA_KODAGU,TRANSPORT,State Rural Transport Connect,3669.53,2026-27
KL_ERNAKULAM,WATER_SUPPLY,Jal Jeevan Mission,3637.07,2026-27
KL_ERNAKULAM,SANITATION,Swachh Bharat Mission (Grameen),5667.07,2026-27
KL_ERNAKULAM,ROADS,PM Gram Sadak Yojana,3767.07,2026-27
KL_ERNAKULAM,ELECTRICITY,Revamped Distribution Sector Scheme,5807.07,2026-27
KL_ERNAKULAM,HEALTH,PM Ayushman Bharat Health Infra,3307.07,2026-27
KL_ERNAKULAM,EDUCATION,Samagra Shiksha Abhiyan,2797.07,2026-27
KL_ERNAKULAM,DIGITAL,BharatNet Broadband Infra,4347.07,2026-27
KL_ERNAKULAM,HOUSING,PM Awas Yojana,1947.07,2026-27
KL_ERNAKULAM,IRRIGATION,PM Krishi Sinchayee Yojana,3207.07,2026-27
KL_ERNAKULAM,TRANSPORT,State Rural Transport Connect,3067.07,2026-27
KL_THIRUVANANTHAPURAM,WATER_SUPPLY,Jal Jeevan Mission,1565.64,2026-27
KL_THIRUVANANTHAPURAM,SANITATION,Swachh Bharat Mission (Grameen),2235.64,2026-27
KL_THIRUVANANTHAPURAM,ROADS,PM Gram Sadak Yojana,4765.64,2026-27
KL_THIRUVANANTHAPURAM,ELECTRICITY,Revamped Distribution Sector Scheme,2725.64,2026-27
KL_THIRUVANANTHAPURAM,HEALTH,PM Ayushman Bharat Health Infra,3685.64,2026-27
KL_THIRUVANANTHAPURAM,EDUCATION,Samagra Shiksha Abhiyan,3395.64,2026-27
KL_THIRUVANANTHAPURAM,DIGITAL,BharatNet Broadband Infra,5295.64,2026-27
KL_THIRUVANANTHAPURAM,HOUSING,PM Awas Yojana,2415.64,2026-27
KL_THIRUVANANTHAPURAM,IRRIGATION,PM Krishi Sinchayee Yojana,4775.64,2026-27
KL_THIRUVANANTHAPURAM,TRANSPORT,State Rural Transport Connect,5655.64,2026-27
KL_KOZHIKODE,WATER_SUPPLY,Jal Jeevan Mission,3288.83,2026-27
KL_KOZHIKODE,SANITATION,Swachh Bharat Mission (Grameen),5288.83,2026-27
KL_KOZHIKODE,ROADS,PM Gram Sadak Yojana,6038.83,2026-27
KL_KOZHIKODE,ELECTRICITY,Revamped Distribution Sector Scheme,4838.83,2026-27
KL_KOZHIKODE,HEALTH,PM Ayushman Bharat Health Infra,3818.83,2026-27
KL_KOZHIKODE,EDUCATION,Samagra Shiksha Abhiyan,1488.83,2026-27
KL_KOZHIKODE,DIGITAL,BharatNet Broadband Infra,2978.83,2026-27
KL_KOZHIKODE,HOUSING,PM Awas Yojana,2738.83,2026-27
KL_KOZHIKODE,IRRIGATION,PM Krishi Sinchayee Yojana,1538.83,2026-27
KL_KOZHIKODE,TRANSPORT,State Rural Transport Connect,3128.83,2026-27
KL_THRISSUR,WATER_SUPPLY,Jal Jeevan Mission,2934.54,2026-27
KL_THRISSUR,SANITATION,Swachh Bharat Mission (Grameen),3134.54,2026-27
KL_THRISSUR,ROADS,PM Gram Sadak Yojana,4094.54,2026-27
KL_THRISSUR,ELECTRICITY,Revamped Distribution Sector Scheme,4734.54,2026-27
KL_THRISSUR,HEALTH,PM Ayushman Bharat Health Infra,6384.54,2026-27
KL_THRISSUR,EDUCATION,Samagra Shiksha Abhiyan,3634.54,2026-27
KL_THRISSUR,DIGITAL,BharatNet Broadband Infra,2674.54,2026-27
KL_THRISSUR,HOUSING,PM Awas Yojana,4524.54,2026-27
KL_THRISSUR,IRRIGATION,PM Krishi Sinchayee Yojana,3984.54,2026-27
KL_THRISSUR,TRANSPORT,State Rural Transport Connect,2974.54,2026-27
KL_KOLLAM,WATER_SUPPLY,Jal Jeevan Mission,3755.92,2026-27
KL_KOLLAM,SANITATION,Swachh Bharat Mission (Grameen),4325.92,2026-27
KL_KOLLAM,ROADS,PM Gram Sadak Yojana,6115.92,2026-27
KL_KOLLAM,ELECTRICITY,Revamped Distribution Sector Scheme,3085.92,2026-27
KL_KOLLAM,HEALTH,PM Ayushman Bharat Health Infra,1745.92,2026-27
KL_KOLLAM,EDUCATION,Samagra Shiksha Abhiyan,2755.92,2026-27
KL_KOLLAM,DIGITAL,BharatNet Broadband Infra,2565.92,2026-27
KL_KOLLAM,HOUSING,PM Awas Yojana,2365.92,2026-27
KL_KOLLAM,IRRIGATION,PM Krishi Sinchayee Yojana,2145.92,2026-27
KL_KOLLAM,TRANSPORT,State Rural Transport Connect,4945.92,2026-27
KL_KANNUR,WATER_SUPPLY,Jal Jeevan Mission,5285.35,2026-27
KL_KANNUR,SANITATION,Swachh Bharat Mission (Grameen),1515.35,2026-27
KL_KANNUR,ROADS,PM Gram Sadak Yojana,2565.35,2026-27
KL_KANNUR,ELECTRICITY,Revamped Distribution Sector Scheme,4625.35,2026-27
KL_KANNUR,HEALTH,PM Ayushman Bharat Health Infra,2645.35,2026-27
KL_KANNUR,EDUCATION,Samagra Shiksha Abhiyan,3815.35,2026-27
KL_KANNUR,DIGITAL,BharatNet Broadband Infra,5895.35,2026-27
KL_KANNUR,HOUSING,PM Awas Yojana,1775.35,2026-27
KL_KANNUR,IRRIGATION,PM Krishi Sinchayee Yojana,2365.35,2026-27
KL_KANNUR,TRANSPORT,State Rural Transport Connect,4505.35,2026-27
KL_ALAPPUZHA,WATER_SUPPLY,Jal Jeevan Mission,4197.51,2026-27
KL_ALAPPUZHA,SANITATION,Swachh Bharat Mission (Grameen),4147.51,2026-27
KL_ALAPPUZHA,ROADS,PM Gram Sadak Yojana,2367.51,2026-27
KL_ALAPPUZHA,ELECTRICITY,Revamped Distribution Sector Scheme,3477.51,2026-27
KL_ALAPPUZHA,HEALTH,PM Ayushman Bharat Health Infra,2547.51,2026-27
KL_ALAPPUZHA,EDUCATION,Samagra Shiksha Abhiyan,4807.51,2026-27
KL_ALAPPUZHA,DIGITAL,BharatNet Broadband Infra,1627.51,2026-27
KL_ALAPPUZHA,HOUSING,PM Awas Yojana,4527.51,2026-27
KL_ALAPPUZHA,IRRIGATION,PM Krishi Sinchayee Yojana,5807.51,2026-27
KL_ALAPPUZHA,TRANSPORT,State Rural Transport Connect,3087.51,2026-27
KL_KOTTAYAM,WATER_SUPPLY,Jal Jeevan Mission,4298.55,2026-27
KL_KOTTAYAM,SANITATION,Swachh Bharat Mission (Grameen),5208.55,2026-27
KL_KOTTAYAM,ROADS,PM Gram Sadak Yojana,3188.55,2026-27
KL_KOTTAYAM,ELECTRICITY,Revamped Distribution Sector Scheme,1398.55,2026-27
KL_KOTTAYAM,HEALTH,PM Ayushman Bharat Health Infra,3708.55,2026-27
KL_KOTTAYAM,EDUCATION,Samagra Shiksha Abhiyan,4998.55,2026-27
KL_KOTTAYAM,DIGITAL,BharatNet Broadband Infra,4628.55,2026-27
KL_KOTTAYAM,HOUSING,PM Awas Yojana,5388.55,2026-27
KL_KOTTAYAM,IRRIGATION,PM Krishi Sinchayee Yojana,2998.55,2026-27
KL_KOTTAYAM,TRANSPORT,State Rural Transport Connect,1428.55,2026-27
KL_MALAPPURAM,WATER_SUPPLY,Jal Jeevan Mission,4520.81,2026-27
KL_MALAPPURAM,SANITATION,Swachh Bharat Mission (Grameen),2450.81,2026-27
KL_MALAPPURAM,ROADS,PM Gram Sadak Yojana,4910.81,2026-27
KL_MALAPPURAM,ELECTRICITY,Revamped Distribution Sector Scheme,1940.81,2026-27
KL_MALAPPURAM,HEALTH,PM Ayushman Bharat Health Infra,2840.81,2026-27
KL_MALAPPURAM,EDUCATION,Samagra Shiksha Abhiyan,3800.81,2026-27
KL_MALAPPURAM,DIGITAL,BharatNet Broadband Infra,2620.81,2026-27
KL_MALAPPURAM,HOUSING,PM Awas Yojana,4430.81,2026-27
KL_MALAPPURAM,IRRIGATION,PM Krishi Sinchayee Yojana,3710.81,2026-27
KL_MALAPPURAM,TRANSPORT,State Rural Transport Connect,5060.81,2026-27
KL_PALAKKAD,WATER_SUPPLY,Jal Jeevan Mission,2344.47,2026-27
KL_PALAKKAD,SANITATION,Swachh Bharat Mission (Grameen),3184.47,2026-27
KL_PALAKKAD,ROADS,PM Gram Sadak Yojana,4384.47,2026-27
KL_PALAKKAD,ELECTRICITY,Revamped Distribution Sector Scheme,4394.47,2026-27
KL_PALAKKAD,HEALTH,PM Ayushman Bharat Health Infra,3314.47,2026-27
KL_PALAKKAD,EDUCATION,Samagra Shiksha Abhiyan,2514.47,2026-27
KL_PALAKKAD,DIGITAL,BharatNet Broadband Infra,3884.47,2026-27
KL_PALAKKAD,HOUSING,PM Awas Yojana,5354.47,2026-27
KL_PALAKKAD,IRRIGATION,PM Krishi Sinchayee Yojana,2714.47,2026-27
KL_PALAKKAD,TRANSPORT,State Rural Transport Connect,2924.47,2026-27
KL_WAYANAD,WATER_SUPPLY,Jal Jeevan Mission,4757.84,2026-27
KL_WAYANAD,SANITATION,Swachh Bharat Mission (Grameen),4647.84,2026-27
KL_WAYANAD,ROADS,PM Gram Sadak Yojana,5337.84,2026-27
KL_WAYANAD,ELECTRICITY,Revamped Distribution Sector Scheme,2707.84,2026-27
KL_WAYANAD,HEALTH,PM Ayushman Bharat Health Infra,1837.84,2026-27
KL_WAYANAD,EDUCATION,Samagra Shiksha Abhiyan,2137.84,2026-27
KL_WAYANAD,DIGITAL,BharatNet Broadband Infra,5047.84,2026-27
KL_WAYANAD,HOUSING,PM Awas Yojana,2727.84,2026-27
KL_WAYANAD,IRRIGATION,PM Krishi Sinchayee Yojana,1117.84,2026-27
KL_WAYANAD,TRANSPORT,State Rural Transport Connect,647.84,2026-27
KL_KASARAGOD,WATER_SUPPLY,Jal Jeevan Mission,5418.32,2026-27
KL_KASARAGOD,SANITATION,Swachh Bharat Mission (Grameen),3818.32,2026-27
KL_KASARAGOD,ROADS,PM Gram Sadak Yojana,1688.32,2026-27
KL_KASARAGOD,ELECTRICITY,Revamped Distribution Sector Scheme,1668.32,2026-27
KL_KASARAGOD,HEALTH,PM Ayushman Bharat Health Infra,968.32,2026-27
KL_KASARAGOD,EDUCATION,Samagra Shiksha Abhiyan,5308.32,2026-27
KL_KASARAGOD,DIGITAL,BharatNet Broadband Infra,1498.32,2026-27
KL_KASARAGOD,HOUSING,PM Awas Yojana,4478.32,2026-27
KL_KASARAGOD,IRRIGATION,PM Krishi Sinchayee Yojana,4808.32,2026-27
KL_KASARAGOD,TRANSPORT,State Rural Transport Connect,2518.32,2026-27
KL_PATHANAMTHITTA,WATER_SUPPLY,Jal Jeevan Mission,1328.84,2026-27
KL_PATHANAMTHITTA,SANITATION,Swachh Bharat Mission (Grameen),1058.84,2026-27
KL_PATHANAMTHITTA,ROADS,PM Gram Sadak Yojana,1948.84,2026-27
KL_PATHANAMTHITTA,ELECTRICITY,Revamped Distribution Sector Scheme,3928.84,2026-27
KL_PATHANAMTHITTA,HEALTH,PM Ayushman Bharat Health Infra,2028.84,2026-27
KL_PATHANAMTHITTA,EDUCATION,Samagra Shiksha Abhiyan,598.84,2026-27
KL_PATHANAMTHITTA,DIGITAL,BharatNet Broadband Infra,1798.84,2026-27
KL_PATHANAMTHITTA,HOUSING,PM Awas Yojana,4118.84,2026-27
KL_PATHANAMTHITTA,IRRIGATION,PM Krishi Sinchayee Yojana,588.84,2026-27
KL_PATHANAMTHITTA,TRANSPORT,State Rural Transport Connect,4368.84,2026-27
KL_IDUKKI,WATER_SUPPLY,Jal Jeevan Mission,2489.04,2026-27
KL_IDUKKI,SANITATION,Swachh Bharat Mission (Grameen),2039.04,2026-27
KL_IDUKKI,ROADS,PM Gram Sadak Yojana,1319.04,2026-27
KL_IDUKKI,ELECTRICITY,Revamped Distribution Sector Scheme,3769.04,2026-27
KL_IDUKKI,HEALTH,PM Ayushman Bharat Health Infra,919.04,2026-27
KL_IDUKKI,EDUCATION,Samagra Shiksha Abhiyan,2479.04,2026-27
KL_IDUKKI,DIGITAL,BharatNet Broadband Infra,4889.04,2026-27
KL_IDUKKI,HOUSING,PM Awas Yojana,2509.04,2026-27
KL_IDUKKI,IRRIGATION,PM Krishi Sinchayee Yojana,4559.04,2026-27
KL_IDUKKI,TRANSPORT,State Rural Transport Connect,2479.04,2026-27
MH_MUMBAI_CITY,WATER_SUPPLY,Jal Jeevan Mission,6308.43,2026-27
MH_MUMBAI_CITY,SANITATION,Swachh Bharat Mission (Grameen),4758.43,2026-27
MH_MUMBAI_CITY,ROADS,PM Gram Sadak Yojana,4218.43,2026-27
MH_MUMBAI_CITY,ELECTRICITY,Revamped Distribution Sector Scheme,3938.43,2026-27
MH_MUMBAI_CITY,HEALTH,PM Ayushman Bharat Health Infra,4418.43,2026-27
MH_MUMBAI_CITY,EDUCATION,Samagra Shiksha Abhiyan,4378.43,2026-27
MH_MUMBAI_CITY,DIGITAL,BharatNet Broadband Infra,5938.43,2026-27
MH_MUMBAI_CITY,HOUSING,PM Awas Yojana,2858.43,2026-27
MH_MUMBAI_CITY,IRRIGATION,PM Krishi Sinchayee Yojana,5258.43,2026-27
MH_MUMBAI_CITY,TRANSPORT,State Rural Transport Connect,3168.43,2026-27
MH_MUMBAI_SUB,WATER_SUPPLY,Jal Jeevan Mission,4720.63,2026-27
MH_MUMBAI_SUB,SANITATION,Swachh Bharat Mission (Grameen),6690.63,2026-27
MH_MUMBAI_SUB,ROADS,PM Gram Sadak Yojana,5180.63,2026-27
MH_MUMBAI_SUB,ELECTRICITY,Revamped Distribution Sector Scheme,5820.63,2026-27
MH_MUMBAI_SUB,HEALTH,PM Ayushman Bharat Health Infra,9190.63,2026-27
MH_MUMBAI_SUB,EDUCATION,Samagra Shiksha Abhiyan,4700.63,2026-27
MH_MUMBAI_SUB,DIGITAL,BharatNet Broadband Infra,8250.63,2026-27
MH_MUMBAI_SUB,HOUSING,PM Awas Yojana,6960.63,2026-27
MH_MUMBAI_SUB,IRRIGATION,PM Krishi Sinchayee Yojana,5110.63,2026-27
MH_MUMBAI_SUB,TRANSPORT,State Rural Transport Connect,5000.63,2026-27
MH_PUNE,WATER_SUPPLY,Jal Jeevan Mission,7673.23,2026-27
MH_PUNE,SANITATION,Swachh Bharat Mission (Grameen),5553.23,2026-27
MH_PUNE,ROADS,PM Gram Sadak Yojana,8473.23,2026-27
MH_PUNE,ELECTRICITY,Revamped Distribution Sector Scheme,4853.23,2026-27
MH_PUNE,HEALTH,PM Ayushman Bharat Health Infra,8033.23,2026-27
MH_PUNE,EDUCATION,Samagra Shiksha Abhiyan,5203.23,2026-27
MH_PUNE,DIGITAL,BharatNet Broadband Infra,4893.23,2026-27
MH_PUNE,HOUSING,PM Awas Yojana,6683.23,2026-27
MH_PUNE,IRRIGATION,PM Krishi Sinchayee Yojana,8723.23,2026-27
MH_PUNE,TRANSPORT,State Rural Transport Connect,6493.23,2026-27
MH_THANE,WATER_SUPPLY,Jal Jeevan Mission,7327.07,2026-27
MH_THANE,SANITATION,Swachh Bharat Mission (Grameen),9297.07,2026-27
MH_THANE,ROADS,PM Gram Sadak Yojana,9917.07,2026-27
MH_THANE,ELECTRICITY,Revamped Distribution Sector Scheme,8827.07,2026-27
MH_THANE,HEALTH,PM Ayushman Bharat Health Infra,7097.07,2026-27
MH_THANE,EDUCATION,Samagra Shiksha Abhiyan,5617.07,2026-27
MH_THANE,DIGITAL,BharatNet Broadband Infra,5447.07,2026-27
MH_THANE,HOUSING,PM Awas Yojana,9477.07,2026-27
MH_THANE,IRRIGATION,PM Krishi Sinchayee Yojana,9377.07,2026-27
MH_THANE,TRANSPORT,State Rural Transport Connect,6837.07,2026-27
MH_NAGPUR,WATER_SUPPLY,Jal Jeevan Mission,6024.11,2026-27
MH_NAGPUR,SANITATION,Swachh Bharat Mission (Grameen),6724.11,2026-27
MH_NAGPUR,ROADS,PM Gram Sadak Yojana,5894.11,2026-27
MH_NAGPUR,ELECTRICITY,Revamped Distribution Sector Scheme,5974.11,2026-27
MH_NAGPUR,HEALTH,PM Ayushman Bharat Health Infra,4164.11,2026-27
MH_NAGPUR,EDUCATION,Samagra Shiksha Abhiyan,3584.11,2026-27
MH_NAGPUR,DIGITAL,BharatNet Broadband Infra,2664.11,2026-27
MH_NAGPUR,HOUSING,PM Awas Yojana,6194.11,2026-27
MH_NAGPUR,IRRIGATION,PM Krishi Sinchayee Yojana,3394.11,2026-27
MH_NAGPUR,TRANSPORT,State Rural Transport Connect,6134.11,2026-27
MH_NASHIK,WATER_SUPPLY,Jal Jeevan Mission,5838.23,2026-27
MH_NASHIK,SANITATION,Swachh Bharat Mission (Grameen),4798.23,2026-27
MH_NASHIK,ROADS,PM Gram Sadak Yojana,4188.23,2026-27
MH_NASHIK,ELECTRICITY,Revamped Distribution Sector Scheme,6558.23,2026-27
MH_NASHIK,HEALTH,PM Ayushman Bharat Health Infra,4558.23,2026-27
MH_NASHIK,EDUCATION,Samagra Shiksha Abhiyan,5958.23,2026-27
MH_NASHIK,DIGITAL,BharatNet Broadband Infra,7108.23,2026-27
MH_NASHIK,HOUSING,PM Awas Yojana,7548.23,2026-27
MH_NASHIK,IRRIGATION,PM Krishi Sinchayee Yojana,7408.23,2026-27
MH_NASHIK,TRANSPORT,State Rural Transport Connect,7038.23,2026-27
MH_RAIGAD,WATER_SUPPLY,Jal Jeevan Mission,4495.39,2026-27
MH_RAIGAD,SANITATION,Swachh Bharat Mission (Grameen),4095.39,2026-27
MH_RAIGAD,ROADS,PM Gram Sadak Yojana,1845.39,2026-27
MH_RAIGAD,ELECTRICITY,Revamped Distribution Sector Scheme,1185.39,2026-27
MH_RAIGAD,HEALTH,PM Ayushman Bharat Health Infra,3125.39,2026-27
MH_RAIGAD,EDUCATION,Samagra Shiksha Abhiyan,3285.39,2026-27
MH_RAIGAD,DIGITAL,BharatNet Broadband Infra,4315.39,2026-27
MH_RAIGAD,HOUSING,PM Awas Yojana,3855.39,2026-27
MH_RAIGAD,IRRIGATION,PM Krishi Sinchayee Yojana,1425.39,2026-27
MH_RAIGAD,TRANSPORT,State Rural Transport Connect,3235.39,2026-27
MH_AURANGABAD,WATER_SUPPLY,Jal Jeevan Mission,6045.58,2026-27
MH_AURANGABAD,SANITATION,Swachh Bharat Mission (Grameen),6255.58,2026-27
MH_AURANGABAD,ROADS,PM Gram Sadak Yojana,5845.58,2026-27
MH_AURANGABAD,ELECTRICITY,Revamped Distribution Sector Scheme,1825.58,2026-27
MH_AURANGABAD,HEALTH,PM Ayushman Bharat Health Infra,3625.58,2026-27
MH_AURANGABAD,EDUCATION,Samagra Shiksha Abhiyan,3695.58,2026-27
MH_AURANGABAD,DIGITAL,BharatNet Broadband Infra,5485.58,2026-27
MH_AURANGABAD,HOUSING,PM Awas Yojana,3975.58,2026-27
MH_AURANGABAD,IRRIGATION,PM Krishi Sinchayee Yojana,2785.58,2026-27
MH_AURANGABAD,TRANSPORT,State Rural Transport Connect,3545.58,2026-27
MH_SOLAPUR,WATER_SUPPLY,Jal Jeevan Mission,3922.99,2026-27
MH_SOLAPUR,SANITATION,Swachh Bharat Mission (Grameen),4012.99,2026-27
MH_SOLAPUR,ROADS,PM Gram Sadak Yojana,3112.99,2026-27
MH_SOLAPUR,ELECTRICITY,Revamped Distribution Sector Scheme,5222.99,2026-27
MH_SOLAPUR,HEALTH,PM Ayushman Bharat Health Infra,6182.99,2026-27
MH_SOLAPUR,EDUCATION,Samagra Shiksha Abhiyan,6922.99,2026-27
MH_SOLAPUR,DIGITAL,BharatNet Broadband Infra,5092.99,2026-27
MH_SOLAPUR,HOUSING,PM Awas Yojana,6622.99,2026-27
MH_SOLAPUR,IRRIGATION,PM Krishi Sinchayee Yojana,3882.99,2026-27
MH_SOLAPUR,TRANSPORT,State Rural Transport Connect,3292.99,2026-27
MH_KOLHAPUR,WATER_SUPPLY,Jal Jeevan Mission,4804.2,2026-27
MH_KOLHAPUR,SANITATION,Swachh Bharat Mission (Grameen),5364.2,2026-27
MH_KOLHAPUR,ROADS,PM Gram Sadak Yojana,2724.2,2026-27
MH_KOLHAPUR,ELECTRICITY,Revamped Distribution Sector Scheme,4014.2,2026-27
MH_KOLHAPUR,HEALTH,PM Ayushman Bharat Health Infra,2344.2,2026-27
MH_KOLHAPUR,EDUCATION,Samagra Shiksha Abhiyan,2544.2,2026-27
MH_KOLHAPUR,DIGITAL,BharatNet Broadband Infra,2854.2,2026-27
MH_KOLHAPUR,HOUSING,PM Awas Yojana,3534.2,2026-27
MH_KOLHAPUR,IRRIGATION,PM Krishi Sinchayee Yojana,5094.2,2026-27
MH_KOLHAPUR,TRANSPORT,State Rural Transport Connect,3074.2,2026-27
MH_AMRAVATI,WATER_SUPPLY,Jal Jeevan Mission,5539.8,2026-27
MH_AMRAVATI,SANITATION,Swachh Bharat Mission (Grameen),3389.8,2026-27
MH_AMRAVATI,ROADS,PM Gram Sadak Yojana,2659.8,2026-27
MH_AMRAVATI,ELECTRICITY,Revamped Distribution Sector Scheme,2419.8,2026-27
MH_AMRAVATI,HEALTH,PM Ayushman Bharat Health Infra,3899.8,2026-27
MH_AMRAVATI,EDUCATION,Samagra Shiksha Abhiyan,6059.8,2026-27
MH_AMRAVATI,DIGITAL,BharatNet Broadband Infra,5379.8,2026-27
MH_AMRAVATI,HOUSING,PM Awas Yojana,6029.8,2026-27
MH_AMRAVATI,IRRIGATION,PM Krishi Sinchayee Yojana,4299.8,2026-27
MH_AMRAVATI,TRANSPORT,State Rural Transport Connect,3589.8,2026-27
MH_NANDED,WATER_SUPPLY,Jal Jeevan Mission,3022.58,2026-27
MH_NANDED,SANITATION,Swachh Bharat Mission (Grameen),6502.58,2026-27
MH_NANDED,ROADS,PM Gram Sadak Yojana,2882.58,2026-27
MH_NANDED,ELECTRICITY,Revamped Distribution Sector Scheme,5322.58,2026-27
MH_NANDED,HEALTH,PM Ayushman Bharat Health Infra,3212.58,2026-27
MH_NANDED,EDUCATION,Samagra Shiksha Abhiyan,1562.58,2026-27
MH_NANDED,DIGITAL,BharatNet Broadband Infra,6262.58,2026-27
MH_NANDED,HOUSING,PM Awas Yojana,1862.58,2026-27
MH_NANDED,IRRIGATION,PM Krishi Sinchayee Yojana,2802.58,2026-27
MH_NANDED,TRANSPORT,State Rural Transport Connect,4232.58,2026-27
MH_SANGLI,WATER_SUPPLY,Jal Jeevan Mission,1279.96,2026-27
MH_SANGLI,SANITATION,Swachh Bharat Mission (Grameen),5939.96,2026-27
MH_SANGLI,ROADS,PM Gram Sadak Yojana,4599.96,2026-27
MH_SANGLI,ELECTRICITY,Revamped Distribution Sector Scheme,3729.96,2026-27
MH_SANGLI,HEALTH,PM Ayushman Bharat Health Infra,1649.96,2026-27
MH_SANGLI,EDUCATION,Samagra Shiksha Abhiyan,6089.96,2026-27
MH_SANGLI,DIGITAL,BharatNet Broadband Infra,4829.96,2026-27
MH_SANGLI,HOUSING,PM Awas Yojana,6189.96,2026-27
MH_SANGLI,IRRIGATION,PM Krishi Sinchayee Yojana,1629.96,2026-27
MH_SANGLI,TRANSPORT,State Rural Transport Connect,1729.96,2026-27
MH_JALGAON,WATER_SUPPLY,Jal Jeevan Mission,5733.46,2026-27
MH_JALGAON,SANITATION,Swachh Bharat Mission (Grameen),3453.46,2026-27
MH_JALGAON,ROADS,PM Gram Sadak Yojana,2703.46,2026-27
MH_JALGAON,ELECTRICITY,Revamped Distribution Sector Scheme,4323.46,2026-27
MH_JALGAON,HEALTH,PM Ayushman Bharat Health Infra,5033.46,2026-27
MH_JALGAON,EDUCATION,Samagra Shiksha Abhiyan,4693.46,2026-27
MH_JALGAON,DIGITAL,BharatNet Broadband Infra,4323.46,2026-27
MH_JALGAON,HOUSING,PM Awas Yojana,6593.46,2026-27
MH_JALGAON,IRRIGATION,PM Krishi Sinchayee Yojana,2653.46,2026-27
MH_JALGAON,TRANSPORT,State Rural Transport Connect,2143.46,2026-27
MH_AKOLA,WATER_SUPPLY,Jal Jeevan Mission,3266.26,2026-27
MH_AKOLA,SANITATION,Swachh Bharat Mission (Grameen),1756.26,2026-27
MH_AKOLA,ROADS,PM Gram Sadak Yojana,3046.26,2026-27
MH_AKOLA,ELECTRICITY,Revamped Distribution Sector Scheme,4336.26,2026-27
MH_AKOLA,HEALTH,PM Ayushman Bharat Health Infra,2816.26,2026-27
MH_AKOLA,EDUCATION,Samagra Shiksha Abhiyan,3866.26,2026-27
MH_AKOLA,DIGITAL,BharatNet Broadband Infra,5596.26,2026-27
MH_AKOLA,HOUSING,PM Awas Yojana,2956.26,2026-27
MH_AKOLA,IRRIGATION,PM Krishi Sinchayee Yojana,4906.26,2026-27
MH_AKOLA,TRANSPORT,State Rural Transport Connect,5746.26,2026-27
MH_LATUR,WATER_SUPPLY,Jal Jeevan Mission,2434.99,2026-27
MH_LATUR,SANITATION,Swachh Bharat Mission (Grameen),5664.99,2026-27
MH_LATUR,ROADS,PM Gram Sadak Yojana,2654.99,2026-27
MH_LATUR,ELECTRICITY,Revamped Distribution Sector Scheme,2034.99,2026-27
MH_LATUR,HEALTH,PM Ayushman Bharat Health Infra,1684.99,2026-27
MH_LATUR,EDUCATION,Samagra Shiksha Abhiyan,3864.99,2026-27
MH_LATUR,DIGITAL,BharatNet Broadband Infra,3084.99,2026-27
MH_LATUR,HOUSING,PM Awas Yojana,5094.99,2026-27
MH_LATUR,IRRIGATION,PM Krishi Sinchayee Yojana,3884.99,2026-27
MH_LATUR,TRANSPORT,State Rural Transport Connect,5254.99,2026-27
MH_DHULE,WATER_SUPPLY,Jal Jeevan Mission,3352.89,2026-27
MH_DHULE,SANITATION,Swachh Bharat Mission (Grameen),5202.89,2026-27
MH_DHULE,ROADS,PM Gram Sadak Yojana,1022.89,2026-27
MH_DHULE,ELECTRICITY,Revamped Distribution Sector Scheme,3012.89,2026-27
MH_DHULE,HEALTH,PM Ayushman Bharat Health Infra,3152.89,2026-27
MH_DHULE,EDUCATION,Samagra Shiksha Abhiyan,2432.89,2026-27
MH_DHULE,DIGITAL,BharatNet Broadband Infra,3232.89,2026-27
MH_DHULE,HOUSING,PM Awas Yojana,4372.89,2026-27
MH_DHULE,IRRIGATION,PM Krishi Sinchayee Yojana,1962.89,2026-27
MH_DHULE,TRANSPORT,State Rural Transport Connect,1842.89,2026-27
MH_AHMEDNAGAR,WATER_SUPPLY,Jal Jeevan Mission,5574.42,2026-27
MH_AHMEDNAGAR,SANITATION,Swachh Bharat Mission (Grameen),3344.42,2026-27
MH_AHMEDNAGAR,ROADS,PM Gram Sadak Yojana,3154.42,2026-27
MH_AHMEDNAGAR,ELECTRICITY,Revamped Distribution Sector Scheme,6244.42,2026-27
MH_AHMEDNAGAR,HEALTH,PM Ayushman Bharat Health Infra,4384.42,2026-27
MH_AHMEDNAGAR,EDUCATION,Samagra Shiksha Abhiyan,2304.42,2026-27
MH_AHMEDNAGAR,DIGITAL,BharatNet Broadband Infra,3484.42,2026-27
MH_AHMEDNAGAR,HOUSING,PM Awas Yojana,4704.42,2026-27
MH_AHMEDNAGAR,IRRIGATION,PM Krishi Sinchayee Yojana,2464.42,2026-27
MH_AHMEDNAGAR,TRANSPORT,State Rural Transport Connect,6054.42,2026-27
MH_CHANDRAPUR,WATER_SUPPLY,Jal Jeevan Mission,3011.94,2026-27
MH_CHANDRAPUR,SANITATION,Swachh Bharat Mission (Grameen),1131.94,2026-27
MH_CHANDRAPUR,ROADS,PM Gram Sadak Yojana,5101.94,2026-27
MH_CHANDRAPUR,ELECTRICITY,Revamped Distribution Sector Scheme,5701.94,2026-27
MH_CHANDRAPUR,HEALTH,PM Ayushman Bharat Health Infra,2791.94,2026-27
MH_CHANDRAPUR,EDUCATION,Samagra Shiksha Abhiyan,1411.94,2026-27
MH_CHANDRAPUR,DIGITAL,BharatNet Broadband Infra,3261.94,2026-27
MH_CHANDRAPUR,HOUSING,PM Awas Yojana,4151.94,2026-27
MH_CHANDRAPUR,IRRIGATION,PM Krishi Sinchayee Yojana,1221.94,2026-27
MH_CHANDRAPUR,TRANSPORT,State Rural Transport Connect,1331.94,2026-27
MH_NANDURBAR,WATER_SUPPLY,Jal Jeevan Mission,5541.73,2026-27
MH_NANDURBAR,SANITATION,Swachh Bharat Mission (Grameen),4991.73,2026-27
MH_NANDURBAR,ROADS,PM Gram Sadak Yojana,5341.73,2026-27
MH_NANDURBAR,ELECTRICITY,Revamped Distribution Sector Scheme,5531.73,2026-27
MH_NANDURBAR,HEALTH,PM Ayushman Bharat Health Infra,3291.73,2026-27
MH_NANDURBAR,EDUCATION,Samagra Shiksha Abhiyan,1211.73,2026-27
MH_NANDURBAR,DIGITAL,BharatNet Broadband Infra,3761.73,2026-27
MH_NANDURBAR,HOUSING,PM Awas Yojana,4051.73,2026-27
MH_NANDURBAR,IRRIGATION,PM Krishi Sinchayee Yojana,2781.73,2026-27
MH_NANDURBAR,TRANSPORT,State Rural Transport Connect,1861.73,2026-27
MH_GADCHIROLI,WATER_SUPPLY,Jal Jeevan Mission,5022.82,2026-27
MH_GADCHIROLI,SANITATION,Swachh Bharat Mission (Grameen),1852.82,2026-27
MH_GADCHIROLI,ROADS,PM Gram Sadak Yojana,3042.82,2026-27
MH_GADCHIROLI,ELECTRICITY,Revamped Distribution Sector Scheme,3652.82,2026-27
MH_GADCHIROLI,HEALTH,PM Ayushman Bharat Health Infra,2512.82,2026-27
MH_GADCHIROLI,EDUCATION,Samagra Shiksha Abhiyan,3322.82,2026-27
MH_GADCHIROLI,DIGITAL,BharatNet Broadband Infra,3542.82,2026-27
MH_GADCHIROLI,HOUSING,PM Awas Yojana,2152.82,2026-27
MH_GADCHIROLI,IRRIGATION,PM Krishi Sinchayee Yojana,2392.82,2026-27
MH_GADCHIROLI,TRANSPORT,State Rural Transport Connect,1742.82,2026-27
MH_OSMANABAD,WATER_SUPPLY,Jal Jeevan Mission,3125.91,2026-27
MH_OSMANABAD,SANITATION,Swachh Bharat Mission (Grameen),4535.91,2026-27
MH_OSMANABAD,ROADS,PM Gram Sadak Yojana,4905.91,2026-27
MH_OSMANABAD,ELECTRICITY,Revamped Distribution Sector Scheme,2585.91,2026-27
MH_OSMANABAD,HEALTH,PM Ayushman Bharat Health Infra,1325.91,2026-27
MH_OSMANABAD,EDUCATION,Samagra Shiksha Abhiyan,4555.91,2026-27
MH_OSMANABAD,DIGITAL,BharatNet Broadband Infra,985.91,2026-27
MH_OSMANABAD,HOUSING,PM Awas Yojana,1205.91,2026-27
MH_OSMANABAD,IRRIGATION,PM Krishi Sinchayee Yojana,1885.91,2026-27
MH_OSMANABAD,TRANSPORT,State Rural Transport Connect,1925.91,2026-27
MH_PALGHAR,WATER_SUPPLY,Jal Jeevan Mission,2715.55,2026-27
MH_PALGHAR,SANITATION,Swachh Bharat Mission (Grameen),5635.55,2026-27
MH_PALGHAR,ROADS,PM Gram Sadak Yojana,4385.55,2026-27
MH_PALGHAR,ELECTRICITY,Revamped Distribution Sector Scheme,1595.55,2026-27
MH_PALGHAR,HEALTH,PM Ayushman Bharat Health Infra,3045.55,2026-27
MH_PALGHAR,EDUCATION,Samagra Shiksha Abhiyan,4655.55,2026-27
MH_PALGHAR,DIGITAL,BharatNet Broadband Infra,1345.55,2026-27
MH_PALGHAR,HOUSING,PM Awas Yojana,5865.55,2026-27
MH_PALGHAR,IRRIGATION,PM Krishi Sinchayee Yojana,1635.55,2026-27
MH_PALGHAR,TRANSPORT,State Rural Transport Connect,1645.55,2026-27
MH_SATARA,WATER_SUPPLY,Jal Jeevan Mission,4731.68,2026-27
MH_SATARA,SANITATION,Swachh Bharat Mission (Grameen),4161.68,2026-27
MH_SATARA,ROADS,PM Gram Sadak Yojana,4261.68,2026-27
MH_SATARA,ELECTRICITY,Revamped Distribution Sector Scheme,4451.68,2026-27
MH_SATARA,HEALTH,PM Ayushman Bharat Health Infra,1351.68,2026-27
MH_SATARA,EDUCATION,Samagra Shiksha Abhiyan,3631.68,2026-27
MH_SATARA,DIGITAL,BharatNet Broadband Infra,4641.68,2026-27
MH_SATARA,HOUSING,PM Awas Yojana,2461.68,2026-27
MH_SATARA,IRRIGATION,PM Krishi Sinchayee Yojana,4131.68,2026-27
MH_SATARA,TRANSPORT,State Rural Transport Connect,1561.68,2026-27
DL_NEW_DELHI,WATER_SUPPLY,Jal Jeevan Mission,2573.9,2026-27
DL_NEW_DELHI,SANITATION,Swachh Bharat Mission (Grameen),1713.9,2026-27
DL_NEW_DELHI,ROADS,PM Gram Sadak Yojana,2403.9,2026-27
DL_NEW_DELHI,ELECTRICITY,Revamped Distribution Sector Scheme,4153.9,2026-27
DL_NEW_DELHI,HEALTH,PM Ayushman Bharat Health Infra,4453.9,2026-27
DL_NEW_DELHI,EDUCATION,Samagra Shiksha Abhiyan,3893.9,2026-27
DL_NEW_DELHI,DIGITAL,BharatNet Broadband Infra,4793.9,2026-27
DL_NEW_DELHI,HOUSING,PM Awas Yojana,4143.9,2026-27
DL_NEW_DELHI,IRRIGATION,PM Krishi Sinchayee Yojana,2383.9,2026-27
DL_NEW_DELHI,TRANSPORT,State Rural Transport Connect,2573.9,2026-27
DL_CENTRAL_DELHI,WATER_SUPPLY,Jal Jeevan Mission,4742.04,2026-27
DL_CENTRAL_DELHI,SANITATION,Swachh Bharat Mission (Grameen),4562.04,2026-27
DL_CENTRAL_DELHI,ROADS,PM Gram Sadak Yojana,2112.04,2026-27
DL_CENTRAL_DELHI,ELECTRICITY,Revamped Distribution Sector Scheme,1442.04,2026-27
DL_CENTRAL_DELHI,HEALTH,PM Ayushman Bharat Health Infra,802.04,2026-27
DL_CENTRAL_DELHI,EDUCATION,Samagra Shiksha Abhiyan,1342.04,2026-27
DL_CENTRAL_DELHI,DIGITAL,BharatNet Broadband Infra,3392.04,2026-27
DL_CENTRAL_DELHI,HOUSING,PM Awas Yojana,3202.04,2026-27
DL_CENTRAL_DELHI,IRRIGATION,PM Krishi Sinchayee Yojana,2222.04,2026-27
DL_CENTRAL_DELHI,TRANSPORT,State Rural Transport Connect,592.04,2026-27
DL_SOUTH_DELHI,WATER_SUPPLY,Jal Jeevan Mission,3179.37,2026-27
DL_SOUTH_DELHI,SANITATION,Swachh Bharat Mission (Grameen),4799.37,2026-27
DL_SOUTH_DELHI,ROADS,PM Gram Sadak Yojana,5649.37,2026-27
DL_SOUTH_DELHI,ELECTRICITY,Revamped Distribution Sector Scheme,2159.37,2026-27
DL_SOUTH_DELHI,HEALTH,PM Ayushman Bharat Health Infra,2489.37,2026-27
DL_SOUTH_DELHI,EDUCATION,Samagra Shiksha Abhiyan,3519.37,2026-27
DL_SOUTH_DELHI,DIGITAL,BharatNet Broadband Infra,2209.37,2026-27
DL_SOUTH_DELHI,HOUSING,PM Awas Yojana,1619.37,2026-27
DL_SOUTH_DELHI,IRRIGATION,PM Krishi Sinchayee Yojana,3499.37,2026-27
DL_SOUTH_DELHI,TRANSPORT,State Rural Transport Connect,5069.37,2026-27
DL_NORTH_WEST_DELHI,WATER_SUPPLY,Jal Jeevan Mission,4785.44,2026-27
DL_NORTH_WEST_DELHI,SANITATION,Swachh Bharat Mission (Grameen),2215.44,2026-27
DL_NORTH_WEST_DELHI,ROADS,PM Gram Sadak Yojana,3495.44,2026-27
DL_NORTH_WEST_DELHI,ELECTRICITY,Revamped Distribution Sector Scheme,5395.44,2026-27
DL_NORTH_WEST_DELHI,HEALTH,PM Ayushman Bharat Health Infra,5555.44,2026-27
DL_NORTH_WEST_DELHI,EDUCATION,Samagra Shiksha Abhiyan,5465.44,2026-27
DL_NORTH_WEST_DELHI,DIGITAL,BharatNet Broadband Infra,6345.44,2026-27
DL_NORTH_WEST_DELHI,HOUSING,PM Awas Yojana,4075.44,2026-27
DL_NORTH_WEST_DELHI,IRRIGATION,PM Krishi Sinchayee Yojana,5595.44,2026-27
DL_NORTH_WEST_DELHI,TRANSPORT,State Rural Transport Connect,6135.44,2026-27
DL_EAST_DELHI,WATER_SUPPLY,Jal Jeevan Mission,1909.21,2026-27
DL_EAST_DELHI,SANITATION,Swachh Bharat Mission (Grameen),5699.21,2026-27
DL_EAST_DELHI,ROADS,PM Gram Sadak Yojana,4399.21,2026-27
DL_EAST_DELHI,ELECTRICITY,Revamped Distribution Sector Scheme,4899.21,2026-27
DL_EAST_DELHI,HEALTH,PM Ayushman Bharat Health Infra,5069.21,2026-27
DL_EAST_DELHI,EDUCATION,Samagra Shiksha Abhiyan,1309.21,2026-27
DL_EAST_DELHI,DIGITAL,BharatNet Broadband Infra,1439.21,2026-27
DL_EAST_DELHI,HOUSING,PM Awas Yojana,2429.21,2026-27
DL_EAST_DELHI,IRRIGATION,PM Krishi Sinchayee Yojana,3029.21,2026-27
DL_EAST_DELHI,TRANSPORT,State Rural Transport Connect,3939.21,2026-27
DL_WEST_DELHI,WATER_SUPPLY,Jal Jeevan Mission,4784.46,2026-27
DL_WEST_DELHI,SANITATION,Swachh Bharat Mission (Grameen),3794.46,2026-27
DL_WEST_DELHI,ROADS,PM Gram Sadak Yojana,3034.46,2026-27
DL_WEST_DELHI,ELECTRICITY,Revamped Distribution Sector Scheme,1384.46,2026-27
DL_WEST_DELHI,HEALTH,PM Ayushman Bharat Health Infra,2004.46,2026-27
DL_WEST_DELHI,EDUCATION,Samagra Shiksha Abhiyan,5864.46,2026-27
DL_WEST_DELHI,DIGITAL,BharatNet Broadband Infra,3814.46,2026-27
DL_WEST_DELHI,HOUSING,PM Awas Yojana,3404.46,2026-27
DL_WEST_DELHI,IRRIGATION,PM Krishi Sinchayee Yojana,1714.46,2026-27
DL_WEST_DELHI,TRANSPORT,State Rural Transport Connect,3864.46,2026-27
AP_VISAKHAPATNAM,WATER_SUPPLY,Jal Jeevan Mission,2240.77,2026-27
AP_VISAKHAPATNAM,SANITATION,Swachh Bharat Mission (Grameen),2750.77,2026-27
AP_VISAKHAPATNAM,ROADS,PM Gram Sadak Yojana,5260.77,2026-27
AP_VISAKHAPATNAM,ELECTRICITY,Revamped Distribution Sector Scheme,2230.77,2026-27
AP_VISAKHAPATNAM,HEALTH,PM Ayushman Bharat Health Infra,6450.77,2026-27
AP_VISAKHAPATNAM,EDUCATION,Samagra Shiksha Abhiyan,3020.77,2026-27
AP_VISAKHAPATNAM,DIGITAL,BharatNet Broadband Infra,4320.77,2026-27
AP_VISAKHAPATNAM,HOUSING,PM Awas Yojana,6540.77,2026-27
AP_VISAKHAPATNAM,IRRIGATION,PM Krishi Sinchayee Yojana,2040.77,2026-27
AP_VISAKHAPATNAM,TRANSPORT,State Rural Transport Connect,3570.77,2026-27
AP_NTR,WATER_SUPPLY,Jal Jeevan Mission,1118.37,2026-27
AP_NTR,SANITATION,Swachh Bharat Mission (Grameen),5258.37,2026-27
AP_NTR,ROADS,PM Gram Sadak Yojana,3368.37,2026-27
AP_NTR,ELECTRICITY,Revamped Distribution Sector Scheme,3808.37,2026-27
AP_NTR,HEALTH,PM Ayushman Bharat Health Infra,1248.37,2026-27
AP_NTR,EDUCATION,Samagra Shiksha Abhiyan,1528.37,2026-27
AP_NTR,DIGITAL,BharatNet Broadband Infra,1278.37,2026-27
AP_NTR,HOUSING,PM Awas Yojana,5438.37,2026-27
AP_NTR,IRRIGATION,PM Krishi Sinchayee Yojana,4988.37,2026-27
AP_NTR,TRANSPORT,State Rural Transport Connect,1378.37,2026-27
AP_GUNTUR,WATER_SUPPLY,Jal Jeevan Mission,4500.98,2026-27
AP_GUNTUR,SANITATION,Swachh Bharat Mission (Grameen),1310.98,2026-27
AP_GUNTUR,ROADS,PM Gram Sadak Yojana,2400.98,2026-27
AP_GUNTUR,ELECTRICITY,Revamped Distribution Sector Scheme,5090.98,2026-27
AP_GUNTUR,HEALTH,PM Ayushman Bharat Health Infra,4800.98,2026-27
AP_GUNTUR,EDUCATION,Samagra Shiksha Abhiyan,1660.98,2026-27
AP_GUNTUR,DIGITAL,BharatNet Broadband Infra,3710.98,2026-27
AP_GUNTUR,HOUSING,PM Awas Yojana,3620.98,2026-27
AP_GUNTUR,IRRIGATION,PM Krishi Sinchayee Yojana,3330.98,2026-27
AP_GUNTUR,TRANSPORT,State Rural Transport Connect,4320.98,2026-27
AP_TIRUPATI,WATER_SUPPLY,Jal Jeevan Mission,4398.64,2026-27
AP_TIRUPATI,SANITATION,Swachh Bharat Mission (Grameen),1718.64,2026-27
AP_TIRUPATI,ROADS,PM Gram Sadak Yojana,2088.64,2026-27
AP_TIRUPATI,ELECTRICITY,Revamped Distribution Sector Scheme,4658.64,2026-27
AP_TIRUPATI,HEALTH,PM Ayushman Bharat Health Infra,4588.64,2026-27
AP_TIRUPATI,EDUCATION,Samagra Shiksha Abhiyan,4758.64,2026-27
AP_TIRUPATI,DIGITAL,BharatNet Broadband Infra,5888.64,2026-27
AP_TIRUPATI,HOUSING,PM Awas Yojana,1128.64,2026-27
AP_TIRUPATI,IRRIGATION,PM Krishi Sinchayee Yojana,1768.64,2026-27
AP_TIRUPATI,TRANSPORT,State Rural Transport Connect,5248.64,2026-27
AP_KURNOOL,WATER_SUPPLY,Jal Jeevan Mission,5532.26,2026-27
AP_KURNOOL,SANITATION,Swachh Bharat Mission (Grameen),2412.26,2026-27
AP_KURNOOL,ROADS,PM Gram Sadak Yojana,3652.26,2026-27
AP_KURNOOL,ELECTRICITY,Revamped Distribution Sector Scheme,2172.26,2026-27
AP_KURNOOL,HEALTH,PM Ayushman Bharat Health Infra,5792.26,2026-27
AP_KURNOOL,EDUCATION,Samagra Shiksha Abhiyan,2332.26,2026-27
AP_KURNOOL,DIGITAL,BharatNet Broadband Infra,5412.26,2026-27
AP_KURNOOL,HOUSING,PM Awas Yojana,5732.26,2026-27
AP_KURNOOL,IRRIGATION,PM Krishi Sinchayee Yojana,3522.26,2026-27
AP_KURNOOL,TRANSPORT,State Rural Transport Connect,5252.26,2026-27
AP_SPSR_NELLORE,WATER_SUPPLY,Jal Jeevan Mission,4421.37,2026-27
AP_SPSR_NELLORE,SANITATION,Swachh Bharat Mission (Grameen),2811.37,2026-27
AP_SPSR_NELLORE,ROADS,PM Gram Sadak Yojana,2051.37,2026-27
AP_SPSR_NELLORE,ELECTRICITY,Revamped Distribution Sector Scheme,5001.37,2026-27
AP_SPSR_NELLORE,HEALTH,PM Ayushman Bharat Health Infra,3361.37,2026-27
AP_SPSR_NELLORE,EDUCATION,Samagra Shiksha Abhiyan,1921.37,2026-27
AP_SPSR_NELLORE,DIGITAL,BharatNet Broadband Infra,5601.37,2026-27
AP_SPSR_NELLORE,HOUSING,PM Awas Yojana,5041.37,2026-27
AP_SPSR_NELLORE,IRRIGATION,PM Krishi Sinchayee Yojana,3381.37,2026-27
AP_SPSR_NELLORE,TRANSPORT,State Rural Transport Connect,5421.37,2026-27
AP_KAKINADA,WATER_SUPPLY,Jal Jeevan Mission,4341.57,2026-27
AP_KAKINADA,SANITATION,Swachh Bharat Mission (Grameen),1561.57,2026-27
AP_KAKINADA,ROADS,PM Gram Sadak Yojana,2201.57,2026-27
AP_KAKINADA,ELECTRICITY,Revamped Distribution Sector Scheme,5301.57,2026-27
AP_KAKINADA,HEALTH,PM Ayushman Bharat Health Infra,5861.57,2026-27
AP_KAKINADA,EDUCATION,Samagra Shiksha Abhiyan,1551.57,2026-27
AP_KAKINADA,DIGITAL,BharatNet Broadband Infra,3661.57,2026-27
AP_KAKINADA,HOUSING,PM Awas Yojana,3131.57,2026-27
AP_KAKINADA,IRRIGATION,PM Krishi Sinchayee Yojana,4571.57,2026-27
AP_KAKINADA,TRANSPORT,State Rural Transport Connect,2321.57,2026-27
AP_EAST_GODAVARI,WATER_SUPPLY,Jal Jeevan Mission,1754.55,2026-27
AP_EAST_GODAVARI,SANITATION,Swachh Bharat Mission (Grameen),1094.55,2026-27
AP_EAST_GODAVARI,ROADS,PM Gram Sadak Yojana,5754.55,2026-27
AP_EAST_GODAVARI,ELECTRICITY,Revamped Distribution Sector Scheme,5804.55,2026-27
AP_EAST_GODAVARI,HEALTH,PM Ayushman Bharat Health Infra,2964.55,2026-27
AP_EAST_GODAVARI,EDUCATION,Samagra Shiksha Abhiyan,2684.55,2026-27
AP_EAST_GODAVARI,DIGITAL,BharatNet Broadband Infra,2394.55,2026-27
AP_EAST_GODAVARI,HOUSING,PM Awas Yojana,4114.55,2026-27
AP_EAST_GODAVARI,IRRIGATION,PM Krishi Sinchayee Yojana,4434.55,2026-27
AP_EAST_GODAVARI,TRANSPORT,State Rural Transport Connect,4644.55,2026-27
AP_VIZIANAGARAM,WATER_SUPPLY,Jal Jeevan Mission,3415.01,2026-27
AP_VIZIANAGARAM,SANITATION,Swachh Bharat Mission (Grameen),5135.01,2026-27
AP_VIZIANAGARAM,ROADS,PM Gram Sadak Yojana,1365.01,2026-27
AP_VIZIANAGARAM,ELECTRICITY,Revamped Distribution Sector Scheme,2155.01,2026-27
AP_VIZIANAGARAM,HEALTH,PM Ayushman Bharat Health Infra,4345.01,2026-27
AP_VIZIANAGARAM,EDUCATION,Samagra Shiksha Abhiyan,2455.01,2026-27
AP_VIZIANAGARAM,DIGITAL,BharatNet Broadband Infra,1245.01,2026-27
AP_VIZIANAGARAM,HOUSING,PM Awas Yojana,2065.01,2026-27
AP_VIZIANAGARAM,IRRIGATION,PM Krishi Sinchayee Yojana,1085.01,2026-27
AP_VIZIANAGARAM,TRANSPORT,State Rural Transport Connect,4585.01,2026-27
AP_ANANTAPUR,WATER_SUPPLY,Jal Jeevan Mission,4878.5,2026-27
AP_ANANTAPUR,SANITATION,Swachh Bharat Mission (Grameen),5608.5,2026-27
AP_ANANTAPUR,ROADS,PM Gram Sadak Yojana,3428.5,2026-27
AP_ANANTAPUR,ELECTRICITY,Revamped Distribution Sector Scheme,3368.5,2026-27
AP_ANANTAPUR,HEALTH,PM Ayushman Bharat Health Infra,4478.5,2026-27
AP_ANANTAPUR,EDUCATION,Samagra Shiksha Abhiyan,2088.5,2026-27
AP_ANANTAPUR,DIGITAL,BharatNet Broadband Infra,5108.5,2026-27
AP_ANANTAPUR,HOUSING,PM Awas Yojana,4408.5,2026-27
AP_ANANTAPUR,IRRIGATION,PM Krishi Sinchayee Yojana,3288.5,2026-27
AP_ANANTAPUR,TRANSPORT,State Rural Transport Connect,4618.5,2026-27
AP_YSR_KADAPA,WATER_SUPPLY,Jal Jeevan Mission,2087.29,2026-27
AP_YSR_KADAPA,SANITATION,Swachh Bharat Mission (Grameen),5137.29,2026-27
AP_YSR_KADAPA,ROADS,PM Gram Sadak Yojana,2837.29,2026-27
AP_YSR_KADAPA,ELECTRICITY,Revamped Distribution Sector Scheme,1767.29,2026-27
AP_YSR_KADAPA,HEALTH,PM Ayushman Bharat Health Infra,5667.29,2026-27
AP_YSR_KADAPA,EDUCATION,Samagra Shiksha Abhiyan,1897.29,2026-27
AP_YSR_KADAPA,DIGITAL,BharatNet Broadband Infra,3327.29,2026-27
AP_YSR_KADAPA,HOUSING,PM Awas Yojana,4487.29,2026-27
AP_YSR_KADAPA,IRRIGATION,PM Krishi Sinchayee Yojana,3937.29,2026-27
AP_YSR_KADAPA,TRANSPORT,State Rural Transport Connect,3047.29,2026-27
TG_HYDERABAD,WATER_SUPPLY,Jal Jeevan Mission,4714.5,2026-27
TG_HYDERABAD,SANITATION,Swachh Bharat Mission (Grameen),2574.5,2026-27
TG_HYDERABAD,ROADS,PM Gram Sadak Yojana,5484.5,2026-27
TG_HYDERABAD,ELECTRICITY,Revamped Distribution Sector Scheme,5094.5,2026-27
TG_HYDERABAD,HEALTH,PM Ayushman Bharat Health Infra,3034.5,2026-27
TG_HYDERABAD,EDUCATION,Samagra Shiksha Abhiyan,3904.5,2026-27
TG_HYDERABAD,DIGITAL,BharatNet Broadband Infra,6694.5,2026-27
TG_HYDERABAD,HOUSING,PM Awas Yojana,3554.5,2026-27
TG_HYDERABAD,IRRIGATION,PM Krishi Sinchayee Yojana,5474.5,2026-27
TG_HYDERABAD,TRANSPORT,State Rural Transport Connect,3364.5,2026-27
TG_WARANGAL,WATER_SUPPLY,Jal Jeevan Mission,4346.73,2026-27
TG_WARANGAL,SANITATION,Swachh Bharat Mission (Grameen),706.73,2026-27
TG_WARANGAL,ROADS,PM Gram Sadak Yojana,4816.73,2026-27
TG_WARANGAL,ELECTRICITY,Revamped Distribution Sector Scheme,3116.73,2026-27
TG_WARANGAL,HEALTH,PM Ayushman Bharat Health Infra,3056.73,2026-27
TG_WARANGAL,EDUCATION,Samagra Shiksha Abhiyan,1806.73,2026-27
TG_WARANGAL,DIGITAL,BharatNet Broadband Infra,3156.73,2026-27
TG_WARANGAL,HOUSING,PM Awas Yojana,4586.73,2026-27
TG_WARANGAL,IRRIGATION,PM Krishi Sinchayee Yojana,3226.73,2026-27
TG_WARANGAL,TRANSPORT,State Rural Transport Connect,4756.73,2026-27
TG_HANUMAKONDA,WATER_SUPPLY,Jal Jeevan Mission,4316.83,2026-27
TG_HANUMAKONDA,SANITATION,Swachh Bharat Mission (Grameen),5316.83,2026-27
TG_HANUMAKONDA,ROADS,PM Gram Sadak Yojana,5476.83,2026-27
TG_HANUMAKONDA,ELECTRICITY,Revamped Distribution Sector Scheme,2366.83,2026-27
TG_HANUMAKONDA,HEALTH,PM Ayushman Bharat Health Infra,4676.83,2026-27
TG_HANUMAKONDA,EDUCATION,Samagra Shiksha Abhiyan,4466.83,2026-27
TG_HANUMAKONDA,DIGITAL,BharatNet Broadband Infra,5146.83,2026-27
TG_HANUMAKONDA,HOUSING,PM Awas Yojana,2556.83,2026-27
TG_HANUMAKONDA,IRRIGATION,PM Krishi Sinchayee Yojana,1316.83,2026-27
TG_HANUMAKONDA,TRANSPORT,State Rural Transport Connect,496.83,2026-27
TG_NIZAMABAD,WATER_SUPPLY,Jal Jeevan Mission,1706.96,2026-27
TG_NIZAMABAD,SANITATION,Swachh Bharat Mission (Grameen),4636.96,2026-27
TG_NIZAMABAD,ROADS,PM Gram Sadak Yojana,2306.96,2026-27
TG_NIZAMABAD,ELECTRICITY,Revamped Distribution Sector Scheme,996.96,2026-27
TG_NIZAMABAD,HEALTH,PM Ayushman Bharat Health Infra,2696.96,2026-27
TG_NIZAMABAD,EDUCATION,Samagra Shiksha Abhiyan,4706.96,2026-27
TG_NIZAMABAD,DIGITAL,BharatNet Broadband Infra,3606.96,2026-27
TG_NIZAMABAD,HOUSING,PM Awas Yojana,3686.96,2026-27
TG_NIZAMABAD,IRRIGATION,PM Krishi Sinchayee Yojana,4706.96,2026-27
TG_NIZAMABAD,TRANSPORT,State Rural Transport Connect,2636.96,2026-27
TG_KARIMNAGAR,WATER_SUPPLY,Jal Jeevan Mission,3882.57,2026-27
TG_KARIMNAGAR,SANITATION,Swachh Bharat Mission (Grameen),2552.57,2026-27
TG_KARIMNAGAR,ROADS,PM Gram Sadak Yojana,792.57,2026-27
TG_KARIMNAGAR,ELECTRICITY,Revamped Distribution Sector Scheme,3202.57,2026-27
TG_KARIMNAGAR,HEALTH,PM Ayushman Bharat Health Infra,1382.57,2026-27
TG_KARIMNAGAR,EDUCATION,Samagra Shiksha Abhiyan,4172.57,2026-27
TG_KARIMNAGAR,DIGITAL,BharatNet Broadband Infra,1532.57,2026-27
TG_KARIMNAGAR,HOUSING,PM Awas Yojana,2252.57,2026-27
TG_KARIMNAGAR,IRRIGATION,PM Krishi Sinchayee Yojana,702.57,2026-27
TG_KARIMNAGAR,TRANSPORT,State Rural Transport Connect,5232.57,2026-27
TG_KHAMMAM,WATER_SUPPLY,Jal Jeevan Mission,4970.74,2026-27
TG_KHAMMAM,SANITATION,Swachh Bharat Mission (Grameen),3740.74,2026-27
TG_KHAMMAM,ROADS,PM Gram Sadak Yojana,4690.74,2026-27
TG_KHAMMAM,ELECTRICITY,Revamped Distribution Sector Scheme,1180.74,2026-27
TG_KHAMMAM,HEALTH,PM Ayushman Bharat Health Infra,2830.74,2026-27
TG_KHAMMAM,EDUCATION,Samagra Shiksha Abhiyan,5040.74,2026-27
TG_KHAMMAM,DIGITAL,BharatNet Broadband Infra,3000.74,2026-27
TG_KHAMMAM,HOUSING,PM Awas Yojana,3580.74,2026-27
TG_KHAMMAM,IRRIGATION,PM Krishi Sinchayee Yojana,4980.74,2026-27
TG_KHAMMAM,TRANSPORT,State Rural Transport Connect,2870.74,2026-27
TG_ADILABAD,WATER_SUPPLY,Jal Jeevan Mission,3719.04,2026-27
TG_ADILABAD,SANITATION,Swachh Bharat Mission (Grameen),3269.04,2026-27
TG_ADILABAD,ROADS,PM Gram Sadak Yojana,2109.04,2026-27
TG_ADILABAD,ELECTRICITY,Revamped Distribution Sector Scheme,5249.04,2026-27
TG_ADILABAD,HEALTH,PM Ayushman Bharat Health Infra,629.04,2026-27
TG_ADILABAD,EDUCATION,Samagra Shiksha Abhiyan,1129.04,2026-27
TG_ADILABAD,DIGITAL,BharatNet Broadband Infra,1259.04,2026-27
TG_ADILABAD,HOUSING,PM Awas Yojana,2239.04,2026-27
TG_ADILABAD,IRRIGATION,PM Krishi Sinchayee Yojana,3869.04,2026-27
TG_ADILABAD,TRANSPORT,State Rural Transport Connect,4709.04,2026-27
TG_RANGAREDDY,WATER_SUPPLY,Jal Jeevan Mission,2770.82,2026-27
TG_RANGAREDDY,SANITATION,Swachh Bharat Mission (Grameen),3350.82,2026-27
TG_RANGAREDDY,ROADS,PM Gram Sadak Yojana,3960.82,2026-27
TG_RANGAREDDY,ELECTRICITY,Revamped Distribution Sector Scheme,2360.82,2026-27
TG_RANGAREDDY,HEALTH,PM Ayushman Bharat Health Infra,5690.82,2026-27
TG_RANGAREDDY,EDUCATION,Samagra Shiksha Abhiyan,5170.82,2026-27
TG_RANGAREDDY,DIGITAL,BharatNet Broadband Infra,2090.82,2026-27
TG_RANGAREDDY,HOUSING,PM Awas Yojana,5090.82,2026-27
TG_RANGAREDDY,IRRIGATION,PM Krishi Sinchayee Yojana,5860.82,2026-27
TG_RANGAREDDY,TRANSPORT,State Rural Transport Connect,2350.82,2026-27
TG_MEDCHAL_MALKAJGIRI,WATER_SUPPLY,Jal Jeevan Mission,3678.03,2026-27
TG_MEDCHAL_MALKAJGIRI,SANITATION,Swachh Bharat Mission (Grameen),1478.03,2026-27
TG_MEDCHAL_MALKAJGIRI,ROADS,PM Gram Sadak Yojana,1628.03,2026-27
TG_MEDCHAL_MALKAJGIRI,ELECTRICITY,Revamped Distribution Sector Scheme,5918.03,2026-27
TG_MEDCHAL_MALKAJGIRI,HEALTH,PM Ayushman Bharat Health Infra,3868.03,2026-27
TG_MEDCHAL_MALKAJGIRI,EDUCATION,Samagra Shiksha Abhiyan,3908.03,2026-27
TG_MEDCHAL_MALKAJGIRI,DIGITAL,BharatNet Broadband Infra,2288.03,2026-27
TG_MEDCHAL_MALKAJGIRI,HOUSING,PM Awas Yojana,3358.03,2026-27
TG_MEDCHAL_MALKAJGIRI,IRRIGATION,PM Krishi Sinchayee Yojana,3098.03,2026-27
TG_MEDCHAL_MALKAJGIRI,TRANSPORT,State Rural Transport Connect,3888.03,2026-27
UP_LUCKNOW,WATER_SUPPLY,Jal Jeevan Mission,4915.43,2026-27
UP_LUCKNOW,SANITATION,Swachh Bharat Mission (Grameen),5955.43,2026-27
UP_LUCKNOW,ROADS,PM Gram Sadak Yojana,2115.43,2026-27
UP_LUCKNOW,ELECTRICITY,Revamped Distribution Sector Scheme,6155.43,2026-27
UP_LUCKNOW,HEALTH,PM Ayushman Bharat Health Infra,5195.43,2026-27
UP_LUCKNOW,EDUCATION,Samagra Shiksha Abhiyan,5085.43,2026-27
UP_LUCKNOW,DIGITAL,BharatNet Broadband Infra,4455.43,2026-27
UP_LUCKNOW,HOUSING,PM Awas Yojana,5695.43,2026-27
UP_LUCKNOW,IRRIGATION,PM Krishi Sinchayee Yojana,5395.43,2026-27
UP_LUCKNOW,TRANSPORT,State Rural Transport Connect,6075.43,2026-27
UP_KANPUR_NAGAR,WATER_SUPPLY,Jal Jeevan Mission,4431.57,2026-27
UP_KANPUR_NAGAR,SANITATION,Swachh Bharat Mission (Grameen),2721.57,2026-27
UP_KANPUR_NAGAR,ROADS,PM Gram Sadak Yojana,2501.57,2026-27
UP_KANPUR_NAGAR,ELECTRICITY,Revamped Distribution Sector Scheme,4621.57,2026-27
UP_KANPUR_NAGAR,HEALTH,PM Ayushman Bharat Health Infra,5091.57,2026-27
UP_KANPUR_NAGAR,EDUCATION,Samagra Shiksha Abhiyan,4351.57,2026-27
UP_KANPUR_NAGAR,DIGITAL,BharatNet Broadband Infra,3411.57,2026-27
UP_KANPUR_NAGAR,HOUSING,PM Awas Yojana,6881.57,2026-27
UP_KANPUR_NAGAR,IRRIGATION,PM Krishi Sinchayee Yojana,6881.57,2026-27
UP_KANPUR_NAGAR,TRANSPORT,State Rural Transport Connect,4471.57,2026-27
UP_VARANASI,WATER_SUPPLY,Jal Jeevan Mission,4234.58,2026-27
UP_VARANASI,SANITATION,Swachh Bharat Mission (Grameen),1764.58,2026-27
UP_VARANASI,ROADS,PM Gram Sadak Yojana,2964.58,2026-27
UP_VARANASI,ELECTRICITY,Revamped Distribution Sector Scheme,5904.58,2026-27
UP_VARANASI,HEALTH,PM Ayushman Bharat Health Infra,2024.58,2026-27
UP_VARANASI,EDUCATION,Samagra Shiksha Abhiyan,6154.58,2026-27
UP_VARANASI,DIGITAL,BharatNet Broadband Infra,4544.58,2026-27
UP_VARANASI,HOUSING,PM Awas Yojana,4274.58,2026-27
UP_VARANASI,IRRIGATION,PM Krishi Sinchayee Yojana,5604.58,2026-27
UP_VARANASI,TRANSPORT,State Rural Transport Connect,6344.58,2026-27
UP_PRAYAGRAJ,WATER_SUPPLY,Jal Jeevan Mission,6029.48,2026-27
UP_PRAYAGRAJ,SANITATION,Swachh Bharat Mission (Grameen),3609.48,2026-27
UP_PRAYAGRAJ,ROADS,PM Gram Sadak Yojana,6039.48,2026-27
UP_PRAYAGRAJ,ELECTRICITY,Revamped Distribution Sector Scheme,6979.48,2026-27
UP_PRAYAGRAJ,HEALTH,PM Ayushman Bharat Health Infra,5149.48,2026-27
UP_PRAYAGRAJ,EDUCATION,Samagra Shiksha Abhiyan,3049.48,2026-27
UP_PRAYAGRAJ,DIGITAL,BharatNet Broadband Infra,6369.48,2026-27
UP_PRAYAGRAJ,HOUSING,PM Awas Yojana,7449.48,2026-27
UP_PRAYAGRAJ,IRRIGATION,PM Krishi Sinchayee Yojana,6169.48,2026-27
UP_PRAYAGRAJ,TRANSPORT,State Rural Transport Connect,6709.48,2026-27
UP_AGRA,WATER_SUPPLY,Jal Jeevan Mission,6298.46,2026-27
UP_AGRA,SANITATION,Swachh Bharat Mission (Grameen),2888.46,2026-27
UP_AGRA,ROADS,PM Gram Sadak Yojana,6338.46,2026-27
UP_AGRA,ELECTRICITY,Revamped Distribution Sector Scheme,3968.46,2026-27
UP_AGRA,HEALTH,PM Ayushman Bharat Health Infra,3618.46,2026-27
UP_AGRA,EDUCATION,Samagra Shiksha Abhiyan,2418.46,2026-27
UP_AGRA,DIGITAL,BharatNet Broadband Infra,6098.46,2026-27
UP_AGRA,HOUSING,PM Awas Yojana,4328.46,2026-27
UP_AGRA,IRRIGATION,PM Krishi Sinchayee Yojana,6828.46,2026-27
UP_AGRA,TRANSPORT,State Rural Transport Connect,2578.46,2026-27
UP_MEERUT,WATER_SUPPLY,Jal Jeevan Mission,3179.66,2026-27
UP_MEERUT,SANITATION,Swachh Bharat Mission (Grameen),2179.66,2026-27
UP_MEERUT,ROADS,PM Gram Sadak Yojana,3529.66,2026-27
UP_MEERUT,ELECTRICITY,Revamped Distribution Sector Scheme,4589.66,2026-27
UP_MEERUT,HEALTH,PM Ayushman Bharat Health Infra,5779.66,2026-27
UP_MEERUT,EDUCATION,Samagra Shiksha Abhiyan,5879.66,2026-27
UP_MEERUT,DIGITAL,BharatNet Broadband Infra,5429.66,2026-27
UP_MEERUT,HOUSING,PM Awas Yojana,2599.66,2026-27
UP_MEERUT,IRRIGATION,PM Krishi Sinchayee Yojana,2949.66,2026-27
UP_MEERUT,TRANSPORT,State Rural Transport Connect,3189.66,2026-27
UP_GHAZIABAD,WATER_SUPPLY,Jal Jeevan Mission,5836.74,2026-27
UP_GHAZIABAD,SANITATION,Swachh Bharat Mission (Grameen),6796.74,2026-27
UP_GHAZIABAD,ROADS,PM Gram Sadak Yojana,4736.74,2026-27
UP_GHAZIABAD,ELECTRICITY,Revamped Distribution Sector Scheme,4636.74,2026-27
UP_GHAZIABAD,HEALTH,PM Ayushman Bharat Health Infra,6676.74,2026-27
UP_GHAZIABAD,EDUCATION,Samagra Shiksha Abhiyan,6476.74,2026-27
UP_GHAZIABAD,DIGITAL,BharatNet Broadband Infra,3856.74,2026-27
UP_GHAZIABAD,HOUSING,PM Awas Yojana,6156.74,2026-27
UP_GHAZIABAD,IRRIGATION,PM Krishi Sinchayee Yojana,5996.74,2026-27
UP_GHAZIABAD,TRANSPORT,State Rural Transport Connect,6846.74,2026-27
UP_GAUTAM_BUDDHA_NAGAR,WATER_SUPPLY,Jal Jeevan Mission,4901.65,2026-27
UP_GAUTAM_BUDDHA_NAGAR,SANITATION,Swachh Bharat Mission (Grameen),3901.65,2026-27
UP_GAUTAM_BUDDHA_NAGAR,ROADS,PM Gram Sadak Yojana,2841.65,2026-27
UP_GAUTAM_BUDDHA_NAGAR,ELECTRICITY,Revamped Distribution Sector Scheme,3941.65,2026-27
UP_GAUTAM_BUDDHA_NAGAR,HEALTH,PM Ayushman Bharat Health Infra,951.65,2026-27
UP_GAUTAM_BUDDHA_NAGAR,EDUCATION,Samagra Shiksha Abhiyan,911.65,2026-27
UP_GAUTAM_BUDDHA_NAGAR,DIGITAL,BharatNet Broadband Infra,5041.65,2026-27
UP_GAUTAM_BUDDHA_NAGAR,HOUSING,PM Awas Yojana,2691.65,2026-27
UP_GAUTAM_BUDDHA_NAGAR,IRRIGATION,PM Krishi Sinchayee Yojana,5181.65,2026-27
UP_GAUTAM_BUDDHA_NAGAR,TRANSPORT,State Rural Transport Connect,911.65,2026-27
UP_BAREILLY,WATER_SUPPLY,Jal Jeevan Mission,3551.76,2026-27
UP_BAREILLY,SANITATION,Swachh Bharat Mission (Grameen),4651.76,2026-27
UP_BAREILLY,ROADS,PM Gram Sadak Yojana,6151.76,2026-27
UP_BAREILLY,ELECTRICITY,Revamped Distribution Sector Scheme,6001.76,2026-27
UP_BAREILLY,HEALTH,PM Ayushman Bharat Health Infra,3371.76,2026-27
UP_BAREILLY,EDUCATION,Samagra Shiksha Abhiyan,5711.76,2026-27
UP_BAREILLY,DIGITAL,BharatNet Broadband Infra,3271.76,2026-27
UP_BAREILLY,HOUSING,PM Awas Yojana,6521.76,2026-27
UP_BAREILLY,IRRIGATION,PM Krishi Sinchayee Yojana,4751.76,2026-27
UP_BAREILLY,TRANSPORT,State Rural Transport Connect,6731.76,2026-27
UP_ALIGARH,WATER_SUPPLY,Jal Jeevan Mission,3703.25,2026-27
UP_ALIGARH,SANITATION,Swachh Bharat Mission (Grameen),4453.25,2026-27
UP_ALIGARH,ROADS,PM Gram Sadak Yojana,4553.25,2026-27
UP_ALIGARH,ELECTRICITY,Revamped Distribution Sector Scheme,3533.25,2026-27
UP_ALIGARH,HEALTH,PM Ayushman Bharat Health Infra,2343.25,2026-27
UP_ALIGARH,EDUCATION,Samagra Shiksha Abhiyan,5843.25,2026-27
UP_ALIGARH,DIGITAL,BharatNet Broadband Infra,6383.25,2026-27
UP_ALIGARH,HOUSING,PM Awas Yojana,4303.25,2026-27
UP_ALIGARH,IRRIGATION,PM Krishi Sinchayee Yojana,5913.25,2026-27
UP_ALIGARH,TRANSPORT,State Rural Transport Connect,4403.25,2026-27
UP_MORADABAD,WATER_SUPPLY,Jal Jeevan Mission,3137.4,2026-27
UP_MORADABAD,SANITATION,Swachh Bharat Mission (Grameen),6327.4,2026-27
UP_MORADABAD,ROADS,PM Gram Sadak Yojana,2567.4,2026-27
UP_MORADABAD,ELECTRICITY,Revamped Distribution Sector Scheme,6367.4,2026-27
UP_MORADABAD,HEALTH,PM Ayushman Bharat Health Infra,5657.4,2026-27
UP_MORADABAD,EDUCATION,Samagra Shiksha Abhiyan,4957.4,2026-27
UP_MORADABAD,DIGITAL,BharatNet Broadband Infra,3647.4,2026-27
UP_MORADABAD,HOUSING,PM Awas Yojana,4587.4,2026-27
UP_MORADABAD,IRRIGATION,PM Krishi Sinchayee Yojana,3937.4,2026-27
UP_MORADABAD,TRANSPORT,State Rural Transport Connect,5237.4,2026-27
UP_GORAKHPUR,WATER_SUPPLY,Jal Jeevan Mission,6878.4,2026-27
UP_GORAKHPUR,SANITATION,Swachh Bharat Mission (Grameen),2008.4,2026-27
UP_GORAKHPUR,ROADS,PM Gram Sadak Yojana,2268.4,2026-27
UP_GORAKHPUR,ELECTRICITY,Revamped Distribution Sector Scheme,3048.4,2026-27
UP_GORAKHPUR,HEALTH,PM Ayushman Bharat Health Infra,6968.4,2026-27
UP_GORAKHPUR,EDUCATION,Samagra Shiksha Abhiyan,5708.4,2026-27
UP_GORAKHPUR,DIGITAL,BharatNet Broadband Infra,6578.4,2026-27
UP_GORAKHPUR,HOUSING,PM Awas Yojana,3878.4,2026-27
UP_GORAKHPUR,IRRIGATION,PM Krishi Sinchayee Yojana,2508.4,2026-27
UP_GORAKHPUR,TRANSPORT,State Rural Transport Connect,4808.4,2026-27
UP_SAHARANPUR,WATER_SUPPLY,Jal Jeevan Mission,2869.87,2026-27
UP_SAHARANPUR,SANITATION,Swachh Bharat Mission (Grameen),2169.87,2026-27
UP_SAHARANPUR,ROADS,PM Gram Sadak Yojana,6109.87,2026-27
UP_SAHARANPUR,ELECTRICITY,Revamped Distribution Sector Scheme,1849.87,2026-27
UP_SAHARANPUR,HEALTH,PM Ayushman Bharat Health Infra,1749.87,2026-27
UP_SAHARANPUR,EDUCATION,Samagra Shiksha Abhiyan,4679.87,2026-27
UP_SAHARANPUR,DIGITAL,BharatNet Broadband Infra,4979.87,2026-27
UP_SAHARANPUR,HOUSING,PM Awas Yojana,6379.87,2026-27
UP_SAHARANPUR,IRRIGATION,PM Krishi Sinchayee Yojana,3599.87,2026-27
UP_SAHARANPUR,TRANSPORT,State Rural Transport Connect,3589.87,2026-27
UP_JHANSI,WATER_SUPPLY,Jal Jeevan Mission,2439.37,2026-27
UP_JHANSI,SANITATION,Swachh Bharat Mission (Grameen),1469.37,2026-27
UP_JHANSI,ROADS,PM Gram Sadak Yojana,3719.37,2026-27
UP_JHANSI,ELECTRICITY,Revamped Distribution Sector Scheme,4769.37,2026-27
UP_JHANSI,HEALTH,PM Ayushman Bharat Health Infra,2689.37,2026-27
UP_JHANSI,EDUCATION,Samagra Shiksha Abhiyan,2929.37,2026-27
UP_JHANSI,DIGITAL,BharatNet Broadband Infra,4089.37,2026-27
UP_JHANSI,HOUSING,PM Awas Yojana,5569.37,2026-27
UP_JHANSI,IRRIGATION,PM Krishi Sinchayee Yojana,5419.37,2026-27
UP_JHANSI,TRANSPORT,State Rural Transport Connect,1309.37,2026-27
UP_MATHURA,WATER_SUPPLY,Jal Jeevan Mission,1886.23,2026-27
UP_MATHURA,SANITATION,Swachh Bharat Mission (Grameen),4656.23,2026-27
UP_MATHURA,ROADS,PM Gram Sadak Yojana,4586.23,2026-27
UP_MATHURA,ELECTRICITY,Revamped Distribution Sector Scheme,4196.23,2026-27
UP_MATHURA,HEALTH,PM Ayushman Bharat Health Infra,2366.23,2026-27
UP_MATHURA,EDUCATION,Samagra Shiksha Abhiyan,5806.23,2026-27
UP_MATHURA,DIGITAL,BharatNet Broadband Infra,4906.23,2026-27
UP_MATHURA,HOUSING,PM Awas Yojana,3426.23,2026-27
UP_MATHURA,IRRIGATION,PM Krishi Sinchayee Yojana,2686.23,2026-27
UP_MATHURA,TRANSPORT,State Rural Transport Connect,2406.23,2026-27
UP_AYODHYA,WATER_SUPPLY,Jal Jeevan Mission,2851.95,2026-27
UP_AYODHYA,SANITATION,Swachh Bharat Mission (Grameen),2721.95,2026-27
UP_AYODHYA,ROADS,PM Gram Sadak Yojana,6011.95,2026-27
UP_AYODHYA,ELECTRICITY,Revamped Distribution Sector Scheme,5661.95,2026-27
UP_AYODHYA,HEALTH,PM Ayushman Bharat Health Infra,4571.95,2026-27
UP_AYODHYA,EDUCATION,Samagra Shiksha Abhiyan,2831.95,2026-27
UP_AYODHYA,DIGITAL,BharatNet Broadband Infra,3151.95,2026-27
UP_AYODHYA,HOUSING,PM Awas Yojana,3531.95,2026-27
UP_AYODHYA,IRRIGATION,PM Krishi Sinchayee Yojana,4461.95,2026-27
UP_AYODHYA,TRANSPORT,State Rural Transport Connect,3671.95,2026-27
UP_SHRAVASTI,WATER_SUPPLY,Jal Jeevan Mission,1832.81,2026-27
UP_SHRAVASTI,SANITATION,Swachh Bharat Mission (Grameen),4722.81,2026-27
UP_SHRAVASTI,ROADS,PM Gram Sadak Yojana,4582.81,2026-27
UP_SHRAVASTI,ELECTRICITY,Revamped Distribution Sector Scheme,2862.81,2026-27
UP_SHRAVASTI,HEALTH,PM Ayushman Bharat Health Infra,3692.81,2026-27
UP_SHRAVASTI,EDUCATION,Samagra Shiksha Abhiyan,3042.81,2026-27
UP_SHRAVASTI,DIGITAL,BharatNet Broadband Infra,1482.81,2026-27
UP_SHRAVASTI,HOUSING,PM Awas Yojana,3192.81,2026-27
UP_SHRAVASTI,IRRIGATION,PM Krishi Sinchayee Yojana,582.81,2026-27
UP_SHRAVASTI,TRANSPORT,State Rural Transport Connect,792.81,2026-27
UP_BAHRAICH,WATER_SUPPLY,Jal Jeevan Mission,5335.22,2026-27
UP_BAHRAICH,SANITATION,Swachh Bharat Mission (Grameen),4455.22,2026-27
UP_BAHRAICH,ROADS,PM Gram Sadak Yojana,3325.22,2026-27
UP_BAHRAICH,ELECTRICITY,Revamped Distribution Sector Scheme,5825.22,2026-27
UP_BAHRAICH,HEALTH,PM Ayushman Bharat Health Infra,2075.22,2026-27
UP_BAHRAICH,EDUCATION,Samagra Shiksha Abhiyan,5935.22,2026-27
UP_BAHRAICH,DIGITAL,BharatNet Broadband Infra,3765.22,2026-27
UP_BAHRAICH,HOUSING,PM Awas Yojana,6035.22,2026-27
UP_BAHRAICH,IRRIGATION,PM Krishi Sinchayee Yojana,4625.22,2026-27
UP_BAHRAICH,TRANSPORT,State Rural Transport Connect,2115.22,2026-27
GJ_AHMEDABAD,WATER_SUPPLY,Jal Jeevan Mission,5916.4,2026-27
GJ_AHMEDABAD,SANITATION,Swachh Bharat Mission (Grameen),6616.4,2026-27
GJ_AHMEDABAD,ROADS,PM Gram Sadak Yojana,5446.4,2026-27
GJ_AHMEDABAD,ELECTRICITY,Revamped Distribution Sector Scheme,4416.4,2026-27
GJ_AHMEDABAD,HEALTH,PM Ayushman Bharat Health Infra,8096.4,2026-27
GJ_AHMEDABAD,EDUCATION,Samagra Shiksha Abhiyan,7116.4,2026-27
GJ_AHMEDABAD,DIGITAL,BharatNet Broadband Infra,5996.4,2026-27
GJ_AHMEDABAD,HOUSING,PM Awas Yojana,3776.4,2026-27
GJ_AHMEDABAD,IRRIGATION,PM Krishi Sinchayee Yojana,5076.4,2026-27
GJ_AHMEDABAD,TRANSPORT,State Rural Transport Connect,4476.4,2026-27
GJ_SURAT,WATER_SUPPLY,Jal Jeevan Mission,6476.59,2026-27
GJ_SURAT,SANITATION,Swachh Bharat Mission (Grameen),4046.59,2026-27
GJ_SURAT,ROADS,PM Gram Sadak Yojana,5196.59,2026-27
GJ_SURAT,ELECTRICITY,Revamped Distribution Sector Scheme,7686.59,2026-27
GJ_SURAT,HEALTH,PM Ayushman Bharat Health Infra,4426.59,2026-27
GJ_SURAT,EDUCATION,Samagra Shiksha Abhiyan,6316.59,2026-27
GJ_SURAT,DIGITAL,BharatNet Broadband Infra,5726.59,2026-27
GJ_SURAT,HOUSING,PM Awas Yojana,5826.59,2026-27
GJ_SURAT,IRRIGATION,PM Krishi Sinchayee Yojana,3806.59,2026-27
GJ_SURAT,TRANSPORT,State Rural Transport Connect,4786.59,2026-27
GJ_VADODARA,WATER_SUPPLY,Jal Jeevan Mission,4934.53,2026-27
GJ_VADODARA,SANITATION,Swachh Bharat Mission (Grameen),4914.53,2026-27
GJ_VADODARA,ROADS,PM Gram Sadak Yojana,3014.53,2026-27
GJ_VADODARA,ELECTRICITY,Revamped Distribution Sector Scheme,3314.53,2026-27
GJ_VADODARA,HEALTH,PM Ayushman Bharat Health Infra,5974.53,2026-27
GJ_VADODARA,EDUCATION,Samagra Shiksha Abhiyan,3934.53,2026-27
GJ_VADODARA,DIGITAL,BharatNet Broadband Infra,4714.53,2026-27
GJ_VADODARA,HOUSING,PM Awas Yojana,2024.53,2026-27
GJ_VADODARA,IRRIGATION,PM Krishi Sinchayee Yojana,3164.53,2026-27
GJ_VADODARA,TRANSPORT,State Rural Transport Connect,3694.53,2026-27
GJ_RAJKOT,WATER_SUPPLY,Jal Jeevan Mission,3052.05,2026-27
GJ_RAJKOT,SANITATION,Swachh Bharat Mission (Grameen),6612.05,2026-27
GJ_RAJKOT,ROADS,PM Gram Sadak Yojana,2682.05,2026-27
GJ_RAJKOT,ELECTRICITY,Revamped Distribution Sector Scheme,6122.05,2026-27
GJ_RAJKOT,HEALTH,PM Ayushman Bharat Health Infra,2092.05,2026-27
GJ_RAJKOT,EDUCATION,Samagra Shiksha Abhiyan,6302.05,2026-27
GJ_RAJKOT,DIGITAL,BharatNet Broadband Infra,6182.05,2026-27
GJ_RAJKOT,HOUSING,PM Awas Yojana,2612.05,2026-27
GJ_RAJKOT,IRRIGATION,PM Krishi Sinchayee Yojana,5822.05,2026-27
GJ_RAJKOT,TRANSPORT,State Rural Transport Connect,2882.05,2026-27
GJ_BHAVNAGAR,WATER_SUPPLY,Jal Jeevan Mission,2036.16,2026-27
GJ_BHAVNAGAR,SANITATION,Swachh Bharat Mission (Grameen),5046.16,2026-27
GJ_BHAVNAGAR,ROADS,PM Gram Sadak Yojana,2016.16,2026-27
GJ_BHAVNAGAR,ELECTRICITY,Revamped Distribution Sector Scheme,2136.16,2026-27
GJ_BHAVNAGAR,HEALTH,PM Ayushman Bharat Health Infra,3346.16,2026-27
GJ_BHAVNAGAR,EDUCATION,Samagra Shiksha Abhiyan,5656.16,2026-27
GJ_BHAVNAGAR,DIGITAL,BharatNet Broadband Infra,2856.16,2026-27
GJ_BHAVNAGAR,HOUSING,PM Awas Yojana,6206.16,2026-27
GJ_BHAVNAGAR,IRRIGATION,PM Krishi Sinchayee Yojana,2266.16,2026-27
GJ_BHAVNAGAR,TRANSPORT,State Rural Transport Connect,3906.16,2026-27
GJ_JAMNAGAR,WATER_SUPPLY,Jal Jeevan Mission,3072.05,2026-27
GJ_JAMNAGAR,SANITATION,Swachh Bharat Mission (Grameen),5202.05,2026-27
GJ_JAMNAGAR,ROADS,PM Gram Sadak Yojana,5892.05,2026-27
GJ_JAMNAGAR,ELECTRICITY,Revamped Distribution Sector Scheme,3732.05,2026-27
GJ_JAMNAGAR,HEALTH,PM Ayushman Bharat Health Infra,1652.05,2026-27
GJ_JAMNAGAR,EDUCATION,Samagra Shiksha Abhiyan,2352.05,2026-27
GJ_JAMNAGAR,DIGITAL,BharatNet Broadband Infra,5472.05,2026-27
GJ_JAMNAGAR,HOUSING,PM Awas Yojana,5652.05,2026-27
GJ_JAMNAGAR,IRRIGATION,PM Krishi Sinchayee Yojana,5412.05,2026-27
GJ_JAMNAGAR,TRANSPORT,State Rural Transport Connect,3242.05,2026-27
GJ_GANDHINAGAR,WATER_SUPPLY,Jal Jeevan Mission,2186.29,2026-27
GJ_GANDHINAGAR,SANITATION,Swachh Bharat Mission (Grameen),3486.29,2026-27
GJ_GANDHINAGAR,ROADS,PM Gram Sadak Yojana,4186.29,2026-27
GJ_GANDHINAGAR,ELECTRICITY,Revamped Distribution Sector Scheme,3326.29,2026-27
GJ_GANDHINAGAR,HEALTH,PM Ayushman Bharat Health Infra,4646.29,2026-27
GJ_GANDHINAGAR,EDUCATION,Samagra Shiksha Abhiyan,2446.29,2026-27
GJ_GANDHINAGAR,DIGITAL,BharatNet Broadband Infra,4036.29,2026-27
GJ_GANDHINAGAR,HOUSING,PM Awas Yojana,2026.29,2026-27
GJ_GANDHINAGAR,IRRIGATION,PM Krishi Sinchayee Yojana,4296.29,2026-27
GJ_GANDHINAGAR,TRANSPORT,State Rural Transport Connect,3126.29,2026-27
GJ_DAHOD,WATER_SUPPLY,Jal Jeevan Mission,957.19,2026-27
GJ_DAHOD,SANITATION,Swachh Bharat Mission (Grameen),2767.19,2026-27
GJ_DAHOD,ROADS,PM Gram Sadak Yojana,1537.19,2026-27
GJ_DAHOD,ELECTRICITY,Revamped Distribution Sector Scheme,5347.19,2026-27
GJ_DAHOD,HEALTH,PM Ayushman Bharat Health Infra,4867.19,2026-27
GJ_DAHOD,EDUCATION,Samagra Shiksha Abhiyan,5867.19,2026-27
GJ_DAHOD,DIGITAL,BharatNet Broadband Infra,4867.19,2026-27
GJ_DAHOD,HOUSING,PM Awas Yojana,3827.19,2026-27
GJ_DAHOD,IRRIGATION,PM Krishi Sinchayee Yojana,2457.19,2026-27
GJ_DAHOD,TRANSPORT,State Rural Transport Connect,4757.19,2026-27
GJ_KUTCH,WATER_SUPPLY,Jal Jeevan Mission,2841.57,2026-27
GJ_KUTCH,SANITATION,Swachh Bharat Mission (Grameen),2581.57,2026-27
GJ_KUTCH,ROADS,PM Gram Sadak Yojana,4141.57,2026-27
GJ_KUTCH,ELECTRICITY,Revamped Distribution Sector Scheme,5381.57,2026-27
GJ_KUTCH,HEALTH,PM Ayushman Bharat Health Infra,1931.57,2026-27
GJ_KUTCH,EDUCATION,Samagra Shiksha Abhiyan,1341.57,2026-27
GJ_KUTCH,DIGITAL,BharatNet Broadband Infra,4061.57,2026-27
GJ_KUTCH,HOUSING,PM Awas Yojana,2631.57,2026-27
GJ_KUTCH,IRRIGATION,PM Krishi Sinchayee Yojana,3041.57,2026-27
GJ_KUTCH,TRANSPORT,State Rural Transport Connect,1641.57,2026-27
RJ_JAIPUR,WATER_SUPPLY,Jal Jeevan Mission,3431.78,2026-27
RJ_JAIPUR,SANITATION,Swachh Bharat Mission (Grameen),5731.78,2026-27
RJ_JAIPUR,ROADS,PM Gram Sadak Yojana,7341.78,2026-27
RJ_JAIPUR,ELECTRICITY,Revamped Distribution Sector Scheme,5501.78,2026-27
RJ_JAIPUR,HEALTH,PM Ayushman Bharat Health Infra,3261.78,2026-27
RJ_JAIPUR,EDUCATION,Samagra Shiksha Abhiyan,3771.78,2026-27
RJ_JAIPUR,DIGITAL,BharatNet Broadband Infra,7781.78,2026-27
RJ_JAIPUR,HOUSING,PM Awas Yojana,7801.78,2026-27
RJ_JAIPUR,IRRIGATION,PM Krishi Sinchayee Yojana,5801.78,2026-27
RJ_JAIPUR,TRANSPORT,State Rural Transport Connect,6921.78,2026-27
RJ_JODHPUR,WATER_SUPPLY,Jal Jeevan Mission,2189.15,2026-27
RJ_JODHPUR,SANITATION,Swachh Bharat Mission (Grameen),6329.15,2026-27
RJ_JODHPUR,ROADS,PM Gram Sadak Yojana,1679.15,2026-27
RJ_JODHPUR,ELECTRICITY,Revamped Distribution Sector Scheme,3469.15,2026-27
RJ_JODHPUR,HEALTH,PM Ayushman Bharat Health Infra,1769.15,2026-27
RJ_JODHPUR,EDUCATION,Samagra Shiksha Abhiyan,5049.15,2026-27
RJ_JODHPUR,DIGITAL,BharatNet Broadband Infra,3609.15,2026-27
RJ_JODHPUR,HOUSING,PM Awas Yojana,3959.15,2026-27
RJ_JODHPUR,IRRIGATION,PM Krishi Sinchayee Yojana,3569.15,2026-27
RJ_JODHPUR,TRANSPORT,State Rural Transport Connect,2039.15,2026-27
RJ_KOTA,WATER_SUPPLY,Jal Jeevan Mission,3717.96,2026-27
RJ_KOTA,SANITATION,Swachh Bharat Mission (Grameen),2827.96,2026-27
RJ_KOTA,ROADS,PM Gram Sadak Yojana,4647.96,2026-27
RJ_KOTA,ELECTRICITY,Revamped Distribution Sector Scheme,2937.96,2026-27
RJ_KOTA,HEALTH,PM Ayushman Bharat Health Infra,5297.96,2026-27
RJ_KOTA,EDUCATION,Samagra Shiksha Abhiyan,3977.96,2026-27
RJ_KOTA,DIGITAL,BharatNet Broadband Infra,3127.96,2026-27
RJ_KOTA,HOUSING,PM Awas Yojana,5547.96,2026-27
RJ_KOTA,IRRIGATION,PM Krishi Sinchayee Yojana,2667.96,2026-27
RJ_KOTA,TRANSPORT,State Rural Transport Connect,3167.96,2026-27
RJ_BIKANER,WATER_SUPPLY,Jal Jeevan Mission,3603.77,2026-27
RJ_BIKANER,SANITATION,Swachh Bharat Mission (Grameen),1813.77,2026-27
RJ_BIKANER,ROADS,PM Gram Sadak Yojana,1813.77,2026-27
RJ_BIKANER,ELECTRICITY,Revamped Distribution Sector Scheme,4563.77,2026-27
RJ_BIKANER,HEALTH,PM Ayushman Bharat Health Infra,2033.77,2026-27
RJ_BIKANER,EDUCATION,Samagra Shiksha Abhiyan,1413.77,2026-27
RJ_BIKANER,DIGITAL,BharatNet Broadband Infra,1883.77,2026-27
RJ_BIKANER,HOUSING,PM Awas Yojana,5213.77,2026-27
RJ_BIKANER,IRRIGATION,PM Krishi Sinchayee Yojana,5213.77,2026-27
RJ_BIKANER,TRANSPORT,State Rural Transport Connect,3053.77,2026-27
RJ_AJMER,WATER_SUPPLY,Jal Jeevan Mission,3232.37,2026-27
RJ_AJMER,SANITATION,Swachh Bharat Mission (Grameen),5642.37,2026-27
RJ_AJMER,ROADS,PM Gram Sadak Yojana,2632.37,2026-27
RJ_AJMER,ELECTRICITY,Revamped Distribution Sector Scheme,4232.37,2026-27
RJ_AJMER,HEALTH,PM Ayushman Bharat Health Infra,4132.37,2026-27
RJ_AJMER,EDUCATION,Samagra Shiksha Abhiyan,5872.37,2026-27
RJ_AJMER,DIGITAL,BharatNet Broadband Infra,5242.37,2026-27
RJ_AJMER,HOUSING,PM Awas Yojana,2682.37,2026-27
RJ_AJMER,IRRIGATION,PM Krishi Sinchayee Yojana,2582.37,2026-27
RJ_AJMER,TRANSPORT,State Rural Transport Connect,4202.37,2026-27
RJ_UDAIPUR,WATER_SUPPLY,Jal Jeevan Mission,5830.79,2026-27
RJ_UDAIPUR,SANITATION,Swachh Bharat Mission (Grameen),4310.79,2026-27
RJ_UDAIPUR,ROADS,PM Gram Sadak Yojana,1920.79,2026-27
RJ_UDAIPUR,ELECTRICITY,Revamped Distribution Sector Scheme,2800.79,2026-27
RJ_UDAIPUR,HEALTH,PM Ayushman Bharat Health Infra,5890.79,2026-27
RJ_UDAIPUR,EDUCATION,Samagra Shiksha Abhiyan,6360.79,2026-27
RJ_UDAIPUR,DIGITAL,BharatNet Broadband Infra,3630.79,2026-27
RJ_UDAIPUR,HOUSING,PM Awas Yojana,4700.79,2026-27
RJ_UDAIPUR,IRRIGATION,PM Krishi Sinchayee Yojana,2020.79,2026-27
RJ_UDAIPUR,TRANSPORT,State Rural Transport Connect,5040.79,2026-27
RJ_BHILWARA,WATER_SUPPLY,Jal Jeevan Mission,4493.84,2026-27
RJ_BHILWARA,SANITATION,Swachh Bharat Mission (Grameen),1973.84,2026-27
RJ_BHILWARA,ROADS,PM Gram Sadak Yojana,2713.84,2026-27
RJ_BHILWARA,ELECTRICITY,Revamped Distribution Sector Scheme,3353.84,2026-27
RJ_BHILWARA,HEALTH,PM Ayushman Bharat Health Infra,6013.84,2026-27
RJ_BHILWARA,EDUCATION,Samagra Shiksha Abhiyan,2423.84,2026-27
RJ_BHILWARA,DIGITAL,BharatNet Broadband Infra,4023.84,2026-27
RJ_BHILWARA,HOUSING,PM Awas Yojana,3053.84,2026-27
RJ_BHILWARA,IRRIGATION,PM Krishi Sinchayee Yojana,1663.84,2026-27
RJ_BHILWARA,TRANSPORT,State Rural Transport Connect,2163.84,2026-27
RJ_ALWAR,WATER_SUPPLY,Jal Jeevan Mission,6443.38,2026-27
RJ_ALWAR,SANITATION,Swachh Bharat Mission (Grameen),5133.38,2026-27
RJ_ALWAR,ROADS,PM Gram Sadak Yojana,2913.38,2026-27
RJ_ALWAR,ELECTRICITY,Revamped Distribution Sector Scheme,5743.38,2026-27
RJ_ALWAR,HEALTH,PM Ayushman Bharat Health Infra,1653.38,2026-27
RJ_ALWAR,EDUCATION,Samagra Shiksha Abhiyan,4703.38,2026-27
RJ_ALWAR,DIGITAL,BharatNet Broadband Infra,5423.38,2026-27
RJ_ALWAR,HOUSING,PM Awas Yojana,3423.38,2026-27
RJ_ALWAR,IRRIGATION,PM Krishi Sinchayee Yojana,3973.38,2026-27
RJ_ALWAR,TRANSPORT,State Rural Transport Connect,3543.38,2026-27
RJ_BARMER,WATER_SUPPLY,Jal Jeevan Mission,6131.69,2026-27
RJ_BARMER,SANITATION,Swachh Bharat Mission (Grameen),4291.69,2026-27
RJ_BARMER,ROADS,PM Gram Sadak Yojana,5571.69,2026-27
RJ_BARMER,ELECTRICITY,Revamped Distribution Sector Scheme,1311.69,2026-27
RJ_BARMER,HEALTH,PM Ayushman Bharat Health Infra,6151.69,2026-27
RJ_BARMER,EDUCATION,Samagra Shiksha Abhiyan,3201.69,2026-27
RJ_BARMER,DIGITAL,BharatNet Broadband Infra,5471.69,2026-27
RJ_BARMER,HOUSING,PM Awas Yojana,1501.69,2026-27
RJ_BARMER,IRRIGATION,PM Krishi Sinchayee Yojana,2301.69,2026-27
RJ_BARMER,TRANSPORT,State Rural Transport Connect,2061.69,2026-27
RJ_JALORE,WATER_SUPPLY,Jal Jeevan Mission,3442.93,2026-27
RJ_JALORE,SANITATION,Swachh Bharat Mission (Grameen),1942.93,2026-27
RJ_JALORE,ROADS,PM Gram Sadak Yojana,1392.93,2026-27
RJ_JALORE,ELECTRICITY,Revamped Distribution Sector Scheme,1642.93,2026-27
RJ_JALORE,HEALTH,PM Ayushman Bharat Health Infra,4812.93,2026-27
RJ_JALORE,EDUCATION,Samagra Shiksha Abhiyan,5032.93,2026-27
RJ_JALORE,DIGITAL,BharatNet Broadband Infra,1492.93,2026-27
RJ_JALORE,HOUSING,PM Awas Yojana,4002.93,2026-27
RJ_JALORE,IRRIGATION,PM Krishi Sinchayee Yojana,2382.93,2026-27
RJ_JALORE,TRANSPORT,State Rural Transport Connect,3812.93,2026-27
RJ_BANSWARA,WATER_SUPPLY,Jal Jeevan Mission,3508.87,2026-27
RJ_BANSWARA,SANITATION,Swachh Bharat Mission (Grameen),1638.87,2026-27
RJ_BANSWARA,ROADS,PM Gram Sadak Yojana,3668.87,2026-27
RJ_BANSWARA,ELECTRICITY,Revamped Distribution Sector Scheme,3748.87,2026-27
RJ_BANSWARA,HEALTH,PM Ayushman Bharat Health Infra,1248.87,2026-27
RJ_BANSWARA,EDUCATION,Samagra Shiksha Abhiyan,5778.87,2026-27
RJ_BANSWARA,DIGITAL,BharatNet Broadband Infra,1078.87,2026-27
RJ_BANSWARA,HOUSING,PM Awas Yojana,2748.87,2026-27
RJ_BANSWARA,IRRIGATION,PM Krishi Sinchayee Yojana,2838.87,2026-27
RJ_BANSWARA,TRANSPORT,State Rural Transport Connect,4078.87,2026-27
MP_BHOPAL,WATER_SUPPLY,Jal Jeevan Mission,5866.98,2026-27
MP_BHOPAL,SANITATION,Swachh Bharat Mission (Grameen),3636.98,2026-27
MP_BHOPAL,ROADS,PM Gram Sadak Yojana,1996.98,2026-27
MP_BHOPAL,ELECTRICITY,Revamped Distribution Sector Scheme,5886.98,2026-27
MP_BHOPAL,HEALTH,PM Ayushman Bharat Health Infra,2776.98,2026-27
MP_BHOPAL,EDUCATION,Samagra Shiksha Abhiyan,2536.98,2026-27
MP_BHOPAL,DIGITAL,BharatNet Broadband Infra,2366.98,2026-27
MP_BHOPAL,HOUSING,PM Awas Yojana,2886.98,2026-27
MP_BHOPAL,IRRIGATION,PM Krishi Sinchayee Yojana,4456.98,2026-27
MP_BHOPAL,TRANSPORT,State Rural Transport Connect,2606.98,2026-27
MP_INDORE,WATER_SUPPLY,Jal Jeevan Mission,5814.51,2026-27
MP_INDORE,SANITATION,Swachh Bharat Mission (Grameen),3994.51,2026-27
MP_INDORE,ROADS,PM Gram Sadak Yojana,2704.51,2026-27
MP_INDORE,ELECTRICITY,Revamped Distribution Sector Scheme,2664.51,2026-27
MP_INDORE,HEALTH,PM Ayushman Bharat Health Infra,2734.51,2026-27
MP_INDORE,EDUCATION,Samagra Shiksha Abhiyan,5454.51,2026-27
MP_INDORE,DIGITAL,BharatNet Broadband Infra,3474.51,2026-27
MP_INDORE,HOUSING,PM Awas Yojana,5374.51,2026-27
MP_INDORE,IRRIGATION,PM Krishi Sinchayee Yojana,2054.51,2026-27
MP_INDORE,TRANSPORT,State Rural Transport Connect,6434.51,2026-27
MP_JABALPUR,WATER_SUPPLY,Jal Jeevan Mission,2388.48,2026-27
MP_JABALPUR,SANITATION,Swachh Bharat Mission (Grameen),5248.48,2026-27
MP_JABALPUR,ROADS,PM Gram Sadak Yojana,4908.48,2026-27
MP_JABALPUR,ELECTRICITY,Revamped Distribution Sector Scheme,4458.48,2026-27
MP_JABALPUR,HEALTH,PM Ayushman Bharat Health Infra,2038.48,2026-27
MP_JABALPUR,EDUCATION,Samagra Shiksha Abhiyan,3628.48,2026-27
MP_JABALPUR,DIGITAL,BharatNet Broadband Infra,2098.48,2026-27
MP_JABALPUR,HOUSING,PM Awas Yojana,2108.48,2026-27
MP_JABALPUR,IRRIGATION,PM Krishi Sinchayee Yojana,3188.48,2026-27
MP_JABALPUR,TRANSPORT,State Rural Transport Connect,3808.48,2026-27
MP_GWALIOR,WATER_SUPPLY,Jal Jeevan Mission,2554.42,2026-27
MP_GWALIOR,SANITATION,Swachh Bharat Mission (Grameen),3984.42,2026-27
MP_GWALIOR,ROADS,PM Gram Sadak Yojana,1544.42,2026-27
MP_GWALIOR,ELECTRICITY,Revamped Distribution Sector Scheme,4094.42,2026-27
MP_GWALIOR,HEALTH,PM Ayushman Bharat Health Infra,2774.42,2026-27
MP_GWALIOR,EDUCATION,Samagra Shiksha Abhiyan,4664.42,2026-27
MP_GWALIOR,DIGITAL,BharatNet Broadband Infra,1194.42,2026-27
MP_GWALIOR,HOUSING,PM Awas Yojana,1304.42,2026-27
MP_GWALIOR,IRRIGATION,PM Krishi Sinchayee Yojana,4844.42,2026-27
MP_GWALIOR,TRANSPORT,State Rural Transport Connect,5714.42,2026-27
MP_UJJAIN,WATER_SUPPLY,Jal Jeevan Mission,4374.09,2026-27
MP_UJJAIN,SANITATION,Swachh Bharat Mission (Grameen),1024.09,2026-27
MP_UJJAIN,ROADS,PM Gram Sadak Yojana,2954.09,2026-27
MP_UJJAIN,ELECTRICITY,Revamped Distribution Sector Scheme,2954.09,2026-27
MP_UJJAIN,HEALTH,PM Ayushman Bharat Health Infra,2744.09,2026-27
MP_UJJAIN,EDUCATION,Samagra Shiksha Abhiyan,2194.09,2026-27
MP_UJJAIN,DIGITAL,BharatNet Broadband Infra,5734.09,2026-27
MP_UJJAIN,HOUSING,PM Awas Yojana,2534.09,2026-27
MP_UJJAIN,IRRIGATION,PM Krishi Sinchayee Yojana,2914.09,2026-27
MP_UJJAIN,TRANSPORT,State Rural Transport Connect,1784.09,2026-27
MP_SAGAR,WATER_SUPPLY,Jal Jeevan Mission,5750.31,2026-27
MP_SAGAR,SANITATION,Swachh Bharat Mission (Grameen),3810.31,2026-27
MP_SAGAR,ROADS,PM Gram Sadak Yojana,4820.31,2026-27
MP_SAGAR,ELECTRICITY,Revamped Distribution Sector Scheme,3670.31,2026-27
MP_SAGAR,HEALTH,PM Ayushman Bharat Health Infra,1120.31,2026-27
MP_SAGAR,EDUCATION,Samagra Shiksha Abhiyan,2870.31,2026-27
MP_SAGAR,DIGITAL,BharatNet Broadband Infra,1740.31,2026-27
MP_SAGAR,HOUSING,PM Awas Yojana,2410.31,2026-27
MP_SAGAR,IRRIGATION,PM Krishi Sinchayee Yojana,4590.31,2026-27
MP_SAGAR,TRANSPORT,State Rural Transport Connect,5390.31,2026-27
MP_ALIRAJPUR,WATER_SUPPLY,Jal Jeevan Mission,2438.05,2026-27
MP_ALIRAJPUR,SANITATION,Swachh Bharat Mission (Grameen),3218.05,2026-27
MP_ALIRAJPUR,ROADS,PM Gram Sadak Yojana,2028.05,2026-27
MP_ALIRAJPUR,ELECTRICITY,Revamped Distribution Sector Scheme,1658.05,2026-27
MP_ALIRAJPUR,HEALTH,PM Ayushman Bharat Health Infra,1988.05,2026-27
MP_ALIRAJPUR,EDUCATION,Samagra Shiksha Abhiyan,3608.05,2026-27
MP_ALIRAJPUR,DIGITAL,BharatNet Broadband Infra,3898.05,2026-27
MP_ALIRAJPUR,HOUSING,PM Awas Yojana,1898.05,2026-27
MP_ALIRAJPUR,IRRIGATION,PM Krishi Sinchayee Yojana,4618.05,2026-27
MP_ALIRAJPUR,TRANSPORT,State Rural Transport Connect,4258.05,2026-27
MP_JHABUA,WATER_SUPPLY,Jal Jeevan Mission,4991.27,2026-27
MP_JHABUA,SANITATION,Swachh Bharat Mission (Grameen),4051.27,2026-27
MP_JHABUA,ROADS,PM Gram Sadak Yojana,4091.27,2026-27
MP_JHABUA,ELECTRICITY,Revamped Distribution Sector Scheme,1501.27,2026-27
MP_JHABUA,HEALTH,PM Ayushman Bharat Health Infra,471.27,2026-27
MP_JHABUA,EDUCATION,Samagra Shiksha Abhiyan,1261.27,2026-27
MP_JHABUA,DIGITAL,BharatNet Broadband Infra,4511.27,2026-27
MP_JHABUA,HOUSING,PM Awas Yojana,2691.27,2026-27
MP_JHABUA,IRRIGATION,PM Krishi Sinchayee Yojana,941.27,2026-27
MP_JHABUA,TRANSPORT,State Rural Transport Connect,5041.27,2026-27
BR_PATNA,WATER_SUPPLY,Jal Jeevan Mission,6797.31,2026-27
BR_PATNA,SANITATION,Swachh Bharat Mission (Grameen),6927.31,2026-27
BR_PATNA,ROADS,PM Gram Sadak Yojana,5697.31,2026-27
BR_PATNA,ELECTRICITY,Revamped Distribution Sector Scheme,5737.31,2026-27
BR_PATNA,HEALTH,PM Ayushman Bharat Health Infra,2857.31,2026-27
BR_PATNA,EDUCATION,Samagra Shiksha Abhiyan,2867.31,2026-27
BR_PATNA,DIGITAL,BharatNet Broadband Infra,4847.31,2026-27
BR_PATNA,HOUSING,PM Awas Yojana,5077.31,2026-27
BR_PATNA,IRRIGATION,PM Krishi Sinchayee Yojana,7617.31,2026-27
BR_PATNA,TRANSPORT,State Rural Transport Connect,3317.31,2026-27
BR_GAYA,WATER_SUPPLY,Jal Jeevan Mission,2416.14,2026-27
BR_GAYA,SANITATION,Swachh Bharat Mission (Grameen),3606.14,2026-27
BR_GAYA,ROADS,PM Gram Sadak Yojana,3786.14,2026-27
BR_GAYA,ELECTRICITY,Revamped Distribution Sector Scheme,4796.14,2026-27
BR_GAYA,HEALTH,PM Ayushman Bharat Health Infra,5996.14,2026-27
BR_GAYA,EDUCATION,Samagra Shiksha Abhiyan,3936.14,2026-27
BR_GAYA,DIGITAL,BharatNet Broadband Infra,3256.14,2026-27
BR_GAYA,HOUSING,PM Awas Yojana,3676.14,2026-27
BR_GAYA,IRRIGATION,PM Krishi Sinchayee Yojana,2166.14,2026-27
BR_GAYA,TRANSPORT,State Rural Transport Connect,5526.14,2026-27
BR_BHAGALPUR,WATER_SUPPLY,Jal Jeevan Mission,3116.99,2026-27
BR_BHAGALPUR,SANITATION,Swachh Bharat Mission (Grameen),4356.99,2026-27
BR_BHAGALPUR,ROADS,PM Gram Sadak Yojana,6016.99,2026-27
BR_BHAGALPUR,ELECTRICITY,Revamped Distribution Sector Scheme,2636.99,2026-27
BR_BHAGALPUR,HEALTH,PM Ayushman Bharat Health Infra,3996.99,2026-27
BR_BHAGALPUR,EDUCATION,Samagra Shiksha Abhiyan,4026.99,2026-27
BR_BHAGALPUR,DIGITAL,BharatNet Broadband Infra,4626.99,2026-27
BR_BHAGALPUR,HOUSING,PM Awas Yojana,5306.99,2026-27
BR_BHAGALPUR,IRRIGATION,PM Krishi Sinchayee Yojana,2196.99,2026-27
BR_BHAGALPUR,TRANSPORT,State Rural Transport Connect,5076.99,2026-27
BR_MUZAFFARPUR,WATER_SUPPLY,Jal Jeevan Mission,6960.48,2026-27
BR_MUZAFFARPUR,SANITATION,Swachh Bharat Mission (Grameen),3500.48,2026-27
BR_MUZAFFARPUR,ROADS,PM Gram Sadak Yojana,2870.48,2026-27
BR_MUZAFFARPUR,ELECTRICITY,Revamped Distribution Sector Scheme,6940.48,2026-27
BR_MUZAFFARPUR,HEALTH,PM Ayushman Bharat Health Infra,5690.48,2026-27
BR_MUZAFFARPUR,EDUCATION,Samagra Shiksha Abhiyan,2700.48,2026-27
BR_MUZAFFARPUR,DIGITAL,BharatNet Broadband Infra,5940.48,2026-27
BR_MUZAFFARPUR,HOUSING,PM Awas Yojana,5940.48,2026-27
BR_MUZAFFARPUR,IRRIGATION,PM Krishi Sinchayee Yojana,2850.48,2026-27
BR_MUZAFFARPUR,TRANSPORT,State Rural Transport Connect,2520.48,2026-27
BR_DARBHANGA,WATER_SUPPLY,Jal Jeevan Mission,3861.82,2026-27
BR_DARBHANGA,SANITATION,Swachh Bharat Mission (Grameen),5111.82,2026-27
BR_DARBHANGA,ROADS,PM Gram Sadak Yojana,3831.82,2026-27
BR_DARBHANGA,ELECTRICITY,Revamped Distribution Sector Scheme,5281.82,2026-27
BR_DARBHANGA,HEALTH,PM Ayushman Bharat Health Infra,1951.82,2026-27
BR_DARBHANGA,EDUCATION,Samagra Shiksha Abhiyan,4551.82,2026-27
BR_DARBHANGA,DIGITAL,BharatNet Broadband Infra,5191.82,2026-27
BR_DARBHANGA,HOUSING,PM Awas Yojana,5541.82,2026-27
BR_DARBHANGA,IRRIGATION,PM Krishi Sinchayee Yojana,2601.82,2026-27
BR_DARBHANGA,TRANSPORT,State Rural Transport Connect,3461.82,2026-27
BR_NALANDA,WATER_SUPPLY,Jal Jeevan Mission,5833.55,2026-27
BR_NALANDA,SANITATION,Swachh Bharat Mission (Grameen),4983.55,2026-27
BR_NALANDA,ROADS,PM Gram Sadak Yojana,2883.55,2026-27
BR_NALANDA,ELECTRICITY,Revamped Distribution Sector Scheme,4833.55,2026-27
BR_NALANDA,HEALTH,PM Ayushman Bharat Health Infra,4293.55,2026-27
BR_NALANDA,EDUCATION,Samagra Shiksha Abhiyan,2113.55,2026-27
BR_NALANDA,DIGITAL,BharatNet Broadband Infra,4083.55,2026-27
BR_NALANDA,HOUSING,PM Awas Yojana,5063.55,2026-27
BR_NALANDA,IRRIGATION,PM Krishi Sinchayee Yojana,4643.55,2026-27
BR_NALANDA,TRANSPORT,State Rural Transport Connect,4323.55,2026-27
BR_SITAMARHI,WATER_SUPPLY,Jal Jeevan Mission,2430.61,2026-27
BR_SITAMARHI,SANITATION,Swachh Bharat Mission (Grameen),6350.61,2026-27
BR_SITAMARHI,ROADS,PM Gram Sadak Yojana,1830.61,2026-27
BR_SITAMARHI,ELECTRICITY,Revamped Distribution Sector Scheme,5060.61,2026-27
BR_SITAMARHI,HEALTH,PM Ayushman Bharat Health Infra,1560.61,2026-27
BR_SITAMARHI,EDUCATION,Samagra Shiksha Abhiyan,4610.61,2026-27
BR_SITAMARHI,DIGITAL,BharatNet Broadband Infra,1880.61,2026-27
BR_SITAMARHI,HOUSING,PM Awas Yojana,4750.61,2026-27
BR_SITAMARHI,IRRIGATION,PM Krishi Sinchayee Yojana,6180.61,2026-27
BR_SITAMARHI,TRANSPORT,State Rural Transport Connect,3070.61,2026-27
BR_ARARIA,WATER_SUPPLY,Jal Jeevan Mission,5305.21,2026-27
BR_ARARIA,SANITATION,Swachh Bharat Mission (Grameen),2965.21,2026-27
BR_ARARIA,ROADS,PM Gram Sadak Yojana,4575.21,2026-27
BR_ARARIA,ELECTRICITY,Revamped Distribution Sector Scheme,3745.21,2026-27
BR_ARARIA,HEALTH,PM Ayushman Bharat Health Infra,1755.21,2026-27
BR_ARARIA,EDUCATION,Samagra Shiksha Abhiyan,5945.21,2026-27
BR_ARARIA,DIGITAL,BharatNet Broadband Infra,2065.21,2026-27
BR_ARARIA,HOUSING,PM Awas Yojana,5995.21,2026-27
BR_ARARIA,IRRIGATION,PM Krishi Sinchayee Yojana,4025.21,2026-27
BR_ARARIA,TRANSPORT,State Rural Transport Connect,6165.21,2026-27
BR_PURNIA,WATER_SUPPLY,Jal Jeevan Mission,4769.08,2026-27
BR_PURNIA,SANITATION,Swachh Bharat Mission (Grameen),3359.08,2026-27
BR_PURNIA,ROADS,PM Gram Sadak Yojana,4399.08,2026-27
BR_PURNIA,ELECTRICITY,Revamped Distribution Sector Scheme,3109.08,2026-27
BR_PURNIA,HEALTH,PM Ayushman Bharat Health Infra,5929.08,2026-27
BR_PURNIA,EDUCATION,Samagra Shiksha Abhiyan,5559.08,2026-27
BR_PURNIA,DIGITAL,BharatNet Broadband Infra,4329.08,2026-27
BR_PURNIA,HOUSING,PM Awas Yojana,3439.08,2026-27
BR_PURNIA,IRRIGATION,PM Krishi Sinchayee Yojana,5639.08,2026-27
BR_PURNIA,TRANSPORT,State Rural Transport Connect,4319.08,2026-27
WB_KOLKATA,WATER_SUPPLY,Jal Jeevan Mission,5343.51,2026-27
WB_KOLKATA,SANITATION,Swachh Bharat Mission (Grameen),6783.51,2026-27
WB_KOLKATA,ROADS,PM Gram Sadak Yojana,5923.51,2026-27
WB_KOLKATA,ELECTRICITY,Revamped Distribution Sector Scheme,2403.51,2026-27
WB_KOLKATA,HEALTH,PM Ayushman Bharat Health Infra,4783.51,2026-27
WB_KOLKATA,EDUCATION,Samagra Shiksha Abhiyan,4903.51,2026-27
WB_KOLKATA,DIGITAL,BharatNet Broadband Infra,3013.51,2026-27
WB_KOLKATA,HOUSING,PM Awas Yojana,3603.51,2026-27
WB_KOLKATA,IRRIGATION,PM Krishi Sinchayee Yojana,3313.51,2026-27
WB_KOLKATA,TRANSPORT,State Rural Transport Connect,3643.51,2026-27
WB_HOWRAH,WATER_SUPPLY,Jal Jeevan Mission,6312.51,2026-27
WB_HOWRAH,SANITATION,Swachh Bharat Mission (Grameen),4862.51,2026-27
WB_HOWRAH,ROADS,PM Gram Sadak Yojana,5922.51,2026-27
WB_HOWRAH,ELECTRICITY,Revamped Distribution Sector Scheme,6582.51,2026-27
WB_HOWRAH,HEALTH,PM Ayushman Bharat Health Infra,2522.51,2026-27
WB_HOWRAH,EDUCATION,Samagra Shiksha Abhiyan,6612.51,2026-27
WB_HOWRAH,DIGITAL,BharatNet Broadband Infra,2512.51,2026-27
WB_HOWRAH,HOUSING,PM Awas Yojana,6562.51,2026-27
WB_HOWRAH,IRRIGATION,PM Krishi Sinchayee Yojana,6092.51,2026-27
WB_HOWRAH,TRANSPORT,State Rural Transport Connect,5762.51,2026-27
WB_PASCHIM_BARDHAMAN,WATER_SUPPLY,Jal Jeevan Mission,3146.91,2026-27
WB_PASCHIM_BARDHAMAN,SANITATION,Swachh Bharat Mission (Grameen),3646.91,2026-27
WB_PASCHIM_BARDHAMAN,ROADS,PM Gram Sadak Yojana,4596.91,2026-27
WB_PASCHIM_BARDHAMAN,ELECTRICITY,Revamped Distribution Sector Scheme,5326.91,2026-27
WB_PASCHIM_BARDHAMAN,HEALTH,PM Ayushman Bharat Health Infra,1336.91,2026-27
WB_PASCHIM_BARDHAMAN,EDUCATION,Samagra Shiksha Abhiyan,6096.91,2026-27
WB_PASCHIM_BARDHAMAN,DIGITAL,BharatNet Broadband Infra,3686.91,2026-27
WB_PASCHIM_BARDHAMAN,HOUSING,PM Awas Yojana,1456.91,2026-27
WB_PASCHIM_BARDHAMAN,IRRIGATION,PM Krishi Sinchayee Yojana,3626.91,2026-27
WB_PASCHIM_BARDHAMAN,TRANSPORT,State Rural Transport Connect,1746.91,2026-27
WB_DARJEELING,WATER_SUPPLY,Jal Jeevan Mission,2301.07,2026-27
WB_DARJEELING,SANITATION,Swachh Bharat Mission (Grameen),3841.07,2026-27
WB_DARJEELING,ROADS,PM Gram Sadak Yojana,1191.07,2026-27
WB_DARJEELING,ELECTRICITY,Revamped Distribution Sector Scheme,4161.07,2026-27
WB_DARJEELING,HEALTH,PM Ayushman Bharat Health Infra,3781.07,2026-27
WB_DARJEELING,EDUCATION,Samagra Shiksha Abhiyan,2231.07,2026-27
WB_DARJEELING,DIGITAL,BharatNet Broadband Infra,2581.07,2026-27
WB_DARJEELING,HOUSING,PM Awas Yojana,1511.07,2026-27
WB_DARJEELING,IRRIGATION,PM Krishi Sinchayee Yojana,4611.07,2026-27
WB_DARJEELING,TRANSPORT,State Rural Transport Connect,1951.07,2026-27
WB_PURULIA,WATER_SUPPLY,Jal Jeevan Mission,5188.55,2026-27
WB_PURULIA,SANITATION,Swachh Bharat Mission (Grameen),2108.55,2026-27
WB_PURULIA,ROADS,PM Gram Sadak Yojana,5158.55,2026-27
WB_PURULIA,ELECTRICITY,Revamped Distribution Sector Scheme,2488.55,2026-27
WB_PURULIA,HEALTH,PM Ayushman Bharat Health Infra,6148.55,2026-27
WB_PURULIA,EDUCATION,Samagra Shiksha Abhiyan,2788.55,2026-27
WB_PURULIA,DIGITAL,BharatNet Broadband Infra,2338.55,2026-27
WB_PURULIA,HOUSING,PM Awas Yojana,1908.55,2026-27
WB_PURULIA,IRRIGATION,PM Krishi Sinchayee Yojana,1368.55,2026-27
WB_PURULIA,TRANSPORT,State Rural Transport Connect,1358.55,2026-27
WB_MALDA,WATER_SUPPLY,Jal Jeevan Mission,4034.98,2026-27
WB_MALDA,SANITATION,Swachh Bharat Mission (Grameen),4364.98,2026-27
WB_MALDA,ROADS,PM Gram Sadak Yojana,4794.98,2026-27
WB_MALDA,ELECTRICITY,Revamped Distribution Sector Scheme,5504.98,2026-27
WB_MALDA,HEALTH,PM Ayushman Bharat Health Infra,3594.98,2026-27
WB_MALDA,EDUCATION,Samagra Shiksha Abhiyan,2914.98,2026-27
WB_MALDA,DIGITAL,BharatNet Broadband Infra,6034.98,2026-27
WB_MALDA,HOUSING,PM Awas Yojana,6094.98,2026-27
WB_MALDA,IRRIGATION,PM Krishi Sinchayee Yojana,2744.98,2026-27
WB_MALDA,TRANSPORT,State Rural Transport Connect,3974.98,2026-27
WB_MURSHIDABAD,WATER_SUPPLY,Jal Jeevan Mission,6196.71,2026-27
WB_MURSHIDABAD,SANITATION,Swachh Bharat Mission (Grameen),7526.71,2026-27
WB_MURSHIDABAD,ROADS,PM Gram Sadak Yojana,7256.71,2026-27
WB_MURSHIDABAD,ELECTRICITY,Revamped Distribution Sector Scheme,3666.71,2026-27
WB_MURSHIDABAD,HEALTH,PM Ayushman Bharat Health Infra,7036.71,2026-27
WB_MURSHIDABAD,EDUCATION,Samagra Shiksha Abhiyan,4186.71,2026-27
WB_MURSHIDABAD,DIGITAL,BharatNet Broadband Infra,4376.71,2026-27
WB_MURSHIDABAD,HOUSING,PM Awas Yojana,5056.71,2026-27
WB_MURSHIDABAD,IRRIGATION,PM Krishi Sinchayee Yojana,6606.71,2026-27
WB_MURSHIDABAD,TRANSPORT,State Rural Transport Connect,5376.71,2026-27
OD_KHORDHA,WATER_SUPPLY,Jal Jeevan Mission,5763.25,2026-27
OD_KHORDHA,SANITATION,Swachh Bharat Mission (Grameen),2723.25,2026-27
OD_KHORDHA,ROADS,PM Gram Sadak Yojana,3263.25,2026-27
OD_KHORDHA,ELECTRICITY,Revamped Distribution Sector Scheme,1383.25,2026-27
OD_KHORDHA,HEALTH,PM Ayushman Bharat Health Infra,5643.25,2026-27
OD_KHORDHA,EDUCATION,Samagra Shiksha Abhiyan,4163.25,2026-27
OD_KHORDHA,DIGITAL,BharatNet Broadband Infra,3523.25,2026-27
OD_KHORDHA,HOUSING,PM Awas Yojana,5813.25,2026-27
OD_KHORDHA,IRRIGATION,PM Krishi Sinchayee Yojana,5563.25,2026-27
OD_KHORDHA,TRANSPORT,State Rural Transport Connect,3693.25,2026-27
OD_CUTTACK,WATER_SUPPLY,Jal Jeevan Mission,2261.01,2026-27
OD_CUTTACK,SANITATION,Swachh Bharat Mission (Grameen),2761.01,2026-27
OD_CUTTACK,ROADS,PM Gram Sadak Yojana,6141.01,2026-27
OD_CUTTACK,ELECTRICITY,Revamped Distribution Sector Scheme,2441.01,2026-27
OD_CUTTACK,HEALTH,PM Ayushman Bharat Health Infra,5591.01,2026-27
OD_CUTTACK,EDUCATION,Samagra Shiksha Abhiyan,4251.01,2026-27
OD_CUTTACK,DIGITAL,BharatNet Broadband Infra,4351.01,2026-27
OD_CUTTACK,HOUSING,PM Awas Yojana,5871.01,2026-27
OD_CUTTACK,IRRIGATION,PM Krishi Sinchayee Yojana,2101.01,2026-27
OD_CUTTACK,TRANSPORT,State Rural Transport Connect,4091.01,2026-27
OD_SUNDARGARH,WATER_SUPPLY,Jal Jeevan Mission,4292.05,2026-27
OD_SUNDARGARH,SANITATION,Swachh Bharat Mission (Grameen),1302.05,2026-27
OD_SUNDARGARH,ROADS,PM Gram Sadak Yojana,1062.05,2026-27
OD_SUNDARGARH,ELECTRICITY,Revamped Distribution Sector Scheme,3482.05,2026-27
OD_SUNDARGARH,HEALTH,PM Ayushman Bharat Health Infra,2862.05,2026-27
OD_SUNDARGARH,EDUCATION,Samagra Shiksha Abhiyan,1972.05,2026-27
OD_SUNDARGARH,DIGITAL,BharatNet Broadband Infra,2322.05,2026-27
OD_SUNDARGARH,HOUSING,PM Awas Yojana,5502.05,2026-27
OD_SUNDARGARH,IRRIGATION,PM Krishi Sinchayee Yojana,4742.05,2026-27
OD_SUNDARGARH,TRANSPORT,State Rural Transport Connect,1442.05,2026-27
OD_GANJAM,WATER_SUPPLY,Jal Jeevan Mission,4728.06,2026-27
OD_GANJAM,SANITATION,Swachh Bharat Mission (Grameen),3578.06,2026-27
OD_GANJAM,ROADS,PM Gram Sadak Yojana,3938.06,2026-27
OD_GANJAM,ELECTRICITY,Revamped Distribution Sector Scheme,3848.06,2026-27
OD_GANJAM,HEALTH,PM Ayushman Bharat Health Infra,6218.06,2026-27
OD_GANJAM,EDUCATION,Samagra Shiksha Abhiyan,5708.06,2026-27
OD_GANJAM,DIGITAL,BharatNet Broadband Infra,5128.06,2026-27
OD_GANJAM,HOUSING,PM Awas Yojana,5568.06,2026-27
OD_GANJAM,IRRIGATION,PM Krishi Sinchayee Yojana,4978.06,2026-27
OD_GANJAM,TRANSPORT,State Rural Transport Connect,4728.06,2026-27
OD_SAMBALPUR,WATER_SUPPLY,Jal Jeevan Mission,848.49,2026-27
OD_SAMBALPUR,SANITATION,Swachh Bharat Mission (Grameen),4608.49,2026-27
OD_SAMBALPUR,ROADS,PM Gram Sadak Yojana,4718.49,2026-27
OD_SAMBALPUR,ELECTRICITY,Revamped Distribution Sector Scheme,5238.49,2026-27
OD_SAMBALPUR,HEALTH,PM Ayushman Bharat Health Infra,3818.49,2026-27
OD_SAMBALPUR,EDUCATION,Samagra Shiksha Abhiyan,2768.49,2026-27
OD_SAMBALPUR,DIGITAL,BharatNet Broadband Infra,4928.49,2026-27
OD_SAMBALPUR,HOUSING,PM Awas Yojana,5408.49,2026-27
OD_SAMBALPUR,IRRIGATION,PM Krishi Sinchayee Yojana,1248.49,2026-27
OD_SAMBALPUR,TRANSPORT,State Rural Transport Connect,5298.49,2026-27
OD_PURI,WATER_SUPPLY,Jal Jeevan Mission,3404.43,2026-27
OD_PURI,SANITATION,Swachh Bharat Mission (Grameen),1294.43,2026-27
OD_PURI,ROADS,PM Gram Sadak Yojana,3934.43,2026-27
OD_PURI,ELECTRICITY,Revamped Distribution Sector Scheme,1134.43,2026-27
OD_PURI,HEALTH,PM Ayushman Bharat Health Infra,5424.43,2026-27
OD_PURI,EDUCATION,Samagra Shiksha Abhiyan,3844.43,2026-27
OD_PURI,DIGITAL,BharatNet Broadband Infra,2304.43,2026-27
OD_PURI,HOUSING,PM Awas Yojana,4324.43,2026-27
OD_PURI,IRRIGATION,PM Krishi Sinchayee Yojana,1594.43,2026-27
OD_PURI,TRANSPORT,State Rural Transport Connect,3804.43,2026-27
OD_KALAHANDI,WATER_SUPPLY,Jal Jeevan Mission,5009.59,2026-27
OD_KALAHANDI,SANITATION,Swachh Bharat Mission (Grameen),3219.59,2026-27
OD_KALAHANDI,ROADS,PM Gram Sadak Yojana,4729.59,2026-27
OD_KALAHANDI,ELECTRICITY,Revamped Distribution Sector Scheme,1419.59,2026-27
OD_KALAHANDI,HEALTH,PM Ayushman Bharat Health Infra,2719.59,2026-27
OD_KALAHANDI,EDUCATION,Samagra Shiksha Abhiyan,969.59,2026-27
OD_KALAHANDI,DIGITAL,BharatNet Broadband Infra,1089.59,2026-27
OD_KALAHANDI,HOUSING,PM Awas Yojana,5089.59,2026-27
OD_KALAHANDI,IRRIGATION,PM Krishi Sinchayee Yojana,4929.59,2026-27
OD_KALAHANDI,TRANSPORT,State Rural Transport Connect,3729.59,2026-27
OD_NABARANGPUR,WATER_SUPPLY,Jal Jeevan Mission,3779.43,2026-27
OD_NABARANGPUR,SANITATION,Swachh Bharat Mission (Grameen),749.43,2026-27
OD_NABARANGPUR,ROADS,PM Gram Sadak Yojana,3109.43,2026-27
OD_NABARANGPUR,ELECTRICITY,Revamped Distribution Sector Scheme,2879.43,2026-27
OD_NABARANGPUR,HEALTH,PM Ayushman Bharat Health Infra,3569.43,2026-27
OD_NABARANGPUR,EDUCATION,Samagra Shiksha Abhiyan,3229.43,2026-27
OD_NABARANGPUR,DIGITAL,BharatNet Broadband Infra,2859.43,2026-27
OD_NABARANGPUR,HOUSING,PM Awas Yojana,2149.43,2026-27
OD_NABARANGPUR,IRRIGATION,PM Krishi Sinchayee Yojana,3179.43,2026-27
OD_NABARANGPUR,TRANSPORT,State Rural Transport Connect,1259.43,2026-27
OD_KORAPUT,WATER_SUPPLY,Jal Jeevan Mission,3780.84,2026-27
OD_KORAPUT,SANITATION,Swachh Bharat Mission (Grameen),840.84,2026-27
OD_KORAPUT,ROADS,PM Gram Sadak Yojana,4420.84,2026-27
OD_KORAPUT,ELECTRICITY,Revamped Distribution Sector Scheme,3220.84,2026-27
OD_KORAPUT,HEALTH,PM Ayushman Bharat Health Infra,4090.84,2026-27
OD_KORAPUT,EDUCATION,Samagra Shiksha Abhiyan,2860.84,2026-27
OD_KORAPUT,DIGITAL,BharatNet Broadband Infra,5330.84,2026-27
OD_KORAPUT,HOUSING,PM Awas Yojana,4220.84,2026-27
OD_KORAPUT,IRRIGATION,PM Krishi Sinchayee Yojana,1630.84,2026-27
OD_KORAPUT,TRANSPORT,State Rural Transport Connect,920.84,2026-27
PB_LUDHIANA,WATER_SUPPLY,Jal Jeevan Mission,5884.43,2026-27
PB_LUDHIANA,SANITATION,Swachh Bharat Mission (Grameen),5324.43,2026-27
PB_LUDHIANA,ROADS,PM Gram Sadak Yojana,4294.43,2026-27
PB_LUDHIANA,ELECTRICITY,Revamped Distribution Sector Scheme,3254.43,2026-27
PB_LUDHIANA,HEALTH,PM Ayushman Bharat Health Infra,5234.43,2026-27
PB_LUDHIANA,EDUCATION,Samagra Shiksha Abhiyan,4004.43,2026-27
PB_LUDHIANA,DIGITAL,BharatNet Broadband Infra,1634.43,2026-27
PB_LUDHIANA,HOUSING,PM Awas Yojana,2174.43,2026-27
PB_LUDHIANA,IRRIGATION,PM Krishi Sinchayee Yojana,2444.43,2026-27
PB_LUDHIANA,TRANSPORT,State Rural Transport Connect,5324.43,2026-27
PB_AMRITSAR,WATER_SUPPLY,Jal Jeevan Mission,4010.8,2026-27
PB_AMRITSAR,SANITATION,Swachh Bharat Mission (Grameen),3530.8,2026-27
PB_AMRITSAR,ROADS,PM Gram Sadak Yojana,3890.8,2026-27
PB_AMRITSAR,ELECTRICITY,Revamped Distribution Sector Scheme,4220.8,2026-27
PB_AMRITSAR,HEALTH,PM Ayushman Bharat Health Infra,5040.8,2026-27
PB_AMRITSAR,EDUCATION,Samagra Shiksha Abhiyan,4070.8,2026-27
PB_AMRITSAR,DIGITAL,BharatNet Broadband Infra,4840.8,2026-27
PB_AMRITSAR,HOUSING,PM Awas Yojana,1910.8,2026-27
PB_AMRITSAR,IRRIGATION,PM Krishi Sinchayee Yojana,5030.8,2026-27
PB_AMRITSAR,TRANSPORT,State Rural Transport Connect,1220.8,2026-27
PB_JALANDHAR,WATER_SUPPLY,Jal Jeevan Mission,4627.12,2026-27
PB_JALANDHAR,SANITATION,Swachh Bharat Mission (Grameen),4897.12,2026-27
PB_JALANDHAR,ROADS,PM Gram Sadak Yojana,3317.12,2026-27
PB_JALANDHAR,ELECTRICITY,Revamped Distribution Sector Scheme,2927.12,2026-27
PB_JALANDHAR,HEALTH,PM Ayushman Bharat Health Infra,2207.12,2026-27
PB_JALANDHAR,EDUCATION,Samagra Shiksha Abhiyan,5127.12,2026-27
PB_JALANDHAR,DIGITAL,BharatNet Broadband Infra,3697.12,2026-27
PB_JALANDHAR,HOUSING,PM Awas Yojana,3887.12,2026-27
PB_JALANDHAR,IRRIGATION,PM Krishi Sinchayee Yojana,2217.12,2026-27
PB_JALANDHAR,TRANSPORT,State Rural Transport Connect,1087.12,2026-27
PB_PATIALA,WATER_SUPPLY,Jal Jeevan Mission,2223.06,2026-27
PB_PATIALA,SANITATION,Swachh Bharat Mission (Grameen),3033.06,2026-27
PB_PATIALA,ROADS,PM Gram Sadak Yojana,5713.06,2026-27
PB_PATIALA,ELECTRICITY,Revamped Distribution Sector Scheme,2213.06,2026-27
PB_PATIALA,HEALTH,PM Ayushman Bharat Health Infra,4123.06,2026-27
PB_PATIALA,EDUCATION,Samagra Shiksha Abhiyan,2573.06,2026-27
PB_PATIALA,DIGITAL,BharatNet Broadband Infra,1523.06,2026-27
PB_PATIALA,HOUSING,PM Awas Yojana,2023.06,2026-27
PB_PATIALA,IRRIGATION,PM Krishi Sinchayee Yojana,2693.06,2026-27
PB_PATIALA,TRANSPORT,State Rural Transport Connect,1553.06,2026-27
PB_BATHINDA,WATER_SUPPLY,Jal Jeevan Mission,2644.84,2026-27
PB_BATHINDA,SANITATION,Swachh Bharat Mission (Grameen),4154.84,2026-27
PB_BATHINDA,ROADS,PM Gram Sadak Yojana,5344.84,2026-27
PB_BATHINDA,ELECTRICITY,Revamped Distribution Sector Scheme,4184.84,2026-27
PB_BATHINDA,HEALTH,PM Ayushman Bharat Health Infra,4784.84,2026-27
PB_BATHINDA,EDUCATION,Samagra Shiksha Abhiyan,1114.84,2026-27
PB_BATHINDA,DIGITAL,BharatNet Broadband Infra,3484.84,2026-27
PB_BATHINDA,HOUSING,PM Awas Yojana,824.84,2026-27
PB_BATHINDA,IRRIGATION,PM Krishi Sinchayee Yojana,2024.84,2026-27
PB_BATHINDA,TRANSPORT,State Rural Transport Connect,2624.84,2026-27
PB_SAS_NAGAR,WATER_SUPPLY,Jal Jeevan Mission,5007.58,2026-27
PB_SAS_NAGAR,SANITATION,Swachh Bharat Mission (Grameen),1407.58,2026-27
PB_SAS_NAGAR,ROADS,PM Gram Sadak Yojana,1277.58,2026-27
PB_SAS_NAGAR,ELECTRICITY,Revamped Distribution Sector Scheme,957.58,2026-27
PB_SAS_NAGAR,HEALTH,PM Ayushman Bharat Health Infra,2197.58,2026-27
PB_SAS_NAGAR,EDUCATION,Samagra Shiksha Abhiyan,1717.58,2026-27
PB_SAS_NAGAR,DIGITAL,BharatNet Broadband Infra,2837.58,2026-27
PB_SAS_NAGAR,HOUSING,PM Awas Yojana,2067.58,2026-27
PB_SAS_NAGAR,IRRIGATION,PM Krishi Sinchayee Yojana,3987.58,2026-27
PB_SAS_NAGAR,TRANSPORT,State Rural Transport Connect,2387.58,2026-27
PB_MANSA,WATER_SUPPLY,Jal Jeevan Mission,3986.39,2026-27
PB_MANSA,SANITATION,Swachh Bharat Mission (Grameen),2546.39,2026-27
PB_MANSA,ROADS,PM Gram Sadak Yojana,2236.39,2026-27
PB_MANSA,ELECTRICITY,Revamped Distribution Sector Scheme,2856.39,2026-27
PB_MANSA,HEALTH,PM Ayushman Bharat Health Infra,2206.39,2026-27
PB_MANSA,EDUCATION,Samagra Shiksha Abhiyan,4686.39,2026-27
PB_MANSA,DIGITAL,BharatNet Broadband Infra,1976.39,2026-27
PB_MANSA,HOUSING,PM Awas Yojana,2506.39,2026-27
PB_MANSA,IRRIGATION,PM Krishi Sinchayee Yojana,4746.39,2026-27
PB_MANSA,TRANSPORT,State Rural Transport Connect,1156.39,2026-27
HR_GURUGRAM,WATER_SUPPLY,Jal Jeevan Mission,1461.49,2026-27
HR_GURUGRAM,SANITATION,Swachh Bharat Mission (Grameen),3941.49,2026-27
HR_GURUGRAM,ROADS,PM Gram Sadak Yojana,3301.49,2026-27
HR_GURUGRAM,ELECTRICITY,Revamped Distribution Sector Scheme,1421.49,2026-27
HR_GURUGRAM,HEALTH,PM Ayushman Bharat Health Infra,4521.49,2026-27
HR_GURUGRAM,EDUCATION,Samagra Shiksha Abhiyan,1511.49,2026-27
HR_GURUGRAM,DIGITAL,BharatNet Broadband Infra,5051.49,2026-27
HR_GURUGRAM,HOUSING,PM Awas Yojana,3381.49,2026-27
HR_GURUGRAM,IRRIGATION,PM Krishi Sinchayee Yojana,4141.49,2026-27
HR_GURUGRAM,TRANSPORT,State Rural Transport Connect,4881.49,2026-27
HR_FARIDABAD,WATER_SUPPLY,Jal Jeevan Mission,2204.38,2026-27
HR_FARIDABAD,SANITATION,Swachh Bharat Mission (Grameen),5134.38,2026-27
HR_FARIDABAD,ROADS,PM Gram Sadak Yojana,1994.38,2026-27
HR_FARIDABAD,ELECTRICITY,Revamped Distribution Sector Scheme,3374.38,2026-27
HR_FARIDABAD,HEALTH,PM Ayushman Bharat Health Infra,3164.38,2026-27
HR_FARIDABAD,EDUCATION,Samagra Shiksha Abhiyan,4144.38,2026-27
HR_FARIDABAD,DIGITAL,BharatNet Broadband Infra,2374.38,2026-27
HR_FARIDABAD,HOUSING,PM Awas Yojana,3544.38,2026-27
HR_FARIDABAD,IRRIGATION,PM Krishi Sinchayee Yojana,1724.38,2026-27
HR_FARIDABAD,TRANSPORT,State Rural Transport Connect,3734.38,2026-27
HR_PANIPAT,WATER_SUPPLY,Jal Jeevan Mission,5412.45,2026-27
HR_PANIPAT,SANITATION,Swachh Bharat Mission (Grameen),5282.45,2026-27
HR_PANIPAT,ROADS,PM Gram Sadak Yojana,1912.45,2026-27
HR_PANIPAT,ELECTRICITY,Revamped Distribution Sector Scheme,4062.45,2026-27
HR_PANIPAT,HEALTH,PM Ayushman Bharat Health Infra,2122.45,2026-27
HR_PANIPAT,EDUCATION,Samagra Shiksha Abhiyan,1532.45,2026-27
HR_PANIPAT,DIGITAL,BharatNet Broadband Infra,3652.45,2026-27
HR_PANIPAT,HOUSING,PM Awas Yojana,3552.45,2026-27
HR_PANIPAT,IRRIGATION,PM Krishi Sinchayee Yojana,5462.45,2026-27
HR_PANIPAT,TRANSPORT,State Rural Transport Connect,4342.45,2026-27
HR_AMBALA,WATER_SUPPLY,Jal Jeevan Mission,597.76,2026-27
HR_AMBALA,SANITATION,Swachh Bharat Mission (Grameen),877.76,2026-27
HR_AMBALA,ROADS,PM Gram Sadak Yojana,3797.76,2026-27
HR_AMBALA,ELECTRICITY,Revamped Distribution Sector Scheme,4457.76,2026-27
HR_AMBALA,HEALTH,PM Ayushman Bharat Health Infra,1417.76,2026-27
HR_AMBALA,EDUCATION,Samagra Shiksha Abhiyan,4547.76,2026-27
HR_AMBALA,DIGITAL,BharatNet Broadband Infra,1937.76,2026-27
HR_AMBALA,HOUSING,PM Awas Yojana,4637.76,2026-27
HR_AMBALA,IRRIGATION,PM Krishi Sinchayee Yojana,4107.76,2026-27
HR_AMBALA,TRANSPORT,State Rural Transport Connect,3717.76,2026-27
HR_ROHTAK,WATER_SUPPLY,Jal Jeevan Mission,5057.54,2026-27
HR_ROHTAK,SANITATION,Swachh Bharat Mission (Grameen),3127.54,2026-27
HR_ROHTAK,ROADS,PM Gram Sadak Yojana,5307.54,2026-27
HR_ROHTAK,ELECTRICITY,Revamped Distribution Sector Scheme,1067.54,2026-27
HR_ROHTAK,HEALTH,PM Ayushman Bharat Health Infra,797.54,2026-27
HR_ROHTAK,EDUCATION,Samagra Shiksha Abhiyan,1297.54,2026-27
HR_ROHTAK,DIGITAL,BharatNet Broadband Infra,2497.54,2026-27
HR_ROHTAK,HOUSING,PM Awas Yojana,3827.54,2026-27
HR_ROHTAK,IRRIGATION,PM Krishi Sinchayee Yojana,1647.54,2026-27
HR_ROHTAK,TRANSPORT,State Rural Transport Connect,777.54,2026-27
HR_HISAR,WATER_SUPPLY,Jal Jeevan Mission,2314.54,2026-27
HR_HISAR,SANITATION,Swachh Bharat Mission (Grameen),4734.54,2026-27
HR_HISAR,ROADS,PM Gram Sadak Yojana,3934.54,2026-27
HR_HISAR,ELECTRICITY,Revamped Distribution Sector Scheme,1124.54,2026-27
HR_HISAR,HEALTH,PM Ayushman Bharat Health Infra,3574.54,2026-27
HR_HISAR,EDUCATION,Samagra Shiksha Abhiyan,5644.54,2026-27
HR_HISAR,DIGITAL,BharatNet Broadband Infra,5084.54,2026-27
HR_HISAR,HOUSING,PM Awas Yojana,5364.54,2026-27
HR_HISAR,IRRIGATION,PM Krishi Sinchayee Yojana,1504.54,2026-27
HR_HISAR,TRANSPORT,State Rural Transport Connect,4504.54,2026-27
HR_KARNAL,WATER_SUPPLY,Jal Jeevan Mission,817.4,2026-27
HR_KARNAL,SANITATION,Swachh Bharat Mission (Grameen),1487.4,2026-27
HR_KARNAL,ROADS,PM Gram Sadak Yojana,3807.4,2026-27
HR_KARNAL,ELECTRICITY,Revamped Distribution Sector Scheme,1937.4,2026-27
HR_KARNAL,HEALTH,PM Ayushman Bharat Health Infra,4177.4,2026-27
HR_KARNAL,EDUCATION,Samagra Shiksha Abhiyan,1187.4,2026-27
HR_KARNAL,DIGITAL,BharatNet Broadband Infra,2787.4,2026-27
HR_KARNAL,HOUSING,PM Awas Yojana,4867.4,2026-27
HR_KARNAL,IRRIGATION,PM Krishi Sinchayee Yojana,5197.4,2026-27
HR_KARNAL,TRANSPORT,State Rural Transport Connect,4397.4,2026-27
HR_SONIPAT,WATER_SUPPLY,Jal Jeevan Mission,5142.5,2026-27
HR_SONIPAT,SANITATION,Swachh Bharat Mission (Grameen),4712.5,2026-27
HR_SONIPAT,ROADS,PM Gram Sadak Yojana,1432.5,2026-27
HR_SONIPAT,ELECTRICITY,Revamped Distribution Sector Scheme,862.5,2026-27
HR_SONIPAT,HEALTH,PM Ayushman Bharat Health Infra,2002.5,2026-27
HR_SONIPAT,EDUCATION,Samagra Shiksha Abhiyan,1602.5,2026-27
HR_SONIPAT,DIGITAL,BharatNet Broadband Infra,3722.5,2026-27
HR_SONIPAT,HOUSING,PM Awas Yojana,3682.5,2026-27
HR_SONIPAT,IRRIGATION,PM Krishi Sinchayee Yojana,3852.5,2026-27
HR_SONIPAT,TRANSPORT,State Rural Transport Connect,5562.5,2026-27
HR_PANCHKULA,WATER_SUPPLY,Jal Jeevan Mission,2012.58,2026-27
HR_PANCHKULA,SANITATION,Swachh Bharat Mission (Grameen),2602.58,2026-27
HR_PANCHKULA,ROADS,PM Gram Sadak Yojana,4772.58,2026-27
HR_PANCHKULA,ELECTRICITY,Revamped Distribution Sector Scheme,4432.58,2026-27
HR_PANCHKULA,HEALTH,PM Ayushman Bharat Health Infra,1592.58,2026-27
HR_PANCHKULA,EDUCATION,Samagra Shiksha Abhiyan,582.58,2026-27
HR_PANCHKULA,DIGITAL,BharatNet Broadband Infra,362.58,2026-27
HR_PANCHKULA,HOUSING,PM Awas Yojana,1682.58,2026-27
HR_PANCHKULA,IRRIGATION,PM Krishi Sinchayee Yojana,432.58,2026-27
HR_PANCHKULA,TRANSPORT,State Rural Transport Connect,4472.58,2026-27
JH_RANCHI,WATER_SUPPLY,Jal Jeevan Mission,3771.41,2026-27
JH_RANCHI,SANITATION,Swachh Bharat Mission (Grameen),4691.41,2026-27
JH_RANCHI,ROADS,PM Gram Sadak Yojana,4491.41,2026-27
JH_RANCHI,ELECTRICITY,Revamped Distribution Sector Scheme,5321.41,2026-27
JH_RANCHI,HEALTH,PM Ayushman Bharat Health Infra,1981.41,2026-27
JH_RANCHI,EDUCATION,Samagra Shiksha Abhiyan,3501.41,2026-27
JH_RANCHI,DIGITAL,BharatNet Broadband Infra,2261.41,2026-27
JH_RANCHI,HOUSING,PM Awas Yojana,2001.41,2026-27
JH_RANCHI,IRRIGATION,PM Krishi Sinchayee Yojana,5531.41,2026-27
JH_RANCHI,TRANSPORT,State Rural Transport Connect,6241.41,2026-27
JH_EAST_SINGHBHUM,WATER_SUPPLY,Jal Jeevan Mission,3322.26,2026-27
JH_EAST_SINGHBHUM,SANITATION,Swachh Bharat Mission (Grameen),4532.26,2026-27
JH_EAST_SINGHBHUM,ROADS,PM Gram Sadak Yojana,5842.26,2026-27
JH_EAST_SINGHBHUM,ELECTRICITY,Revamped Distribution Sector Scheme,4772.26,2026-27
JH_EAST_SINGHBHUM,HEALTH,PM Ayushman Bharat Health Infra,2192.26,2026-27
JH_EAST_SINGHBHUM,EDUCATION,Samagra Shiksha Abhiyan,2392.26,2026-27
JH_EAST_SINGHBHUM,DIGITAL,BharatNet Broadband Infra,1382.26,2026-27
JH_EAST_SINGHBHUM,HOUSING,PM Awas Yojana,5012.26,2026-27
JH_EAST_SINGHBHUM,IRRIGATION,PM Krishi Sinchayee Yojana,4622.26,2026-27
JH_EAST_SINGHBHUM,TRANSPORT,State Rural Transport Connect,2412.26,2026-27
JH_DHANBAD,WATER_SUPPLY,Jal Jeevan Mission,1488.02,2026-27
JH_DHANBAD,SANITATION,Swachh Bharat Mission (Grameen),3478.02,2026-27
JH_DHANBAD,ROADS,PM Gram Sadak Yojana,4898.02,2026-27
JH_DHANBAD,ELECTRICITY,Revamped Distribution Sector Scheme,4408.02,2026-27
JH_DHANBAD,HEALTH,PM Ayushman Bharat Health Infra,1968.02,2026-27
JH_DHANBAD,EDUCATION,Samagra Shiksha Abhiyan,3448.02,2026-27
JH_DHANBAD,DIGITAL,BharatNet Broadband Infra,5748.02,2026-27
JH_DHANBAD,HOUSING,PM Awas Yojana,1238.02,2026-27
JH_DHANBAD,IRRIGATION,PM Krishi Sinchayee Yojana,1398.02,2026-27
JH_DHANBAD,TRANSPORT,State Rural Transport Connect,2588.02,2026-27
JH_BOKARO,WATER_SUPPLY,Jal Jeevan Mission,1668.05,2026-27
JH_BOKARO,SANITATION,Swachh Bharat Mission (Grameen),3928.05,2026-27
JH_BOKARO,ROADS,PM Gram Sadak Yojana,3558.05,2026-27
JH_BOKARO,ELECTRICITY,Revamped Distribution Sector Scheme,3038.05,2026-27
JH_BOKARO,HEALTH,PM Ayushman Bharat Health Infra,2108.05,2026-27
JH_BOKARO,EDUCATION,Samagra Shiksha Abhiyan,2528.05,2026-27
JH_BOKARO,DIGITAL,BharatNet Broadband Infra,3228.05,2026-27
JH_BOKARO,HOUSING,PM Awas Yojana,3728.05,2026-27
JH_BOKARO,IRRIGATION,PM Krishi Sinchayee Yojana,1208.05,2026-27
JH_BOKARO,TRANSPORT,State Rural Transport Connect,1318.05,2026-27
JH_PAKUR,WATER_SUPPLY,Jal Jeevan Mission,3645.19,2026-27
JH_PAKUR,SANITATION,Swachh Bharat Mission (Grameen),5195.19,2026-27
JH_PAKUR,ROADS,PM Gram Sadak Yojana,1525.19,2026-27
JH_PAKUR,ELECTRICITY,Revamped Distribution Sector Scheme,1855.19,2026-27
JH_PAKUR,HEALTH,PM Ayushman Bharat Health Infra,1985.19,2026-27
JH_PAKUR,EDUCATION,Samagra Shiksha Abhiyan,3365.19,2026-27
JH_PAKUR,DIGITAL,BharatNet Broadband Infra,1015.19,2026-27
JH_PAKUR,HOUSING,PM Awas Yojana,2115.19,2026-27
JH_PAKUR,IRRIGATION,PM Krishi Sinchayee Yojana,835.19,2026-27
JH_PAKUR,TRANSPORT,State Rural Transport Connect,4905.19,2026-27
JH_SAHIBGANJ,WATER_SUPPLY,Jal Jeevan Mission,577.52,2026-27
JH_SAHIBGANJ,SANITATION,Swachh Bharat Mission (Grameen),4057.52,2026-27
JH_SAHIBGANJ,ROADS,PM Gram Sadak Yojana,4587.52,2026-27
JH_SAHIBGANJ,ELECTRICITY,Revamped Distribution Sector Scheme,4047.52,2026-27
JH_SAHIBGANJ,HEALTH,PM Ayushman Bharat Health Infra,1827.52,2026-27
JH_SAHIBGANJ,EDUCATION,Samagra Shiksha Abhiyan,3207.52,2026-27
JH_SAHIBGANJ,DIGITAL,BharatNet Broadband Infra,3937.52,2026-27
JH_SAHIBGANJ,HOUSING,PM Awas Yojana,2057.52,2026-27
JH_SAHIBGANJ,IRRIGATION,PM Krishi Sinchayee Yojana,677.52,2026-27
JH_SAHIBGANJ,TRANSPORT,State Rural Transport Connect,1177.52,2026-27
CG_RAIPUR,WATER_SUPPLY,Jal Jeevan Mission,6508.74,2026-27
CG_RAIPUR,SANITATION,Swachh Bharat Mission (Grameen),3598.74,2026-27
CG_RAIPUR,ROADS,PM Gram Sadak Yojana,5638.74,2026-27
CG_RAIPUR,ELECTRICITY,Revamped Distribution Sector Scheme,5758.74,2026-27
CG_RAIPUR,HEALTH,PM Ayushman Bharat Health Infra,4818.74,2026-27
CG_RAIPUR,EDUCATION,Samagra Shiksha Abhiyan,5948.74,2026-27
CG_RAIPUR,DIGITAL,BharatNet Broadband Infra,2298.74,2026-27
CG_RAIPUR,HOUSING,PM Awas Yojana,2938.74,2026-27
CG_RAIPUR,IRRIGATION,PM Krishi Sinchayee Yojana,2948.74,2026-27
CG_RAIPUR,TRANSPORT,State Rural Transport Connect,6668.74,2026-27
CG_DURG,WATER_SUPPLY,Jal Jeevan Mission,3154.74,2026-27
CG_DURG,SANITATION,Swachh Bharat Mission (Grameen),1734.74,2026-27
CG_DURG,ROADS,PM Gram Sadak Yojana,5404.74,2026-27
CG_DURG,ELECTRICITY,Revamped Distribution Sector Scheme,4424.74,2026-27
CG_DURG,HEALTH,PM Ayushman Bharat Health Infra,5084.74,2026-27
CG_DURG,EDUCATION,Samagra Shiksha Abhiyan,3514.74,2026-27
CG_DURG,DIGITAL,BharatNet Broadband Infra,2644.74,2026-27
CG_DURG,HOUSING,PM Awas Yojana,5664.74,2026-27
CG_DURG,IRRIGATION,PM Krishi Sinchayee Yojana,6014.74,2026-27
CG_DURG,TRANSPORT,State Rural Transport Connect,2104.74,2026-27
CG_BILASPUR,WATER_SUPPLY,Jal Jeevan Mission,2438.8,2026-27
CG_BILASPUR,SANITATION,Swachh Bharat Mission (Grameen),3288.8,2026-27
CG_BILASPUR,ROADS,PM Gram Sadak Yojana,1578.8,2026-27
CG_BILASPUR,ELECTRICITY,Revamped Distribution Sector Scheme,2888.8,2026-27
CG_BILASPUR,HEALTH,PM Ayushman Bharat Health Infra,3818.8,2026-27
CG_BILASPUR,EDUCATION,Samagra Shiksha Abhiyan,6188.8,2026-27
CG_BILASPUR,DIGITAL,BharatNet Broadband Infra,4798.8,2026-27
CG_BILASPUR,HOUSING,PM Awas Yojana,5458.8,2026-27
CG_BILASPUR,IRRIGATION,PM Krishi Sinchayee Yojana,1768.8,2026-27
CG_BILASPUR,TRANSPORT,State Rural Transport Connect,6148.8,2026-27
CG_BIJAPUR,WATER_SUPPLY,Jal Jeevan Mission,694.85,2026-27
CG_BIJAPUR,SANITATION,Swachh Bharat Mission (Grameen),2534.85,2026-27
CG_BIJAPUR,ROADS,PM Gram Sadak Yojana,3514.85,2026-27
CG_BIJAPUR,ELECTRICITY,Revamped Distribution Sector Scheme,854.85,2026-27
CG_BIJAPUR,HEALTH,PM Ayushman Bharat Health Infra,4574.85,2026-27
CG_BIJAPUR,EDUCATION,Samagra Shiksha Abhiyan,1054.85,2026-27
CG_BIJAPUR,DIGITAL,BharatNet Broadband Infra,2634.85,2026-27
CG_BIJAPUR,HOUSING,PM Awas Yojana,3264.85,2026-27
CG_BIJAPUR,IRRIGATION,PM Krishi Sinchayee Yojana,994.85,2026-27
CG_BIJAPUR,TRANSPORT,State Rural Transport Connect,3064.85,2026-27
CG_SUKMA,WATER_SUPPLY,Jal Jeevan Mission,4272.57,2026-27
CG_SUKMA,SANITATION,Swachh Bharat Mission (Grameen),2992.57,2026-27
CG_SUKMA,ROADS,PM Gram Sadak Yojana,1982.57,2026-27
CG_SUKMA,ELECTRICITY,Revamped Distribution Sector Scheme,2912.57,2026-27
CG_SUKMA,HEALTH,PM Ayushman Bharat Health Infra,2482.57,2026-27
CG_SUKMA,EDUCATION,Samagra Shiksha Abhiyan,942.57,2026-27
CG_SUKMA,DIGITAL,BharatNet Broadband Infra,362.57,2026-27
CG_SUKMA,HOUSING,PM Awas Yojana,4562.57,2026-27
CG_SUKMA,IRRIGATION,PM Krishi Sinchayee Yojana,4512.57,2026-27
CG_SUKMA,TRANSPORT,State Rural Transport Connect,4792.57,2026-27
AS_KAMRUP_METRO,WATER_SUPPLY,Jal Jeevan Mission,2144.27,2026-27
AS_KAMRUP_METRO,SANITATION,Swachh Bharat Mission (Grameen),4734.27,2026-27
AS_KAMRUP_METRO,ROADS,PM Gram Sadak Yojana,3724.27,2026-27
AS_KAMRUP_METRO,ELECTRICITY,Revamped Distribution Sector Scheme,3874.27,2026-27
AS_KAMRUP_METRO,HEALTH,PM Ayushman Bharat Health Infra,834.27,2026-27
AS_KAMRUP_METRO,EDUCATION,Samagra Shiksha Abhiyan,3524.27,2026-27
AS_KAMRUP_METRO,DIGITAL,BharatNet Broadband Infra,4194.27,2026-27
AS_KAMRUP_METRO,HOUSING,PM Awas Yojana,1674.27,2026-27
AS_KAMRUP_METRO,IRRIGATION,PM Krishi Sinchayee Yojana,5524.27,2026-27
AS_KAMRUP_METRO,TRANSPORT,State Rural Transport Connect,2654.27,2026-27
AS_CACHAR,WATER_SUPPLY,Jal Jeevan Mission,1631.48,2026-27
AS_CACHAR,SANITATION,Swachh Bharat Mission (Grameen),5061.48,2026-27
AS_CACHAR,ROADS,PM Gram Sadak Yojana,5181.48,2026-27
AS_CACHAR,ELECTRICITY,Revamped Distribution Sector Scheme,2891.48,2026-27
AS_CACHAR,HEALTH,PM Ayushman Bharat Health Infra,1441.48,2026-27
AS_CACHAR,EDUCATION,Samagra Shiksha Abhiyan,1991.48,2026-27
AS_CACHAR,DIGITAL,BharatNet Broadband Infra,2301.48,2026-27
AS_CACHAR,HOUSING,PM Awas Yojana,2751.48,2026-27
AS_CACHAR,IRRIGATION,PM Krishi Sinchayee Yojana,4271.48,2026-27
AS_CACHAR,TRANSPORT,State Rural Transport Connect,1661.48,2026-27
AS_DIBRUGARH,WATER_SUPPLY,Jal Jeevan Mission,1936.85,2026-27
AS_DIBRUGARH,SANITATION,Swachh Bharat Mission (Grameen),2696.85,2026-27
AS_DIBRUGARH,ROADS,PM Gram Sadak Yojana,1516.85,2026-27
AS_DIBRUGARH,ELECTRICITY,Revamped Distribution Sector Scheme,886.85,2026-27
AS_DIBRUGARH,HEALTH,PM Ayushman Bharat Health Infra,2916.85,2026-27
AS_DIBRUGARH,EDUCATION,Samagra Shiksha Abhiyan,2166.85,2026-27
AS_DIBRUGARH,DIGITAL,BharatNet Broadband Infra,786.85,2026-27
AS_DIBRUGARH,HOUSING,PM Awas Yojana,2306.85,2026-27
AS_DIBRUGARH,IRRIGATION,PM Krishi Sinchayee Yojana,4456.85,2026-27
AS_DIBRUGARH,TRANSPORT,State Rural Transport Connect,706.85,2026-27
AS_BARPETA,WATER_SUPPLY,Jal Jeevan Mission,2212.13,2026-27
AS_BARPETA,SANITATION,Swachh Bharat Mission (Grameen),4102.13,2026-27
AS_BARPETA,ROADS,PM Gram Sadak Yojana,5342.13,2026-27
AS_BARPETA,ELECTRICITY,Revamped Distribution Sector Scheme,902.13,2026-27
AS_BARPETA,HEALTH,PM Ayushman Bharat Health Infra,5052.13,2026-27
AS_BARPETA,EDUCATION,Samagra Shiksha Abhiyan,1322.13,2026-27
AS_BARPETA,DIGITAL,BharatNet Broadband Infra,5552.13,2026-27
AS_BARPETA,HOUSING,PM Awas Yojana,3882.13,2026-27
AS_BARPETA,IRRIGATION,PM Krishi Sinchayee Yojana,2902.13,2026-27
AS_BARPETA,TRANSPORT,State Rural Transport Connect,3692.13,2026-27
AS_DHUBRI,WATER_SUPPLY,Jal Jeevan Mission,3927.17,2026-27
AS_DHUBRI,SANITATION,Swachh Bharat Mission (Grameen),2917.17,2026-27
AS_DHUBRI,ROADS,PM Gram Sadak Yojana,897.17,2026-27
AS_DHUBRI,ELECTRICITY,Revamped Distribution Sector Scheme,4597.17,2026-27
AS_DHUBRI,HEALTH,PM Ayushman Bharat Health Infra,5597.17,2026-27
AS_DHUBRI,EDUCATION,Samagra Shiksha Abhiyan,2297.17,2026-27
AS_DHUBRI,DIGITAL,BharatNet Broadband Infra,4727.17,2026-27
AS_DHUBRI,HOUSING,PM Awas Yojana,3527.17,2026-27
AS_DHUBRI,IRRIGATION,PM Krishi Sinchayee Yojana,1717.17,2026-27
AS_DHUBRI,TRANSPORT,State Rural Transport Connect,4207.17,2026-27
AS_NAGAON,WATER_SUPPLY,Jal Jeevan Mission,4910.7,2026-27
AS_NAGAON,SANITATION,Swachh Bharat Mission (Grameen),2470.7,2026-27
AS_NAGAON,ROADS,PM Gram Sadak Yojana,1540.7,2026-27
AS_NAGAON,ELECTRICITY,Revamped Distribution Sector Scheme,4900.7,2026-27
AS_NAGAON,HEALTH,PM Ayushman Bharat Health Infra,5810.7,2026-27
AS_NAGAON,EDUCATION,Samagra Shiksha Abhiyan,3570.7,2026-27
AS_NAGAON,DIGITAL,BharatNet Broadband Infra,2410.7,2026-27
AS_NAGAON,HOUSING,PM Awas Yojana,4130.7,2026-27
AS_NAGAON,IRRIGATION,PM Krishi Sinchayee Yojana,2060.7,2026-27
AS_NAGAON,TRANSPORT,State Rural Transport Connect,4420.7,2026-27
JK_SRINAGAR,WATER_SUPPLY,Jal Jeevan Mission,3196.57,2026-27
JK_SRINAGAR,SANITATION,Swachh Bharat Mission (Grameen),2116.57,2026-27
JK_SRINAGAR,ROADS,PM Gram Sadak Yojana,3986.57,2026-27
JK_SRINAGAR,ELECTRICITY,Revamped Distribution Sector Scheme,5446.57,2026-27
JK_SRINAGAR,HEALTH,PM Ayushman Bharat Health Infra,1986.57,2026-27
JK_SRINAGAR,EDUCATION,Samagra Shiksha Abhiyan,4896.57,2026-27
JK_SRINAGAR,DIGITAL,BharatNet Broadband Infra,2356.57,2026-27
JK_SRINAGAR,HOUSING,PM Awas Yojana,4696.57,2026-27
JK_SRINAGAR,IRRIGATION,PM Krishi Sinchayee Yojana,556.57,2026-27
JK_SRINAGAR,TRANSPORT,State Rural Transport Connect,5506.57,2026-27
JK_JAMMU,WATER_SUPPLY,Jal Jeevan Mission,1848.48,2026-27
JK_JAMMU,SANITATION,Swachh Bharat Mission (Grameen),4688.48,2026-27
JK_JAMMU,ROADS,PM Gram Sadak Yojana,1218.48,2026-27
JK_JAMMU,ELECTRICITY,Revamped Distribution Sector Scheme,5508.48,2026-27
JK_JAMMU,HEALTH,PM Ayushman Bharat Health Infra,2288.48,2026-27
JK_JAMMU,EDUCATION,Samagra Shiksha Abhiyan,3468.48,2026-27
JK_JAMMU,DIGITAL,BharatNet Broadband Infra,3198.48,2026-27
JK_JAMMU,HOUSING,PM Awas Yojana,3908.48,2026-27
JK_JAMMU,IRRIGATION,PM Krishi Sinchayee Yojana,5568.48,2026-27
JK_JAMMU,TRANSPORT,State Rural Transport Connect,4028.48,2026-27
JK_KUPWARA,WATER_SUPPLY,Jal Jeevan Mission,4551.66,2026-27
JK_KUPWARA,SANITATION,Swachh Bharat Mission (Grameen),1741.66,2026-27
JK_KUPWARA,ROADS,PM Gram Sadak Yojana,3581.66,2026-27
JK_KUPWARA,ELECTRICITY,Revamped Distribution Sector Scheme,2281.66,2026-27
JK_KUPWARA,HEALTH,PM Ayushman Bharat Health Infra,5361.66,2026-27
JK_KUPWARA,EDUCATION,Samagra Shiksha Abhiyan,4231.66,2026-27
JK_KUPWARA,DIGITAL,BharatNet Broadband Infra,1631.66,2026-27
JK_KUPWARA,HOUSING,PM Awas Yojana,4821.66,2026-27
JK_KUPWARA,IRRIGATION,PM Krishi Sinchayee Yojana,3431.66,2026-27
JK_KUPWARA,TRANSPORT,State Rural Transport Connect,4891.66,2026-27
UK_DEHRADUN,WATER_SUPPLY,Jal Jeevan Mission,1183.51,2026-27
UK_DEHRADUN,SANITATION,Swachh Bharat Mission (Grameen),1683.51,2026-27
UK_DEHRADUN,ROADS,PM Gram Sadak Yojana,2973.51,2026-27
UK_DEHRADUN,ELECTRICITY,Revamped Distribution Sector Scheme,2973.51,2026-27
UK_DEHRADUN,HEALTH,PM Ayushman Bharat Health Infra,5693.51,2026-27
UK_DEHRADUN,EDUCATION,Samagra Shiksha Abhiyan,5063.51,2026-27
UK_DEHRADUN,DIGITAL,BharatNet Broadband Infra,3553.51,2026-27
UK_DEHRADUN,HOUSING,PM Awas Yojana,1403.51,2026-27
UK_DEHRADUN,IRRIGATION,PM Krishi Sinchayee Yojana,3203.51,2026-27
UK_DEHRADUN,TRANSPORT,State Rural Transport Connect,3503.51,2026-27
UK_HARIDWAR,WATER_SUPPLY,Jal Jeevan Mission,3020.69,2026-27
UK_HARIDWAR,SANITATION,Swachh Bharat Mission (Grameen),4500.69,2026-27
UK_HARIDWAR,ROADS,PM Gram Sadak Yojana,2900.69,2026-27
UK_HARIDWAR,ELECTRICITY,Revamped Distribution Sector Scheme,3940.69,2026-27
UK_HARIDWAR,HEALTH,PM Ayushman Bharat Health Infra,1980.69,2026-27
UK_HARIDWAR,EDUCATION,Samagra Shiksha Abhiyan,3480.69,2026-27
UK_HARIDWAR,DIGITAL,BharatNet Broadband Infra,5130.69,2026-27
UK_HARIDWAR,HOUSING,PM Awas Yojana,2750.69,2026-27
UK_HARIDWAR,IRRIGATION,PM Krishi Sinchayee Yojana,3900.69,2026-27
UK_HARIDWAR,TRANSPORT,State Rural Transport Connect,4260.69,2026-27
UK_NAINITAL,WATER_SUPPLY,Jal Jeevan Mission,2799.81,2026-27
UK_NAINITAL,SANITATION,Swachh Bharat Mission (Grameen),4359.81,2026-27
UK_NAINITAL,ROADS,PM Gram Sadak Yojana,4519.81,2026-27
UK_NAINITAL,ELECTRICITY,Revamped Distribution Sector Scheme,3839.81,2026-27
UK_NAINITAL,HEALTH,PM Ayushman Bharat Health Infra,3629.81,2026-27
UK_NAINITAL,EDUCATION,Samagra Shiksha Abhiyan,2219.81,2026-27
UK_NAINITAL,DIGITAL,BharatNet Broadband Infra,2859.81,2026-27
UK_NAINITAL,HOUSING,PM Awas Yojana,2989.81,2026-27
UK_NAINITAL,IRRIGATION,PM Krishi Sinchayee Yojana,4559.81,2026-27
UK_NAINITAL,TRANSPORT,State Rural Transport Connect,2179.81,2026-27
HP_SHIMLA,WATER_SUPPLY,Jal Jeevan Mission,3226.3,2026-27
HP_SHIMLA,SANITATION,Swachh Bharat Mission (Grameen),4976.3,2026-27
HP_SHIMLA,ROADS,PM Gram Sadak Yojana,1306.3,2026-27
HP_SHIMLA,ELECTRICITY,Revamped Distribution Sector Scheme,4476.3,2026-27
HP_SHIMLA,HEALTH,PM Ayushman Bharat Health Infra,1596.3,2026-27
HP_SHIMLA,EDUCATION,Samagra Shiksha Abhiyan,1566.3,2026-27
HP_SHIMLA,DIGITAL,BharatNet Broadband Infra,5326.3,2026-27
HP_SHIMLA,HOUSING,PM Awas Yojana,1446.3,2026-27
HP_SHIMLA,IRRIGATION,PM Krishi Sinchayee Yojana,2646.3,2026-27
HP_SHIMLA,TRANSPORT,State Rural Transport Connect,1986.3,2026-27
HP_KANGRA,WATER_SUPPLY,Jal Jeevan Mission,1869.53,2026-27
HP_KANGRA,SANITATION,Swachh Bharat Mission (Grameen),4809.53,2026-27
HP_KANGRA,ROADS,PM Gram Sadak Yojana,4379.53,2026-27
HP_KANGRA,ELECTRICITY,Revamped Distribution Sector Scheme,4529.53,2026-27
HP_KANGRA,HEALTH,PM Ayushman Bharat Health Infra,4819.53,2026-27
HP_KANGRA,EDUCATION,Samagra Shiksha Abhiyan,3659.53,2026-27
HP_KANGRA,DIGITAL,BharatNet Broadband Infra,4729.53,2026-27
HP_KANGRA,HOUSING,PM Awas Yojana,1479.53,2026-27
HP_KANGRA,IRRIGATION,PM Krishi Sinchayee Yojana,1069.53,2026-27
HP_KANGRA,TRANSPORT,State Rural Transport Connect,2099.53,2026-27
GA_NORTH_GOA,WATER_SUPPLY,Jal Jeevan Mission,1668.1,2026-27
GA_NORTH_GOA,SANITATION,Swachh Bharat Mission (Grameen),3078.1,2026-27
GA_NORTH_GOA,ROADS,PM Gram Sadak Yojana,4188.1,2026-27
GA_NORTH_GOA,ELECTRICITY,Revamped Distribution Sector Scheme,2048.1,2026-27
GA_NORTH_GOA,HEALTH,PM Ayushman Bharat Health Infra,1228.1,2026-27
GA_NORTH_GOA,EDUCATION,Samagra Shiksha Abhiyan,4998.1,2026-27
GA_NORTH_GOA,DIGITAL,BharatNet Broadband Infra,4878.1,2026-27
GA_NORTH_GOA,HOUSING,PM Awas Yojana,1008.1,2026-27
GA_NORTH_GOA,IRRIGATION,PM Krishi Sinchayee Yojana,1998.1,2026-27
GA_NORTH_GOA,TRANSPORT,State Rural Transport Connect,1018.1,2026-27
GA_SOUTH_GOA,WATER_SUPPLY,Jal Jeevan Mission,1788.24,2026-27
GA_SOUTH_GOA,SANITATION,Swachh Bharat Mission (Grameen),2168.24,2026-27
GA_SOUTH_GOA,ROADS,PM Gram Sadak Yojana,3748.24,2026-27
GA_SOUTH_GOA,ELECTRICITY,Revamped Distribution Sector Scheme,3558.24,2026-27
GA_SOUTH_GOA,HEALTH,PM Ayushman Bharat Health Infra,3628.24,2026-27
GA_SOUTH_GOA,EDUCATION,Samagra Shiksha Abhiyan,2618.24,2026-27
GA_SOUTH_GOA,DIGITAL,BharatNet Broadband Infra,3998.24,2026-27
GA_SOUTH_GOA,HOUSING,PM Awas Yojana,4298.24,2026-27
GA_SOUTH_GOA,IRRIGATION,PM Krishi Sinchayee Yojana,3688.24,2026-27
GA_SOUTH_GOA,TRANSPORT,State Rural Transport Connect,1008.24,2026-27
CH_CHANDIGARH,WATER_SUPPLY,Jal Jeevan Mission,4444.95,2026-27
CH_CHANDIGARH,SANITATION,Swachh Bharat Mission (Grameen),5224.95,2026-27
CH_CHANDIGARH,ROADS,PM Gram Sadak Yojana,4134.95,2026-27
CH_CHANDIGARH,ELECTRICITY,Revamped Distribution Sector Scheme,4664.95,2026-27
CH_CHANDIGARH,HEALTH,PM Ayushman Bharat Health Infra,544.95,2026-27
CH_CHANDIGARH,EDUCATION,Samagra Shiksha Abhiyan,2194.95,2026-27
CH_CHANDIGARH,DIGITAL,BharatNet Broadband Infra,2324.95,2026-27
CH_CHANDIGARH,HOUSING,PM Awas Yojana,2254.95,2026-27
CH_CHANDIGARH,IRRIGATION,PM Krishi Sinchayee Yojana,5434.95,2026-27
CH_CHANDIGARH,TRANSPORT,State Rural Transport Connect,3144.95,2026-27
PY_PUDUCHERRY,WATER_SUPPLY,Jal Jeevan Mission,2597.63,2026-27
PY_PUDUCHERRY,SANITATION,Swachh Bharat Mission (Grameen),3627.63,2026-27
PY_PUDUCHERRY,ROADS,PM Gram Sadak Yojana,3967.63,2026-27
PY_PUDUCHERRY,ELECTRICITY,Revamped Distribution Sector Scheme,1487.63,2026-27
PY_PUDUCHERRY,HEALTH,PM Ayushman Bharat Health Infra,4557.63,2026-27
PY_PUDUCHERRY,EDUCATION,Samagra Shiksha Abhiyan,3477.63,2026-27
PY_PUDUCHERRY,DIGITAL,BharatNet Broadband Infra,5397.63,2026-27
PY_PUDUCHERRY,HOUSING,PM Awas Yojana,2397.63,2026-27
PY_PUDUCHERRY,IRRIGATION,PM Krishi Sinchayee Yojana,4527.63,2026-27
PY_PUDUCHERRY,TRANSPORT,State Rural Transport Connect,3347.63,2026-27
AN_SOUTH_ANDAMAN,WATER_SUPPLY,Jal Jeevan Mission,3287.16,2026-27
AN_SOUTH_ANDAMAN,SANITATION,Swachh Bharat Mission (Grameen),1497.16,2026-27
AN_SOUTH_ANDAMAN,ROADS,PM Gram Sadak Yojana,797.16,2026-27
AN_SOUTH_ANDAMAN,ELECTRICITY,Revamped Distribution Sector Scheme,4077.16,2026-27
AN_SOUTH_ANDAMAN,HEALTH,PM Ayushman Bharat Health Infra,207.16,2026-27
AN_SOUTH_ANDAMAN,EDUCATION,Samagra Shiksha Abhiyan,5007.16,2026-27
AN_SOUTH_ANDAMAN,DIGITAL,BharatNet Broadband Infra,2867.16,2026-27
AN_SOUTH_ANDAMAN,HOUSING,PM Awas Yojana,3367.16,2026-27
AN_SOUTH_ANDAMAN,IRRIGATION,PM Krishi Sinchayee Yojana,3687.16,2026-27
AN_SOUTH_ANDAMAN,TRANSPORT,State Rural Transport Connect,1867.16,2026-27
TR_WEST_TRIPURA,WATER_SUPPLY,Jal Jeevan Mission,4333.19,2026-27
TR_WEST_TRIPURA,SANITATION,Swachh Bharat Mission (Grameen),1363.19,2026-27
TR_WEST_TRIPURA,ROADS,PM Gram Sadak Yojana,1833.19,2026-27
TR_WEST_TRIPURA,ELECTRICITY,Revamped Distribution Sector Scheme,1883.19,2026-27
TR_WEST_TRIPURA,HEALTH,PM Ayushman Bharat Health Infra,1073.19,2026-27
TR_WEST_TRIPURA,EDUCATION,Samagra Shiksha Abhiyan,1463.19,2026-27
TR_WEST_TRIPURA,DIGITAL,BharatNet Broadband Infra,4313.19,2026-27
TR_WEST_TRIPURA,HOUSING,PM Awas Yojana,1093.19,2026-27
TR_WEST_TRIPURA,IRRIGATION,PM Krishi Sinchayee Yojana,2043.19,2026-27
TR_WEST_TRIPURA,TRANSPORT,State Rural Transport Connect,1973.19,2026-27
MN_IMPHAL_WEST,WATER_SUPPLY,Jal Jeevan Mission,3563.1,2026-27
MN_IMPHAL_WEST,SANITATION,Swachh Bharat Mission (Grameen),2513.1,2026-27
MN_IMPHAL_WEST,ROADS,PM Gram Sadak Yojana,4743.1,2026-27
MN_IMPHAL_WEST,ELECTRICITY,Revamped Distribution Sector Scheme,1373.1,2026-27
MN_IMPHAL_WEST,HEALTH,PM Ayushman Bharat Health Infra,973.1,2026-27
MN_IMPHAL_WEST,EDUCATION,Samagra Shiksha Abhiyan,273.1,2026-27
MN_IMPHAL_WEST,DIGITAL,BharatNet Broadband Infra,2613.1,2026-27
MN_IMPHAL_WEST,HOUSING,PM Awas Yojana,1393.1,2026-27
MN_IMPHAL_WEST,IRRIGATION,PM Krishi Sinchayee Yojana,4833.1,2026-27
MN_IMPHAL_WEST,TRANSPORT,State Rural Transport Connect,3963.1,2026-27
ML_EAST_KHASI_HILLS,WATER_SUPPLY,Jal Jeevan Mission,1851.66,2026-27
ML_EAST_KHASI_HILLS,SANITATION,Swachh Bharat Mission (Grameen),4291.66,2026-27
ML_EAST_KHASI_HILLS,ROADS,PM Gram Sadak Yojana,2521.66,2026-27
ML_EAST_KHASI_HILLS,ELECTRICITY,Revamped Distribution Sector Scheme,1401.66,2026-27
ML_EAST_KHASI_HILLS,HEALTH,PM Ayushman Bharat Health Infra,4311.66,2026-27
ML_EAST_KHASI_HILLS,EDUCATION,Samagra Shiksha Abhiyan,2181.66,2026-27
ML_EAST_KHASI_HILLS,DIGITAL,BharatNet Broadband Infra,1661.66,2026-27
ML_EAST_KHASI_HILLS,HOUSING,PM Awas Yojana,3891.66,2026-27
ML_EAST_KHASI_HILLS,IRRIGATION,PM Krishi Sinchayee Yojana,3041.66,2026-27
ML_EAST_KHASI_HILLS,TRANSPORT,State Rural Transport Connect,3261.66,2026-27
MZ_AIZAWL,WATER_SUPPLY,Jal Jeevan Mission,390.14,2026-27
MZ_AIZAWL,SANITATION,Swachh Bharat Mission (Grameen),3240.14,2026-27
MZ_AIZAWL,ROADS,PM Gram Sadak Yojana,3140.14,2026-27
MZ_AIZAWL,ELECTRICITY,Revamped Distribution Sector Scheme,2030.14,2026-27
MZ_AIZAWL,HEALTH,PM Ayushman Bharat Health Infra,2110.14,2026-27
MZ_AIZAWL,EDUCATION,Samagra Shiksha Abhiyan,3570.14,2026-27
MZ_AIZAWL,DIGITAL,BharatNet Broadband Infra,2200.14,2026-27
MZ_AIZAWL,HOUSING,PM Awas Yojana,2690.14,2026-27
MZ_AIZAWL,IRRIGATION,PM Krishi Sinchayee Yojana,5020.14,2026-27
MZ_AIZAWL,TRANSPORT,State Rural Transport Connect,2790.14,2026-27
NL_KOHIMA,WATER_SUPPLY,Jal Jeevan Mission,2790.59,2026-27
NL_KOHIMA,SANITATION,Swachh Bharat Mission (Grameen),700.59,2026-27
NL_KOHIMA,ROADS,PM Gram Sadak Yojana,2870.59,2026-27
NL_KOHIMA,ELECTRICITY,Revamped Distribution Sector Scheme,410.59,2026-27
NL_KOHIMA,HEALTH,PM Ayushman Bharat Health Infra,2840.59,2026-27
NL_KOHIMA,EDUCATION,Samagra Shiksha Abhiyan,4270.59,2026-27
NL_KOHIMA,DIGITAL,BharatNet Broadband Infra,3010.59,2026-27
NL_KOHIMA,HOUSING,PM Awas Yojana,2840.59,2026-27
NL_KOHIMA,IRRIGATION,PM Krishi Sinchayee Yojana,3720.59,2026-27
NL_KOHIMA,TRANSPORT,State Rural Transport Connect,4820.59,2026-27
SK_EAST_SIKKIM,WATER_SUPPLY,Jal Jeevan Mission,1017.61,2026-27
SK_EAST_SIKKIM,SANITATION,Swachh Bharat Mission (Grameen),277.61,2026-27
SK_EAST_SIKKIM,ROADS,PM Gram Sadak Yojana,1737.61,2026-27
SK_EAST_SIKKIM,ELECTRICITY,Revamped Distribution Sector Scheme,5117.61,2026-27
SK_EAST_SIKKIM,HEALTH,PM Ayushman Bharat Health Infra,4437.61,2026-27
SK_EAST_SIKKIM,EDUCATION,Samagra Shiksha Abhiyan,1877.61,2026-27
SK_EAST_SIKKIM,DIGITAL,BharatNet Broadband Infra,4647.61,2026-27
SK_EAST_SIKKIM,HOUSING,PM Awas Yojana,1107.61,2026-27
SK_EAST_SIKKIM,IRRIGATION,PM Krishi Sinchayee Yojana,4127.61,2026-27
SK_EAST_SIKKIM,TRANSPORT,State Rural Transport Connect,2817.61,2026-27
AR_PAPUM_PARE,WATER_SUPPLY,Jal Jeevan Mission,2529.46,2026-27
AR_PAPUM_PARE,SANITATION,Swachh Bharat Mission (Grameen),4069.46,2026-27
AR_PAPUM_PARE,ROADS,PM Gram Sadak Yojana,1679.46,2026-27
AR_PAPUM_PARE,ELECTRICITY,Revamped Distribution Sector Scheme,3099.46,2026-27
AR_PAPUM_PARE,HEALTH,PM Ayushman Bharat Health Infra,2789.46,2026-27
AR_PAPUM_PARE,EDUCATION,Samagra Shiksha Abhiyan,1959.46,2026-27
AR_PAPUM_PARE,DIGITAL,BharatNet Broadband Infra,2729.46,2026-27
AR_PAPUM_PARE,HOUSING,PM Awas Yojana,4499.46,2026-27
AR_PAPUM_PARE,IRRIGATION,PM Krishi Sinchayee Yojana,1999.46,2026-27
AR_PAPUM_PARE,TRANSPORT,State Rural Transport Connect,3329.46,2026-27
LA_LEH,WATER_SUPPLY,Jal Jeevan Mission,940.07,2026-27
LA_LEH,SANITATION,Swachh Bharat Mission (Grameen),1550.07,2026-27
LA_LEH,ROADS,PM Gram Sadak Yojana,3590.07,2026-27
LA_LEH,ELECTRICITY,Revamped Distribution Sector Scheme,520.07,2026-27
LA_LEH,HEALTH,PM Ayushman Bharat Health Infra,2620.07,2026-27
LA_LEH,EDUCATION,Samagra Shiksha Abhiyan,1970.07,2026-27
LA_LEH,DIGITAL,BharatNet Broadband Infra,2470.07,2026-27
LA_LEH,HOUSING,PM Awas Yojana,80.07,2026-27
LA_LEH,IRRIGATION,PM Krishi Sinchayee Yojana,480.07,2026-27
LA_LEH,TRANSPORT,State Rural Transport Connect,880.07,2026-27
