district_code,category,scheme,allocated_inr_lakh,fiscal_year
TN_CHENNAI,WATER_SUPPLY,Jal Jeevan Mission,4801.03,2026-27
TN_CHENNAI,SANITATION,Swachh Bharat Mission (Grameen),6381.03,2026-27
TN_CHENNAI,ROADS,PM Gram Sadak Yojana,3401.03,2026-27
TN_CHENNAI,ELECTRICITY,Revamped Distribution Sector Scheme,4691.03,2026-27
TN_CHENNAI,HEALTH,PM Ayushman Bharat Health Infra,5621.03,2026-27
TN_CHENNAI,EDUCATION,Samagra Shiksha Abhiyan,6681.03,2026-27
TN_CHENNAI,DIGITAL,BharatNet Broadband Infra,3051.03,2026-27
TN_CHENNAI,HOUSING,PM Awas Yojana,6831.03,2026-27
TN_CHENNAI,IRRIGATION,PM Krishi Sinchayee Yojana,6591.03,2026-27
TN_CHENNAI,TRANSPORT,State Rural Transport Connect,3021.03,2026-27
TN_COIMBATORE,WATER_SUPPLY,Jal Jeevan Mission,3946.12,2026-27
TN_COIMBATORE,SANITATION,Swachh Bharat Mission (Grameen),1966.12,2026-27
TN_COIMBATORE,ROADS,PM Gram Sadak Yojana,2436.12,2026-27
TN_COIMBATORE,ELECTRICITY,Revamped Distribution Sector Scheme,3776.12,2026-27
TN_COIMBATORE,HEALTH,PM Ayushman Bharat Health Infra,5426.12,2026-27
TN_COIMBATORE,EDUCATION,Samagra Shiksha Abhiyan,4206.12,2026-27
TN_COIMBATORE,DIGITAL,BharatNet Broadband Infra,4486.12,2026-27
TN_COIMBATORE,HOUSING,PM Awas Yojana,2716.12,2026-27
TN_COIMBATORE,IRRIGATION,PM Krishi Sinchayee Yojana,3586.12,2026-27
TN_COIMBATORE,TRANSPORT,State Rural Transport Connect,4766.12,2026-27
TN_MADURAI,WATER_SUPPLY,Jal Jeevan Mission,3337.21,2026-27
TN_MADURAI,SANITATION,Swachh Bharat Mission (Grameen),5007.21,2026-27
TN_MADURAI,ROADS,PM Gram Sadak Yojana,1477.21,2026-27
TN_MADURAI,ELECTRICITY,Revamped Distribution Sector Scheme,6347.21,2026-27
TN_MADURAI,HEALTH,PM Ayushman Bharat Health Infra,2597.21,2026-27
TN_MADURAI,EDUCATION,Samagra Shiksha Abhiyan,6197.21,2026-27
TN_MADURAI,DIGITAL,BharatNet Broadband Infra,4477.21,2026-27
TN_MADURAI,HOUSING,PM Awas Yojana,2177.21,2026-27
TN_MADURAI,IRRIGATION,PM Krishi Sinchayee Yojana,4777.21,2026-27
TN_MADURAI,TRANSPORT,State Rural Transport Connect,5347.21,2026-27
TN_TIRUCHIRAPPALLI,WATER_SUPPLY,Jal Jeevan Mission,5515.03,2026-27
TN_TIRUCHIRAPPALLI,SANITATION,Swachh Bharat Mission (Grameen),1935.03,2026-27
TN_TIRUCHIRAPPALLI,ROADS,PM Gram Sadak Yojana,2505.03,2026-27
TN_TIRUCHIRAPPALLI,ELECTRICITY,Revamped Distribution Sector Scheme,5905.03,2026-27
TN_TIRUCHIRAPPALLI,HEALTH,PM Ayushman Bharat Health Infra,3415.03,2026-27
TN_TIRUCHIRAPPALLI,EDUCATION,Samagra Shiksha Abhiyan,1815.03,2026-27
TN_TIRUCHIRAPPALLI,DIGITAL,BharatNet Broadband Infra,5255.03,2026-27
TN_TIRUCHIRAPPALLI,HOUSING,PM Awas Yojana,1895.03,2026-27
TN_TIRUCHIRAPPALLI,IRRIGATION,PM Krishi Sinchayee Yojana,2195.03,2026-27
TN_TIRUCHIRAPPALLI,TRANSPORT,State Rural Transport Connect,5355.03,2026-27
TN_SALEM,WATER_SUPPLY,Jal Jeevan Mission,6086.93,2026-27
TN_SALEM,SANITATION,Swachh Bharat Mission (Grameen),2096.93,2026-27
TN_SALEM,ROADS,PM Gram Sadak Yojana,5756.93,2026-27
TN_SALEM,ELECTRICITY,Revamped Distribution Sector Scheme,4506.93,2026-27
TN_SALEM,HEALTH,PM Ayushman Bharat Health Infra,4766.93,2026-27
TN_SALEM,EDUCATION,Samagra Shiksha Abhiyan,1896.93,2026-27
TN_SALEM,DIGITAL,BharatNet Broadband Infra,2106.93,2026-27
TN_SALEM,HOUSING,PM Awas Yojana,3616.93,2026-27
TN_SALEM,IRRIGATION,PM Krishi Sinchayee Yojana,2956.93,2026-27
TN_SALEM,TRANSPORT,State Rural Transport Connect,3036.93,2026-27
TN_TIRUNELVELI,WATER_SUPPLY,Jal Jeevan Mission,4939.36,2026-27
TN_TIRUNELVELI,SANITATION,Swachh Bharat Mission (Grameen),4249.36,2026-27
TN_TIRUNELVELI,ROADS,PM Gram Sadak Yojana,1379.36,2026-27
TN_TIRUNELVELI,ELECTRICITY,Revamped Distribution Sector Scheme,3839.36,2026-27
TN_TIRUNELVELI,HEALTH,PM Ayushman Bharat Health Infra,979.36,2026-27
TN_TIRUNELVELI,EDUCATION,Samagra Shiksha Abhiyan,3629.36,2026-27
TN_TIRUNELVELI,DIGITAL,BharatNet Broadband Infra,2629.36,2026-27
TN_TIRUNELVELI,HOUSING,PM Awas Yojana,1669.36,2026-27
TN_TIRUNELVELI,IRRIGATION,PM Krishi Sinchayee Yojana,1279.36,2026-27
TN_TIRUNELVELI,TRANSPORT,State Rural Transport Connect,5289.36,2026-27
TN_ERODE,WATER_SUPPLY,Jal Jeevan Mission,5153.28,2026-27
TN_ERODE,SANITATION,Swachh Bharat Mission (Grameen),2353.28,2026-27
TN_ERODE,ROADS,PM Gram Sadak Yojana,4163.28,2026-27
TN_ERODE,ELECTRICITY,Revamped Distribution Sector Scheme,4813.28,2026-27
TN_ERODE,HEALTH,PM Ayushman Bharat Health Infra,1103.28,2026-27
TN_ERODE,EDUCATION,Samagra Shiksha Abhiyan,5233.28,2026-27
TN_ERODE,DIGITAL,BharatNet Broadband Infra,3283.28,2026-27
TN_ERODE,HOUSING,PM Awas Yojana,4223.28,2026-27
TN_ERODE,IRRIGATION,PM Krishi Sinchayee Yojana,1553.28,2026-27
TN_ERODE,TRANSPORT,State Rural Transport Connect,1833.28,2026-27
TN_VELLORE,WATER_SUPPLY,Jal Jeevan Mission,2386.41,2026-27
TN_VELLORE,SANITATION,Swachh Bharat Mission (Grameen),4366.41,2026-27
TN_VELLORE,ROADS,PM Gram Sadak Yojana,2686.41,2026-27
TN_VELLORE,ELECTRICITY,Revamped Distribution Sector Scheme,3186.41,2026-27
TN_VELLORE,HEALTH,PM Ayushman Bharat Health Infra,2876.41,2026-27
TN_VELLORE,EDUCATION,Samagra Shiksha Abhiyan,2596.41,2026-27
TN_VELLORE,DIGITAL,BharatNet Broadband Infra,4336.41,2026-27
TN_VELLORE,HOUSING,PM Awas Yojana,4996.41,2026-27
TN_VELLORE,IRRIGATION,PM Krishi Sinchayee Yojana,1146.41,2026-27
TN_VELLORE,TRANSPORT,State Rural Transport Connect,5196.41,2026-27
TN_THANJAVUR,WATER_SUPPLY,Jal Jeevan Mission,5322.65,2026-27
TN_THANJAVUR,SANITATION,Swachh Bharat Mission (Grameen),1642.65,2026-27
TN_THANJAVUR,ROADS,PM Gram Sadak Yojana,3342.65,2026-27
TN_THANJAVUR,ELECTRICITY,Revamped Distribution Sector Scheme,2712.65,2026-27
TN_THANJAVUR,HEALTH,PM Ayushman Bharat Health Infra,5092.65,2026-27
TN_THANJAVUR,EDUCATION,Samagra Shiksha Abhiyan,5992.65,2026-27
TN_THANJAVUR,DIGITAL,BharatNet Broadband Infra,4542.65,2026-27
TN_THANJAVUR,HOUSING,PM Awas Yojana,3712.65,2026-27
TN_THANJAVUR,IRRIGATION,PM Krishi Sinchayee Yojana,1312.65,2026-27
TN_THANJAVUR,TRANSPORT,State Rural Transport Connect,3782.65,2026-27
TN_DINDIGUL,WATER_SUPPLY,Jal Jeevan Mission,2271.9,2026-27
TN_DINDIGUL,SANITATION,Swachh Bharat Mission (Grameen),5061.9,2026-27
TN_DINDIGUL,ROADS,PM Gram Sadak Yojana,1851.9,2026-27
TN_DINDIGUL,ELECTRICITY,Revamped Distribution Sector Scheme,1291.9,2026-27
TN_DINDIGUL,HEALTH,PM Ayushman Bharat Health Infra,4591.9,2026-27
TN_DINDIGUL,EDUCATION,Samagra Shiksha Abhiyan,5471.9,2026-27
TN_DINDIGUL,DIGITAL,BharatNet Broadband Infra,4801.9,2026-27
TN_DINDIGUL,HOUSING,PM Awas Yojana,4261.9,2026-27
TN_DINDIGUL,IRRIGATION,PM Krishi Sinchayee Yojana,5801.9,2026-27
TN_DINDIGUL,TRANSPORT,State Rural Transport Connect,4801.9,2026-27
TN_KANCHIPURAM,WATER_SUPPLY,Jal Jeevan Mission,4064.88,2026-27
TN_KANCHIPURAM,SANITATION,Swachh Bharat Mission (Grameen),1674.88,2026-27
TN_KANCHIPURAM,ROADS,PM Gram Sadak Yojana,674.88,2026-27
TN_KANCHIPURAM,ELECTRICITY,Revamped Distribution Sector Scheme,2834.88,2026-27
TN_KANCHIPURAM,HEALTH,PM Ayushman Bharat Health Infra,654.88,2026-27
TN_KANCHIPURAM,EDUCATION,Samagra Shiksha Abhiyan,3704.88,2026-27
TN_KANCHIPURAM,DIGITAL,BharatNet Broadband Infra,4394.88,2026-27
TN_KANCHIPURAM,HOUSING,PM Awas Yojana,5044.88,2026-27
TN_KANCHIPURAM,IRRIGATION,PM Krishi Sinchayee Yojana,1264.88,2026-27
TN_KANCHIPURAM,TRANSPORT,State Rural Transport Connect,1434.88,2026-27
TN_CUDDALORE,WATER_SUPPLY,Jal Jeevan Mission,4182.66,2026-27
TN_CUDDALORE,SANITATION,Swachh Bharat Mission (Grameen),5422.66,2026-27
TN_CUDDALORE,ROADS,PM Gram Sadak Yojana,2472.66,2026-27
TN_CUDDALORE,ELECTRICITY,Revamped Distribution Sector Scheme,2572.66,2026-27
TN_CUDDALORE,HEALTH,PM Ayushman Bharat Health Infra,6142.66,2026-27
TN_CUDDALORE,EDUCATION,Samagra Shiksha Abhiyan,5472.66,2026-27
TN_CUDDALORE,DIGITAL,BharatNet Broadband Infra,1392.66,2026-27
TN_CUDDALORE,HOUSING,PM Awas Yojana,4212.66,2026-27
TN_CUDDALORE,IRRIGATION,PM Krishi Sinchayee Yojana,3172.66,2026-27
TN_CUDDALORE,TRANSPORT,State Rural Transport Connect,5872.66,2026-27
TN_TIRUPPUR,WATER_SUPPLY,Jal Jeevan Mission,2565.57,2026-27
TN_TIRUPPUR,SANITATION,Swachh Bharat Mission (Grameen),4755.57,2026-27
TN_TIRUPPUR,ROADS,PM Gram Sadak Yojana,1405.57,2026-27
TN_TIRUPPUR,ELECTRICITY,Revamped Distribution Sector Scheme,3465.57,2026-27
TN_TIRUPPUR,HEALTH,PM Ayushman Bharat Health Infra,2715.57,2026-27
TN_TIRUPPUR,EDUCATION,Samagra Shiksha Abhiyan,3065.57,2026-27
TN_TIRUPPUR,DIGITAL,BharatNet Broadband Infra,4155.57,2026-27
TN_TIRUPPUR,HOUSING,PM Awas Yojana,5395.57,2026-27
TN_TIRUPPUR,IRRIGATION,PM Krishi Sinchayee Yojana,4135.57,2026-27
TN_TIRUPPUR,TRANSPORT,State Rural Transport Connect,4155.57,2026-27
TN_KANYAKUMARI,WATER_SUPPLY,Jal Jeevan Mission,5561.67,2026-27
TN_KANYAKUMARI,SANITATION,Swachh Bharat Mission (Grameen),1771.67,2026-27
TN_KANYAKUMARI,ROADS,PM Gram Sadak Yojana,2401.67,2026-27
TN_KANYAKUMARI,ELECTRICITY,Revamped Distribution Sector Scheme,3651.67,2026-27
TN_KANYAKUMARI,HEALTH,PM Ayushman Bharat Health Infra,2221.67,2026-27
TN_KANYAKUMARI,EDUCATION,Samagra Shiksha Abhiyan,1701.67,2026-27
TN_KANYAKUMARI,DIGITAL,BharatNet Broadband Infra,2011.67,2026-27
TN_KANYAKUMARI,HOUSING,PM Awas Yojana,2721.67,2026-27
TN_KANYAKUMARI,IRRIGATION,PM Krishi Sinchayee Yojana,3561.67,2026-27
TN_KANYAKUMARI,TRANSPORT,State Rural Transport Connect,1861.67,2026-27
TN_THOOTHUKUDI,WATER_SUPPLY,Jal Jeevan Mission,5457.58,2026-27
TN_THOOTHUKUDI,SANITATION,Swachh Bharat Mission (Grameen),4257.58,2026-27
TN_THOOTHUKUDI,ROADS,PM Gram Sadak Yojana,4237.58,2026-27
TN_THOOTHUKUDI,ELECTRICITY,Revamped Distribution Sector Scheme,787.58,2026-27
TN_THOOTHUKUDI,HEALTH,PM Ayushman Bharat Health Infra,1647.58,2026-27
TN_THOOTHUKUDI,EDUCATION,Samagra Shiksha Abhiyan,1657.58,2026-27
TN_THOOTHUKUDI,DIGITAL,BharatNet Broadband Infra,2777.58,2026-27
TN_THOOTHUKUDI,HOUSING,PM Awas Yojana,3807.58,2026-27
TN_THOOTHUKUDI,IRRIGATION,PM Krishi Sinchayee Yojana,3577.58,2026-27
TN_THOOTHUKUDI,TRANSPORT,State Rural Transport Connect,2067.58,2026-27
TN_VILLUPURAM,WATER_SUPPLY,Jal Jeevan Mission,2031.85,2026-27
TN_VILLUPURAM,SANITATION,Swachh Bharat Mission (Grameen),5591.85,2026-27
TN_VILLUPURAM,ROADS,PM Gram Sadak Yojana,4311.85,2026-27
TN_VILLUPURAM,ELECTRICITY,Revamped Distribution Sector Scheme,4861.85,2026-27
TN_VILLUPURAM,HEALTH,PM Ayushman Bharat Health Infra,2191.85,2026-27
TN_VILLUPURAM,EDUCATION,Samagra Shiksha Abhiyan,1061.85,2026-27
TN_VILLUPURAM,DIGITAL,BharatNet Broadband Infra,1661.85,2026-27
TN_VILLUPURAM,HOUSING,PM Awas Yojana,3991.85,2026-27
TN_VILLUPURAM,IRRIGATION,PM Krishi Sinchayee Yojana,1381.85,2026-27
TN_VILLUPURAM,TRANSPORT,State Rural Transport Connect,5851.85,2026-27
TN_RAMANATHAPURAM,WATER_SUPPLY,Jal Jeevan Mission,829.05,2026-27
TN_RAMANATHAPURAM,SANITATION,Swachh Bharat Mission (Grameen),3109.05,2026-27
TN_RAMANATHAPURAM,ROADS,PM Gram Sadak Yojana,1199.05,2026-27
TN_RAMANATHAPURAM,ELECTRICITY,Revamped Distribution Sector Scheme,2599.05,2026-27
TN_RAMANATHAPURAM,HEALTH,PM Ayushman Bharat Health Infra,4329.05,2026-27
TN_RAMANATHAPURAM,EDUCATION,Samagra Shiksha Abhiyan,3949.05,2026-27
TN_RAMANATHAPURAM,DIGITAL,BharatNet Broadband Infra,4019.05,2026-27
TN_RAMANATHAPURAM,HOUSING,PM Awas Yojana,1709.05,2026-27
TN_RAMANATHAPURAM,IRRIGATION,PM Krishi Sinchayee Yojana,4969.05,2026-27
TN_RAMANATHAPURAM,TRANSPORT,State Rural Transport Connect,639.05,2026-27
TN_PERAMBALUR,WATER_SUPPLY,Jal Jeevan Mission,4574.35,2026-27
TN_PERAMBALUR,SANITATION,Swachh Bharat Mission (Grameen),4824.35,2026-27
TN_PERAMBALUR,ROADS,PM Gram Sadak Yojana,1384.35,2026-27
TN_PERAMBALUR,ELECTRICITY,Revamped Distribution Sector Scheme,1014.35,2026-27
TN_PERAMBALUR,HEALTH,PM Ayushman Bharat Health Infra,2244.35,2026-27
TN_PERAMBALUR,EDUCATION,Samagra Shiksha Abhiyan,2954.35,2026-27
TN_PERAMBALUR,DIGITAL,BharatNet Broadband Infra,294.35,2026-27
TN_PERAMBALUR,HOUSING,PM Awas Yojana,1464.35,2026-27
TN_PERAMBALUR,IRRIGATION,PM Krishi Sinchayee Yojana,3524.35,2026-27
TN_PERAMBALUR,TRANSPORT,State Rural Transport Connect,2434.35,2026-27
TN_TIRUVANNAMALAI,WATER_SUPPLY,Jal Jeevan Mission,3089.19,2026-27
TN_TIRUVANNAMALAI,SANITATION,Swachh Bharat Mission (Grameen),3369.19,2026-27
TN_TIRUVANNAMALAI,ROADS,PM Gram Sadak Yojana,4649.19,2026-27
TN_TIRUVANNAMALAI,ELECTRICITY,Revamped Distribution Sector Scheme,2339.19,2026-27
TN_TIRUVANNAMALAI,HEALTH,PM Ayushman Bharat Health Infra,2639.19,2026-27
TN_TIRUVANNAMALAI,EDUCATION,Samagra Shiksha Abhiyan,2549.19,2026-27
TN_TIRUVANNAMALAI,DIGITAL,BharatNet Broadband Infra,5159.19,2026-27
TN_TIRUVANNAMALAI,HOUSING,PM Awas Yojana,5799.19,2026-27
TN_TIRUVANNAMALAI,IRRIGATION,PM Krishi Sinchayee Yojana,4159.19,2026-27
TN_TIRUVANNAMALAI,TRANSPORT,State Rural Transport Connect,5819.19,2026-27
TN_DHARMAPURI,WATER_SUPPLY,Jal Jeevan Mission,1518.08,2026-27
TN_DHARMAPURI,SANITATION,Swachh Bharat Mission (Grameen),1248.08,2026-27
TN_DHARMAPURI,ROADS,PM Gram Sadak Yojana,3008.08,2026-27
TN_DHARMAPURI,ELECTRICITY,Revamped Distribution Sector Scheme,3568.08,2026-27
TN_DHARMAPURI,HEALTH,PM Ayushman Bharat Health Infra,1808.08,2026-27
TN_DHARMAPURI,EDUCATION,Samagra Shiksha Abhiyan,3548.08,2026-27
TN_DHARMAPURI,DIGITAL,BharatNet Broadband Infra,3548.08,2026-27
TN_DHARMAPURI,HOUSING,PM Awas Yojana,4638.08,2026-27
TN_DHARMAPURI,IRRIGATION,PM Krishi Sinchayee Yojana,4828.08,2026-27
TN_DHARMAPURI,TRANSPORT,State Rural Transport Connect,4968.08,2026-27
TN_KRISHNAGIRI,WATER_SUPPLY,Jal Jeevan Mission,3875.91,2026-27
TN_KRISHNAGIRI,SANITATION,Swachh Bharat Mission (Grameen),3005.91,2026-27
TN_KRISHNAGIRI,ROADS,PM Gram Sadak Yojana,1145.91,2026-27
TN_KRISHNAGIRI,ELECTRICITY,Revamped Distribution Sector Scheme,5325.91,2026-27
TN_KRISHNAGIRI,HEALTH,PM Ayushman Bharat Health Infra,5535.91,2026-27
TN_KRISHNAGIRI,EDUCATION,Samagra Shiksha Abhiyan,3495.91,2026-27
TN_KRISHNAGIRI,DIGITAL,BharatNet Broadband Infra,1615.91,2026-27
TN_KRISHNAGIRI,HOUSING,PM Awas Yojana,3725.91,2026-27
TN_KRISHNAGIRI,IRRIGATION,PM Krishi Sinchayee Yojana,2655.91,2026-27
TN_KRISHNAGIRI,TRANSPORT,State Rural Transport Connect,1895.91,2026-27
TN_NAMAKKAL,WATER_SUPPLY,Jal Jeevan Mission,3496.97,2026-27
TN_NAMAKKAL,SANITATION,Swachh Bharat Mission (Grameen),2396.97,2026-27
TN_NAMAKKAL,ROADS,PM Gram Sadak Yojana,1296.97,2026-27
TN_NAMAKKAL,ELECTRICITY,Revamped Distribution Sector Scheme,5146.97,2026-27
TN_NAMAKKAL,HEALTH,PM Ayushman Bharat Health Infra,3726.97,2026-27
TN_NAMAKKAL,EDUCATION,Samagra Shiksha Abhiyan,3686.97,2026-27
TN_NAMAKKAL,DIGITAL,BharatNet Broadband Infra,3216.97,2026-27
TN_NAMAKKAL,HOUSING,PM Awas Yojana,2976.97,2026-27
TN_NAMAKKAL,IRRIGATION,PM Krishi Sinchayee Yojana,1606.97,2026-27
TN_NAMAKKAL,TRANSPORT,State Rural Transport Connect,2166.97,2026-27
TN_KARUR,WATER_SUPPLY,Jal Jeevan Mission,909.02,2026-27
TN_KARUR,SANITATION,Swachh Bharat Mission (Grameen),4759.02,2026-27
TN_KARUR,ROADS,PM Gram Sadak Yojana,4559.02,2026-27
TN_KARUR,ELECTRICITY,Revamped Distribution Sector Scheme,929.02,2026-27
TN_KARUR,HEALTH,PM Ayushman Bharat Health Infra,3109.02,2026-27
TN_KARUR,EDUCATION,Samagra Shiksha Abhiyan,4489.02,2026-27
TN_KARUR,DIGITAL,BharatNet Broadband Infra,3849.02,2026-27
TN_KARUR,HOUSING,PM Awas Yojana,1759.02,2026-27
TN_KARUR,IRRIGATION,PM Krishi Sinchayee Yojana,699.02,2026-27
TN_KARUR,TRANSPORT,State Rural Transport Connect,3359.02,2026-27
TN_VIRUDHUNAGAR,WATER_SUPPLY,Jal Jeevan Mission,1984.03,2026-27
TN_VIRUDHUNAGAR,SANITATION,Swachh Bharat Mission (Grameen),1614.03,2026-27
TN_VIRUDHUNAGAR,ROADS,PM Gram Sadak Yojana,1814.03,2026-27
TN_VIRUDHUNAGAR,ELECTRICITY,Revamped Distribution Sector Scheme,3844.03,2026-27
TN_VIRUDHUNAGAR,HEALTH,PM Ayushman Bharat Health Infra,3504.03,2026-27
TN_VIRUDHUNAGAR,EDUCATION,Samagra Shiksha Abhiyan,4994.03,2026-27
TN_VIRUDHUNAGAR,DIGITAL,BharatNet Broadband Infra,2774.03,2026-27
TN_VIRUDHUNAGAR,HOUSING,PM Awas Yojana,5754.03,2026-27
TN_VIRUDHUNAGAR,IRRIGATION,PM Krishi Sinchayee Yojana,2284.03,2026-27
TN_VIRUDHUNAGAR,TRANSPORT,State Rural Transport Connect,2134.03,2026-27
TN_THENI,WATER_SUPPLY,Jal Jeevan Mission,700.65,2026-27
TN_THENI,SANITATION,Swachh Bharat Mission (Grameen),2840.65,2026-27
TN_THENI,ROADS,PM Gram Sadak Yojana,1530.65,2026-27
TN_THENI,ELECTRICITY,Revamped Distribution Sector Scheme,5170.65,2026-27
TN_THENI,HEALTH,PM Ayushman Bharat Health Infra,4200.65,2026-27
TN_THENI,EDUCATION,Samagra Shiksha Abhiyan,720.65,2026-27
TN_THENI,DIGITAL,BharatNet Broadband Infra,1480.65,2026-27
TN_THENI,HOUSING,PM Awas Yojana,2650.65,2026-27
TN_THENI,IRRIGATION,PM Krishi Sinchayee Yojana,4170.65,2026-27
TN_THENI,TRANSPORT,State Rural Transport Connect,1580.65,2026-27
TN_NILGIRIS,WATER_SUPPLY,Jal Jeevan Mission,3230.93,2026-27
TN_NILGIRIS,SANITATION,Swachh Bharat Mission (Grameen),3190.93,2026-27
TN_NILGIRIS,ROADS,PM Gram Sadak Yojana,3760.93,2026-27
TN_NILGIRIS,ELECTRICITY,Revamped Distribution Sector Scheme,3120.93,2026-27
TN_NILGIRIS,HEALTH,PM Ayushman Bharat Health Infra,4640.93,2026-27
TN_NILGIRIS,EDUCATION,Samagra Shiksha Abhiyan,3890.93,2026-27
TN_NILGIRIS,DIGITAL,BharatNet Broadband Infra,2050.93,2026-27
TN_NILGIRIS,HOUSING,PM Awas Yojana,3590.93,2026-27
TN_NILGIRIS,IRRIGATION,PM Krishi Sinchayee Yojana,3910.93,2026-27
TN_NILGIRIS,TRANSPORT,State Rural Transport Connect,1460.93,2026-27
TN_SIVAGANGA,WATER_SUPPLY,Jal Jeevan Mission,2902.6,2026-27
TN_SIVAGANGA,SANITATION,Swachh Bharat Mission (Grameen),2332.6,2026-27
TN_SIVAGANGA,ROADS,PM Gram Sadak Yojana,5132.6,2026-27
TN_SIVAGANGA,ELECTRICITY,Revamped Distribution Sector Scheme,5452.6,2026-27
TN_SIVAGANGA,HEALTH,PM Ayushman Bharat Health Infra,3952.6,2026-27
TN_SIVAGANGA,EDUCATION,Samagra Shiksha Abhiyan,3762.6,2026-27
TN_SIVAGANGA,DIGITAL,BharatNet Broadband Infra,1022.6,2026-27
TN_SIVAGANGA,HOUSING,PM Awas Yojana,4062.6,2026-27
TN_SIVAGANGA,IRRIGATION,PM Krishi Sinchayee Yojana,4922.6,2026-27
TN_SIVAGANGA,TRANSPORT,State Rural Transport Connect,4732.6,2026-27
TN_NAGAPATTINAM,WATER_SUPPLY,Jal Jeevan Mission,3193.68,2026-27
TN_NAGAPATTINAM,SANITATION,Swachh Bharat Mission (Grameen),1733.68,2026-27
TN_NAGAPATTINAM,ROADS,PM Gram Sadak Yojana,2753.68,2026-27
TN_NAGAPATTINAM,ELECTRICITY,Revamped Distribution Sector Scheme,443.68,2026-27
TN_NAGAPATTINAM,HEALTH,PM Ayushman Bharat Health Infra,4693.68,2026-27
TN_NAGAPATTINAM,EDUCATION,Samagra Shiksha Abhiyan,3003.68,2026-27
TN_NAGAPATTINAM,DIGITAL,BharatNet Broadband Infra,2713.68,2026-27
TN_NAGAPATTINAM,HOUSING,PM Awas Yojana,5263.68,2026-27
TN_NAGAPATTINAM,IRRIGATION,PM Krishi Sinchayee Yojana,1323.68,2026-27
TN_NAGAPATTINAM,TRANSPORT,State Rural Transport Connect,4343.68,2026-27
TN_PUDUKKOTTAI,WATER_SUPPLY,Jal Jeevan Mission,3918.26,2026-27
TN_PUDUKKOTTAI,SANITATION,Swachh Bharat Mission (Grameen),3088.26,2026-27
TN_PUDUKKOTTAI,ROADS,PM Gram Sadak Yojana,1948.26,2026-27
TN_PUDUKKOTTAI,ELECTRICITY,Revamped Distribution Sector Scheme,4898.26,2026-27
TN_PUDUKKOTTAI,HEALTH,PM Ayushman Bharat Health Infra,778.26,2026-27
TN_PUDUKKOTTAI,EDUCATION,Samagra Shiksha Abhiyan,4838.26,2026-27
TN_PUDUKKOTTAI,DIGITAL,BharatNet Broadband Infra,5488.26,2026-27
TN_PUDUKKOTTAI,HOUSING,PM Awas Yojana,3418.26,2026-27
TN_PUDUKKOTTAI,IRRIGATION,PM Krishi Sinchayee Yojana,758.26,2026-27
TN_PUDUKKOTTAI,TRANSPORT,State Rural Transport Connect,2428.26,2026-27
TN_CHENGALPATTU,WATER_SUPPLY,Jal Jeevan Mission,2960.31,2026-27
TN_CHENGALPATTU,SANITATION,Swachh Bharat Mission (Grameen),5330.31,2026-27
TN_CHENGALPATTU,ROADS,PM Gram Sadak Yojana,5030.31,2026-27
TN_CHENGALPATTU,ELECTRICITY,Revamped Distribution Sector Scheme,1810.31,2026-27
TN_CHENGALPATTU,HEALTH,PM Ayushman Bharat Health Infra,5910.31,2026-27
TN_CHENGALPATTU,EDUCATION,Samagra Shiksha Abhiyan,4210.31,2026-27
TN_CHENGALPATTU,DIGITAL,BharatNet Broadband Infra,3670.31,2026-27
TN_CHENGALPATTU,HOUSING,PM Awas Yojana,2290.31,2026-27
TN_CHENGALPATTU,IRRIGATION,PM Krishi Sinchayee Yojana,4610.31,2026-27
TN_CHENGALPATTU,TRANSPORT,State Rural Transport Connect,1810.31,2026-27
TN_RANIPET,WATER_SUPPLY,Jal Jeevan Mission,3184.62,2026-27
TN_RANIPET,SANITATION,Swachh Bharat Mission (Grameen),4574.62,2026-27
TN_RANIPET,ROADS,PM Gram Sadak Yojana,5474.62,2026-27
TN_RANIPET,ELECTRICITY,Revamped Distribution Sector Scheme,5094.62,2026-27
TN_RANIPET,HEALTH,PM Ayushman Bharat Health Infra,3784.62,2026-27
TN_RANIPET,EDUCATION,Samagra Shiksha Abhiyan,4394.62,2026-27
TN_RANIPET,DIGITAL,BharatNet Broadband Infra,964.62,2026-27
TN_RANIPET,HOUSING,PM Awas Yojana,2054.62,2026-27
TN_RANIPET,IRRIGATION,PM Krishi Sinchayee Yojana,3064.62,2026-27
TN_RANIPET,TRANSPORT,State Rural Transport Connect,3684.62,2026-27
TN_TIRUPATHUR,WATER_SUPPLY,Jal Jeevan Mission,1660.32,2026-27
TN_TIRUPATHUR,SANITATION,Swachh Bharat Mission (Grameen),3000.32,2026-27
TN_TIRUPATHUR,ROADS,PM Gram Sadak Yojana,3140.32,2026-27
TN_TIRUPATHUR,ELECTRICITY,Revamped Distribution Sector Scheme,550.32,2026-27
TN_TIRUPATHUR,HEALTH,PM Ayushman Bharat Health Infra,1360.32,2026-27
TN_TIRUPATHUR,EDUCATION,Samagra Shiksha Abhiyan,5120.32,2026-27
TN_TIRUPATHUR,DIGITAL,BharatNet Broadband Infra,1780.32,2026-27
TN_TIRUPATHUR,HOUSING,PM Awas Yojana,5280.32,2026-27
TN_TIRUPATHUR,IRRIGATION,PM Krishi Sinchayee Yojana,500.32,2026-27
TN_TIRUPATHUR,TRANSPORT,State Rural Transport Connect,1200.32,2026-27
TN_TENKASI,WATER_SUPPLY,Jal Jeevan Mission,3283.43,2026-27
TN_TENKASI,SANITATION,Swachh Bharat Mission (Grameen),783.43,2026-27
TN_TENKASI,ROADS,PM Gram Sadak Yojana,4743.43,2026-27
TN_TENKASI,ELECTRICITY,Revamped Distribution Sector Scheme,3073.43,2026-27
TN_TENKASI,HEALTH,PM Ayushman Bharat Health Infra,5403.43,2026-27
TN_TENKASI,EDUCATION,Samagra Shiksha Abhiyan,3823.43,2026-27
TN_TENKASI,DIGITAL,BharatNet Broadband Infra,4803.43,2026-27
TN_TENKASI,HOUSING,PM Awas Yojana,633.43,2026-27
TN_TENKASI,IRRIGATION,PM Krishi Sinchayee Yojana,4603.43,2026-27
TN_TENKASI,TRANSPORT,State Rural Transport Connect,5563.43,2026-27
TN_KALLAKURICHI,WATER_SUPPLY,Jal Jeevan Mission,3026.63,2026-27
TN_KALLAKURICHI,SANITATION,Swachh Bharat Mission (Grameen),4436.63,2026-27
TN_KALLAKURICHI,ROADS,PM Gram Sadak Yojana,1796.63,2026-27
TN_KALLAKURICHI,ELECTRICITY,Revamped Distribution Sector Scheme,4306.63,2026-27
TN_KALLAKURICHI,HEALTH,PM Ayushman Bharat Health Infra,2216.63,2026-27
TN_KALLAKURICHI,EDUCATION,Samagra Shiksha Abhiyan,2696.63,2026-27
TN_KALLAKURICHI,DIGITAL,BharatNet Broadband Infra,3866.63,2026-27
TN_KALLAKURICHI,HOUSING,PM Awas Yojana,2546.63,2026-27
TN_KALLAKURICHI,IRRIGATION,PM Krishi Sinchayee Yojana,2306.63,2026-27
TN_KALLAKURICHI,TRANSPORT,State Rural Transport Connect,1506.63,2026-27
TN_MAYILADUTHURAI,WATER_SUPPLY,Jal Jeevan Mission,5173.26,2026-27
TN_MAYILADUTHURAI,SANITATION,Swachh Bharat Mission (Grameen),1993.26,2026-27
TN_MAYILADUTHURAI,ROADS,PM Gram Sadak Yojana,3913.26,2026-27
TN_MAYILADUTHURAI,ELECTRICITY,Revamped Distribution Sector Scheme,2163.26,2026-27
TN_MAYILADUTHURAI,HEALTH,PM Ayushman Bharat Health Infra,2273.26,2026-27
TN_MAYILADUTHURAI,EDUCATION,Samagra Shiksha Abhiyan,2693.26,2026-27
TN_MAYILADUTHURAI,DIGITAL,BharatNet Broadband Infra,5053.26,2026-27
TN_MAYILADUTHURAI,HOUSING,PM Awas Yojana,3543.26,2026-27
TN_MAYILADUTHURAI,IRRIGATION,PM Krishi Sinchayee Yojana,2303.26,2026-27
TN_MAYILADUTHURAI,TRANSPORT,State Rural Transport Connect,1643.26,2026-27
KA_BENGALURU_URBAN,WATER_SUPPLY,Jal Jeevan Mission,5639.7,2026-27
KA_BENGALURU_URBAN,SANITATION,Swachh Bharat Mission (Grameen),7629.7,2026-27
KA_BENGALURU_URBAN,ROADS,PM Gram Sadak Yojana,5789.7,2026-27
KA_BENGALURU_URBAN,ELECTRICITY,Revamped Distribution Sector Scheme,9109.7,2026-27
KA_BENGALURU_URBAN,HEALTH,PM Ayushman Bharat Health Infra,9209.7,2026-27
KA_BENGALURU_URBAN,EDUCATION,Samagra Shiksha Abhiyan,5269.7,2026-27
KA_BENGALURU_URBAN,DIGITAL,BharatNet Broadband Infra,8709.7,2026-27
KA_BENGALURU_URBAN,HOUSING,PM Awas Yojana,6789.7,2026-27
KA_BENGALURU_URBAN,IRRIGATION,PM Krishi Sinchayee Yojana,5369.7,2026-27
KA_BENGALURU_URBAN,TRANSPORT,State Rural Transport Connect,5839.7,2026-27
KA_BENGALURU_RURAL,WATER_SUPPLY,Jal Jeevan Mission,3285.92,2026-27
KA_BENGALURU_RURAL,SANITATION,Swachh Bharat Mission (Grameen),675.92,2026-27
KA_BENGALURU_RURAL,ROADS,PM Gram Sadak Yojana,3975.92,2026-27
KA_BENGALURU_RURAL,ELECTRICITY,Revamped Distribution Sector Scheme,3485.92,2026-27
KA_BENGALURU_RURAL,HEALTH,PM Ayushman Bharat Health Infra,1555.92,2026-27
KA_BENGALURU_RURAL,EDUCATION,Samagra Shiksha Abhiyan,3815.92,2026-27
KA_BENGALURU_RURAL,DIGITAL,BharatNet Broadband Infra,1935.92,2026-27
KA_BENGALURU_RURAL,HOUSING,PM Awas Yojana,3655.92,2026-27
KA_BENGALURU_RURAL,IRRIGATION,PM Krishi Sinchayee Yojana,2465.92,2026-27
KA_BENGALURU_RURAL,TRANSPORT,State Rural Transport Connect,915.92,2026-27
KA_MYSURU,WATER_SUPPLY,Jal Jeevan Mission,3920.51,2026-27
KA_MYSURU,SANITATION,Swachh Bharat Mission (Grameen),1370.51,2026-27
KA_MYSURU,ROADS,PM Gram Sadak Yojana,4490.51,2026-27
KA_MYSURU,ELECTRICITY,Revamped Distribution Sector Scheme,3510.51,2026-27
KA_MYSURU,HEALTH,PM Ayushman Bharat Health Infra,1400.51,2026-27
KA_MYSURU,EDUCATION,Samagra Shiksha Abhiyan,3500.51,2026-27
KA_MYSURU,DIGITAL,BharatNet Broadband Infra,5670.51,2026-27
KA_MYSURU,HOUSING,PM Awas Yojana,3340.51,2026-27
KA_MYSURU,IRRIGATION,PM Krishi Sinchayee Yojana,4210.51,2026-27
KA_MYSURU,TRANSPORT,State Rural Transport Connect,4290.51,2026-27
KA_DAKSHINA_KANNADA,WATER_SUPPLY,Jal Jeevan Mission,4490.34,2026-27
KA_DAKSHINA_KANNADA,SANITATION,Swachh Bharat Mission (Grameen),3470.34,2026-27
KA_DAKSHINA_KANNADA,ROADS,PM Gram Sadak Yojana,1540.34,2026-27
KA_DAKSHINA_KANNADA,ELECTRICITY,Revamped Distribution Sector Scheme,5900.34,2026-27
KA_DAKSHINA_KANNADA,HEALTH,PM Ayushman Bharat Health Infra,4740.34,2026-27
KA_DAKSHINA_KANNADA,EDUCATION,Samagra Shiksha Abhiyan,4120.34,2026-27
KA_DAKSHINA_KANNADA,DIGITAL,BharatNet Broadband Infra,5780.34,2026-27
KA_DAKSHINA_KANNADA,HOUSING,PM Awas Yojana,4810.34,2026-27
KA_DAKSHINA_KANNADA,IRRIGATION,PM Krishi Sinchayee Yojana,5580.34,2026-27
KA_DAKSHINA_KANNADA,TRANSPORT,State Rural Transport Connect,2220.34,2026-27
KA_BELAGAVI,WATER_SUPPLY,Jal Jeevan Mission,4680.85,2026-27
KA_BELAGAVI,SANITATION,Swachh Bharat Mission (Grameen),5830.85,2026-27
KA_BELAGAVI,ROADS,PM Gram Sadak Yojana,5870.85,2026-27
KA_BELAGAVI,ELECTRICITY,Revamped Distribution Sector Scheme,5670.85,2026-27
KA_BELAGAVI,HEALTH,PM Ayushman Bharat Health Infra,5840.85,2026-27
KA_BELAGAVI,EDUCATION,Samagra Shiksha Abhiyan,2780.85,2026-27
KA_BELAGAVI,DIGITAL,BharatNet Broadband Infra,3140.85,2026-27
KA_BELAGAVI,HOUSING,PM Awas Yojana,5020.85,2026-27
KA_BELAGAVI,IRRIGATION,PM Krishi Sinchayee Yojana,5870.85,2026-27
KA_BELAGAVI,TRANSPORT,State Rural Transport Connect,3750.85,2026-27
KA_DHARWAD,WATER_SUPPLY,Jal Jeevan Mission,3981.16,2026-27
KA_DHARWAD,SANITATION,Swachh Bharat Mission (Grameen),5451.16,2026-27
KA_DHARWAD,ROADS,PM Gram Sadak Yojana,3561.16,2026-27
KA_DHARWAD,ELECTRICITY,Revamped Distribution Sector Scheme,3781.16,2026-27
KA_DHARWAD,HEALTH,PM Ayushman Bharat Health Infra,4481.16,2026-27
KA_DHARWAD,EDUCATION,Samagra Shiksha Abhiyan,3451.16,2026-27
KA_DHARWAD,DIGITAL,BharatNet Broadband Infra,5651.16,2026-27
KA_DHARWAD,HOUSING,PM Awas Yojana,5561.16,2026-27
KA_DHARWAD,IRRIGATION,PM Krishi Sinchayee Yojana,3211.16,2026-27
KA_DHARWAD,TRANSPORT,State Rural Transport Connect,2751.16,2026-27
KA_KALABURAGI,WATER_SUPPLY,Jal Jeevan Mission,4744.85,2026-27
KA_KALABURAGI,SANITATION,Swachh Bharat Mission (Grameen),4644.85,2026-27
KA_KALABURAGI,ROADS,PM Gram Sadak Yojana,1194.85,2026-27
KA_KALABURAGI,ELECTRICITY,Revamped Distribution Sector Scheme,3114.85,2026-27
KA_KALABURAGI,HEALTH,PM Ayushman Bharat Health Infra,5674.85,2026-27
KA_KALABURAGI,EDUCATION,Samagra Shiksha Abhiyan,3044.85,2026-27
KA_KALABURAGI,DIGITAL,BharatNet Broadband Infra,2034.85,2026-27
KA_KALABURAGI,HOUSING,PM Awas Yojana,1414.85,2026-27
KA_KALABURAGI,IRRIGATION,PM Krishi Sinchayee Yojana,4724.85,2026-27
KA_KALABURAGI,TRANSPORT,State Rural Transport Connect,2974.85,2026-27
KA_BALLARI,WATER_SUPPLY,Jal Jeevan Mission,2480.44,2026-27
KA_BALLARI,SANITATION,Swachh Bharat Mission (Grameen),4210.44,2026-27
KA_BALLARI,ROADS,PM Gram Sadak Yojana,2800.44,2026-27
KA_BALLARI,ELECTRICITY,Revamped Distribution Sector Scheme,3530.44,2026-27
KA_BALLARI,HEALTH,PM Ayushman Bharat Health Infra,4010.44,2026-27
KA_BALLARI,EDUCATION,Samagra Shiksha Abhiyan,2900.44,2026-27
KA_BALLARI,DIGITAL,BharatNet Broadband Infra,5530.44,2026-27
KA_BALLARI,HOUSING,PM Awas Yojana,5150.44,2026-27
KA_BALLARI,IRRIGATION,PM Krishi Sinchayee Yojana,5050.44,2026-27
KA_BALLARI,TRANSPORT,State Rural Transport Connect,5130.44,2026-27
KA_SHIVAMOGGA,WATER_SUPPLY,Jal Jeevan Mission,858.74,2026-27
KA_SHIVAMOGGA,SANITATION,Swachh Bharat Mission (Grameen),1398.74,2026-27
KA_SHIVAMOGGA,ROADS,PM Gram Sadak Yojana,2238.74,2026-27
KA_SHIVAMOGGA,ELECTRICITY,Revamped Distribution Sector Scheme,1788.74,2026-27
KA_SHIVAMOGGA,HEALTH,PM Ayushman Bharat Health Infra,988.74,2026-27
KA_SHIVAMOGGA,EDUCATION,Samagra Shiksha Abhiyan,3518.74,2026-27
KA_SHIVAMOGGA,DIGITAL,BharatNet Broadband Infra,2508.74,2026-27
KA_SHIVAMOGGA,HOUSING,PM Awas Yojana,3198.74,2026-27
KA_SHIVAMOGGA,IRRIGATION,PM Krishi Sinchayee Yojana,4358.74,2026-27
KA_SHIVAMOGGA,TRANSPORT,State Rural Transport Connect,1708.74,2026-27
KA_TUMAKURU,WATER_SUPPLY,Jal Jeevan Mission,3234.19,2026-27
KA_TUMAKURU,SANITATION,Swachh Bharat Mission (Grameen),4484.19,2026-27
KA_TUMAKURU,ROADS,PM Gram Sadak Yojana,1254.19,2026-27
KA_TUMAKURU,ELECTRICITY,Revamped Distribution Sector Scheme,5024.19,2026-27
KA_TUMAKURU,HEALTH,PM Ayushman Bharat Health Infra,3534.19,2026-27
KA_TUMAKURU,EDUCATION,Samagra Shiksha Abhiyan,3474.19,2026-27
KA_TUMAKURU,DIGITAL,BharatNet Broadband Infra,3584.19,2026-27
KA_TUMAKURU,HOUSING,PM Awas Yojana,4304.19,2026-27
KA_TUMAKURU,IRRIGATION,PM Krishi Sinchayee Yojana,2804.19,2026-27
KA_TUMAKURU,TRANSPORT,State Rural Transport Connect,3334.19,2026-27
KA_UDUPI,WATER_SUPPLY,Jal Jeevan Mission,589.81,2026-27
KA_UDUPI,SANITATION,Swachh Bharat Mission (Grameen),5209.81,2026-27
KA_UDUPI,ROADS,PM Gram Sadak Yojana,2979.81,2026-27
KA_UDUPI,ELECTRICITY,Revamped Distribution Sector Scheme,2109.81,2026-27
KA_UDUPI,HEALTH,PM Ayushman Bharat Health Infra,3149.81,2026-27
KA_UDUPI,EDUCATION,Samagra Shiksha Abhiyan,3419.81,2026-27
KA_UDUPI,DIGITAL,BharatNet Broadband Infra,899.81,2026-27
KA_UDUPI,HOUSING,PM Awas Yojana,5339.81,2026-27
KA_UDUPI,IRRIGATION,PM Krishi Sinchayee Yojana,1199.81,2026-27
KA_UDUPI,TRANSPORT,State Rural Transport Connect,4559.81,2026-27
KA_HASSAN,WATER_SUPPLY,Jal Jeevan Mission,2779.39,2026-27
KA_HASSAN,SANITATION,Swachh Bharat Mission (Grameen),2579.39,2026-27
KA_HASSAN,ROADS,PM Gram Sadak Yojana,3319.39,2026-27
KA_HASSAN,ELECTRICITY,Revamped Distribution Sector Scheme,3919.39,2026-27
KA_HASSAN,HEALTH,PM Ayushman Bharat Health Infra,1199.39,2026-27
KA_HASSAN,EDUCATION,Samagra Shiksha Abhiyan,3709.39,2026-27
KA_HASSAN,DIGITAL,BharatNet Broadband Infra,2249.39,2026-27
KA_HASSAN,HOUSING,PM Awas Yojana,5339.39,2026-27
KA_HASSAN,IRRIGATION,PM Krishi Sinchayee Yojana,3449.39,2026-27
KA_HASSAN,TRANSPORT,State Rural Transport Connect,3749.39,2026-27
KA_DAVANAGERE,WATER_SUPPLY,Jal Jeevan Mission,5479.57,2026-27
KA_DAVANAGERE,SANITATION,Swachh Bharat Mission (Grameen),2379.57,2026-27
KA_DAVANAGERE,ROADS,PM Gram Sadak Yojana,4709.57,2026-27
KA_DAVANAGERE,ELECTRICITY,Revamped Distribution Sector Scheme,3199.57,2026-27
KA_DAVANAGERE,HEALTH,PM Ayushman Bharat Health Infra,4589.57,2026-27
KA_DAVANAGERE,EDUCATION,Samagra Shiksha Abhiyan,4759.57,2026-27
KA_DAVANAGERE,DIGITAL,BharatNet Broadband Infra,1259.57,2026-27
KA_DAVANAGERE,HOUSING,PM Awas Yojana,1969.57,2026-27
KA_DAVANAGERE,IRRIGATION,PM Krishi Sinchayee Yojana,4509.57,2026-27
KA_DAVANAGERE,TRANSPORT,State Rural Transport Connect,5269.57,2026-27
KA_MANDYA,WATER_SUPPLY,Jal Jeevan Mission,1682.6,2026-27
KA_MANDYA,SANITATION,Swachh Bharat Mission (Grameen),1962.6,2026-27
KA_MANDYA,ROADS,PM Gram Sadak Yojana,922.6,2026-27
KA_MANDYA,ELECTRICITY,Revamped Distribution Sector Scheme,3152.6,2026-27
KA_MANDYA,HEALTH,PM Ayushman Bharat Health Infra,4222.6,2026-27
KA_MANDYA,EDUCATION,Samagra Shiksha Abhiyan,3682.6,2026-27
KA_MANDYA,DIGITAL,BharatNet Broadband Infra,4102.6,2026-27
KA_MANDYA,HOUSING,PM Awas Yojana,2332.6,2026-27
KA_MANDYA,IRRIGATION,PM Krishi Sinchayee Yojana,1992.6,2026-27
KA_MANDYA,TRANSPORT,State Rural Transport Connect,4002.6,2026-27
KA_VIJAYAPURA,WATER_SUPPLY,Jal Jeevan Mission,2159.8,2026-27
KA_VIJAYAPURA,SANITATION,Swachh Bharat Mission (Grameen),3409.8,2026-27
KA_VIJAYAPURA,ROADS,PM Gram Sadak Yojana,5479.8,2026-27
KA_VIJAYAPURA,ELECTRICITY,Revamped Distribution Sector Scheme,3889.8,2026-27
KA_VIJAYAPURA,HEALTH,PM Ayushman Bharat Health Infra,1099.8,2026-27
KA_VIJAYAPURA,EDUCATION,Samagra Shiksha Abhiyan,2579.8,2026-27
KA_VIJAYAPURA,DIGITAL,BharatNet Broadband Infra,3659.8,2026-27
KA_VIJAYAPURA,HOUSING,PM Awas Yojana,5789.8,2026-27
KA_VIJAYAPURA,IRRIGATION,PM Krishi Sinchayee Yojana,1239.8,2026-27
KA_VIJAYAPURA,TRANSPORT,State Rural Transport Connect,4799.8,2026-27
KA_BAGALKOT,WATER_SUPPLY,Jal Jeevan Mission,2430.3,2026-27
KA_BAGALKOT,SANITATION,Swachh Bharat Mission (Grameen),1960.3,2026-27
KA_BAGALKOT,ROADS,PM Gram Sadak Yojana,4850.3,2026-27
KA_BAGALKOT,ELECTRICITY,Revamped Distribution Sector Scheme,3860.3,2026-27
KA_BAGALKOT,HEALTH,PM Ayushman Bharat Health Infra,1260.3,2026-27
KA_BAGALKOT,EDUCATION,Samagra Shiksha Abhiyan,1780.3,2026-27
KA_BAGALKOT,DIGITAL,BharatNet Broadband Infra,2790.3,2026-27
KA_BAGALKOT,HOUSING,PM Awas Yojana,1940.3,2026-27
KA_BAGALKOT,IRRIGATION,PM Krishi Sinchayee Yojana,5530.3,2026-27
KA_BAGALKOT,TRANSPORT,State Rural Transport Connect,4060.3,2026-27
KA_BIDAR,WATER_SUPPLY,Jal Jeevan Mission,4096.48,2026-27
KA_BIDAR,SANITATION,Swachh Bharat Mission (Grameen),4756.48,2026-27
KA_BIDAR,ROADS,PM Gram Sadak Yojana,966.49,2026-27
KA_BIDAR,ELECTRICITY,Revamped Distribution Sector Scheme,5376.48,2026-27
KA_BIDAR,HEALTH,PM Ayushman Bharat Health Infra,1086.49,2026-27
KA_BIDAR,EDUCATION,Samagra Shiksha Abhiyan,4216.48,2026-27
KA_BIDAR,DIGITAL,BharatNet Broadband Infra,1686.49,2026-27
KA_BIDAR,HOUSING,PM Awas Yojana,3386.49,2026-27
KA_BIDAR,IRRIGATION,PM Krishi Sinchayee Yojana,1306.49,2026-27
KA_BIDAR,TRANSPORT,State Rural Transport Connect,1896.49,2026-27
KA_RAICHUR,WATER_SUPPLY,Jal Jeevan Mission,5807.97,2026-27
KA_RAICHUR,SANITATION,Swachh Bharat Mission (Grameen),5357.97,2026-27
KA_RAICHUR,ROADS,PM Gram Sadak Yojana,3727.97,2026-27
KA_RAICHUR,ELECTRICITY,Revamped Distribution Sector Scheme,3687.97,2026-27
KA_RAICHUR,HEALTH,PM Ayushman Bharat Health Infra,1437.97,2026-27
KA_RAICHUR,EDUCATION,Samagra Shiksha Abhiyan,4427.97,2026-27
KA_RAICHUR,DIGITAL,BharatNet Broadband Infra,2097.97,2026-27
KA_RAICHUR,HOUSING,PM Awas Yojana,3877.97,2026-27
KA_RAICHUR,IRRIGATION,PM Krishi Sinchayee Yojana,4117.97,2026-27
KA_RAICHUR,TRANSPORT,State Rural Transport Connect,2477.97,2026-27
KA_KOPPAL,WATER_SUPPLY,Jal Jeevan Mission,1245.46,2026-27
KA_KOPPAL,SANITATION,Swachh Bharat Mission (Grameen),5175.46,2026-27
KA_KOPPAL,ROADS,PM Gram Sadak Yojana,3395.46,2026-27
KA_KOPPAL,ELECTRICITY,Revamped Distribution Sector Scheme,775.46,2026-27
KA_KOPPAL,HEALTH,PM Ayushman Bharat Health Infra,2225.46,2026-27
KA_KOPPAL,EDUCATION,Samagra Shiksha Abhiyan,685.46,2026-27
KA_KOPPAL,DIGITAL,BharatNet Broadband Infra,2405.46,2026-27
KA_KOPPAL,HOUSING,PM Awas Yojana,2865.46,2026-27
KA_KOPPAL,IRRIGATION,PM Krishi Sinchayee Yojana,2215.46,2026-27
KA_KOPPAL,TRANSPORT,State Rural Transport Connect,1945.46,2026-27
KA_YADGIR,WATER_SUPPLY,Jal Jeevan Mission,838.42,2026-27
KA_YADGIR,SANITATION,Swachh Bharat Mission (Grameen),2998.42,2026-27
KA_YADGIR,ROADS,PM Gram Sadak Yojana,2118.42,2026-27
KA_YADGIR,ELECTRICITY,Revamped Distribution Sector Scheme,1958.42,2026-27
KA_YADGIR,HEALTH,PM Ayushman Bharat Health Infra,2218.42,2026-27
KA_YADGIR,EDUCATION,Samagra Shiksha Abhiyan,4658.42,2026-27
KA_YADGIR,DIGITAL,BharatNet Broadband Infra,3368.42,2026-27
KA_YADGIR,HOUSING,PM Awas Yojana,1978.42,2026-27
KA_YADGIR,IRRIGATION,PM Krishi Sinchayee Yojana,3108.42,2026-27
KA_YADGIR,TRANSPORT,State Rural Transport Connect,3778.42,2026-27
KA_UTTARA_KANNADA,WATER_SUPPLY,Jal Jeevan Mission,5136.73,2026-27
KA_UTTARA_KANNADA,SANITATION,Swachh Bharat Mission (Grameen),2006.73,2026-27
KA_UTTARA_KANNADA,ROADS,PM Gram Sadak Yojana,3666.73,2026-27
KA_UTTARA_KANNADA,ELECTRICITY,Revamped Distribution Sector Scheme,4566.73,2026-27
KA_UTTARA_KANNADA,HEALTH,PM Ayushman Bharat Health Infra,2416.73,2026-27
KA_UTTARA_KANNADA,EDUCATION,Samagra Shiksha Abhiyan,2776.73,2026-27
KA_UTTARA_KANNADA,DIGITAL,BharatNet Broadband Infra,3816.73,2026-27
KA_UTTARA_KANNADA,HOUSING,PM Awas Yojana,4396.73,2026-27
KA_UTTARA_KANNADA,IRRIGATION,PM Krishi Sinchayee Yojana,946.73,2026-27
KA_UTTARA_KANNADA,TRANSPORT,State Rural Transport Connect,1396.73,2026-27
KA_CHITRADURGA,WATER_SUPPLY,Jal Jeevan Mission,3316.76,2026-27
KA_CHITRADURGA,SANITATION,Swachh Bharat Mission (Grameen),3756.76,2026-27
KA_CHITRADURGA,ROADS,PM Gram Sadak Yojana,2206.76,2026-27
KA_CHITRADURGA,ELECTRICITY,Revamped Distribution Sector Scheme,3826.76,2026-27
KA_CHITRADURGA,HEALTH,PM Ayushman Bharat Health Infra,3226.76,2026-27
KA_CHITRADURGA,EDUCATION,Samagra Shiksha Abhiyan,5056.76,2026-27
KA_CHITRADURGA,DIGITAL,BharatNet Broadband Infra,5566.76,2026-27
KA_CHITRADURGA,HOUSING,PM Awas Yojana,3196.76,2026-27
KA_CHITRADURGA,IRRIGATION,PM Krishi Sinchayee Yojana,4406.76,2026-27
KA_CHITRADURGA,TRANSPORT,State Rural Transport Connect,846.76,2026-27
KA_KOLAR,WATER_SUPPLY,Jal Jeevan Mission,2961.38,2026-27
KA_KOLAR,SANITATION,Swachh Bharat Mission (Grameen),5021.38,2026-27
KA_KOLAR,ROADS,PM Gram Sadak Yojana,4801.38,2026-27
KA_KOLAR,ELECTRICITY,Revamped Distribution Sector Scheme,3151.38,2026-27
KA_KOLAR,HEALTH,PM Ayushman Bharat Health Infra,3801.38,2026-27
KA_KOLAR,EDUCATION,Samagra Shiksha Abhiyan,4661.38,2026-27
KA_KOLAR,DIGITAL,BharatNet Broadband Infra,4521.38,2026-27
KA_KOLAR,HOUSING,PM Awas Yojana,5521.38,2026-27
KA_KOLAR,IRRIGATION,PM Krishi Sinchayee Yojana,1631.38,2026-27
KA_KOLAR,TRANSPORT,State Rural Transport Connect,5601.38,2026-27
KA_RAMANAGARA,WATER_SUPPLY,Jal Jeevan Mission,567.19,2026-27
KA_RAMANAGARA,SANITATION,Swachh Bharat Mission (Grameen),3617.19,2026-27
KA_RAMANAGARA,ROADS,PM Gram Sadak Yojana,5367.19,2026-27
KA_RAMANAGARA,ELECTRICITY,Revamped Distribution Sector Scheme,3647.19,2026-27
KA_RAMANAGARA,HEALTH,PM Ayushman Bharat Health Infra,2577.19,2026-27
KA_RAMANAGARA,EDUCATION,Samagra Shiksha Abhiyan,2847.19,2026-27
KA_RAMANAGARA,DIGITAL,BharatNet Broadband Infra,957.19,2026-27
KA_RAMANAGARA,HOUSING,PM Awas Yojana,907.19,2026-27
KA_RAMANAGARA,IRRIGATION,PM Krishi Sinchayee Yojana,1767.19,2026-27
KA_RAMANAGARA,TRANSPORT,State Rural Transport Connect,4867.19,2026-27
KA_CHIKKAMAGALURU,WATER_SUPPLY,Jal Jeevan Mission,4612.08,2026-27
KA_CHIKKAMAGALURU,SANITATION,Swachh Bharat Mission (Grameen),2842.08,2026-27
KA_CHIKKAMAGALURU,ROADS,PM Gram Sadak Yojana,4122.08,2026-27
KA_CHIKKAMAGALURU,ELECTRICITY,Revamped Distribution Sector Scheme,2762.08,2026-27
KA_CHIKKAMAGALURU,HEALTH,PM Ayushman Bharat Health Infra,1362.08,2026-27
KA_CHIKKAMAGALURU,EDUCATION,Samagra Shiksha Abhiyan,3842.08,2026-27
KA_CHIKKAMAGALURU,DIGITAL,BharatNet Broadband Infra,2982.08,2026-27
KA_CHIKKAMAGALURU,HOUSING,PM Awas Yojana,3162.08,2026-27
KA_CHIKKAMAGALURU,IRRIGATION,PM Krishi Sinchayee Yojana,3872.08,2026-27
KA_CHIKKAMAGALURU,TRANSPORT,State Rural Transport Connect,3652.08,2026-27
KA_KODAGU,WATER_SUPPLY,Jal Jeevan Mission,5139.53,2026-27
KA_KODAGU,SANITATION,Swachh Bharat Mission (Grameen),3399.53,2026-27
KA_KODAGU,ROADS,PM Gram Sadak Yojana,1439.53,2026-27
KA_KODAGU,ELECTRICITY,Revamped Distribution Sector Scheme,3669.53,2026-27
KA_KODAGU,HEALTH,PM Ayushman Bharat Health Infra,4529.53,2026-27
KA_KODAGU,EDUCATION,Samagra Shiksha Abhiyan,4069.53,2026-27
KA_KODAGU,DIGITAL,BharatNet Broadband Infra,4399.53,2026-27
KA_KODAGU,HOUSING,PM Awas Yojana,2669.53,2026-27
KA_KODAGU,IRRIGATION,PM Krishi Sinchayee Yojana,319.53,2026-27
KA_KODAGU,TRANSPORT,State Rural Transport Connect,2559.53,2026-27
KL_ERNAKULAM,WATER_SUPPLY,Jal Jeevan Mission,2327.07,2026-27
KL_ERNAKULAM,SANITATION,Swachh Bharat Mission (Grameen),1537.07,2026-27
KL_ERNAKULAM,ROADS,PM Gram Sadak Yojana,3747.07,2026-27
KL_ERNAKULAM,ELECTRICITY,Revamped Distribution Sector Scheme,5887.07,2026-27
KL_ERNAKULAM,HEALTH,PM Ayushman Bharat Health Infra,5077.07,2026-27
KL_ERNAKULAM,EDUCATION,Samagra Shiksha Abhiyan,1747.07,2026-27
KL_ERNAKULAM,DIGITAL,BharatNet Broadband Infra,1567.07,2026-27
KL_ERNAKULAM,HOUSING,PM Awas Yojana,6177.07,2026-27
KL_ERNAKULAM,IRRIGATION,PM Krishi Sinchayee Yojana,5907.07,2026-27
KL_ERNAKULAM,TRANSPORT,State Rural Transport Connect,1857.07,2026-27
KL_THIRUVANANTHAPURAM,WATER_SUPPLY,Jal Jeevan Mission,2795.64,2026-27
KL_THIRUVANANTHAPURAM,SANITATION,Swachh Bharat Mission (Grameen),3265.64,2026-27
KL_THIRUVANANTHAPURAM,ROADS,PM Gram Sadak Yojana,5635.64,2026-27
KL_THIRUVANANTHAPURAM,ELECTRICITY,Revamped Distribution Sector Scheme,4285.64,2026-27
KL_THIRUVANANTHAPURAM,HEALTH,PM Ayushman Bharat Health Infra,4875.64,2026-27
KL_THIRUVANANTHAPURAM,EDUCATION,Samagra Shiksha Abhiyan,4385.64,2026-27
KL_THIRUVANANTHAPURAM,DIGITAL,BharatNet Broadband Infra,1785.64,2026-27
KL_THIRUVANANTHAPURAM,HOUSING,PM Awas Yojana,6365.64,2026-27
KL_THIRUVANANTHAPURAM,IRRIGATION,PM Krishi Sinchayee Yojana,3315.64,2026-27
KL_THIRUVANANTHAPURAM,TRANSPORT,State Rural Transport Connect,5425.64,2026-27
KL_KOZHIKODE,WATER_SUPPLY,Jal Jeevan Mission,6028.83,2026-27
KL_KOZHIKODE,SANITATION,Swachh Bharat Mission (Grameen),6378.83,2026-27
KL_KOZHIKODE,ROADS,PM Gram Sadak Yojana,3928.83,2026-27
KL_KOZHIKODE,ELECTRICITY,Revamped Distribution Sector Scheme,1698.83,2026-27
KL_KOZHIKODE,HEALTH,PM Ayushman Bharat Health Infra,1708.83,2026-27
KL_KOZHIKODE,EDUCATION,Samagra Shiksha Abhiyan,4538.83,2026-27
KL_KOZHIKODE,DIGITAL,BharatNet Broadband Infra,5868.83,2026-27
KL_KOZHIKODE,HOUSING,PM Awas Yojana,2448.83,2026-27
KL_KOZHIKODE,IRRIGATION,PM Krishi Sinchayee Yojana,1898.83,2026-27
KL_KOZHIKODE,TRANSPORT,State Rural Transport Connect,5848.83,2026-27
KL_THRISSUR,WATER_SUPPLY,Jal Jeevan Mission,6154.54,2026-27
KL_THRISSUR,SANITATION,Swachh Bharat Mission (Grameen),6154.54,2026-27
KL_THRISSUR,ROADS,PM Gram Sadak Yojana,6184.54,2026-27
KL_THRISSUR,ELECTRICITY,Revamped Distribution Sector Scheme,2934.54,2026-27
KL_THRISSUR,HEALTH,PM Ayushman Bharat Health Infra,5574.54,2026-27
KL_THRISSUR,EDUCATION,Samagra Shiksha Abhiyan,2434.54,2026-27
KL_THRISSUR,DIGITAL,BharatNet Broadband Infra,4484.54,2026-27
KL_THRISSUR,HOUSING,PM Awas Yojana,4934.54,2026-27
KL_THRISSUR,IRRIGATION,PM Krishi Sinchayee Yojana,5284.54,2026-27
KL_THRISSUR,TRANSPORT,State Rural Transport Connect,3244.54,2026-27
KL_KOLLAM,WATER_SUPPLY,Jal Jeevan Mission,4895.92,2026-27
KL_KOLLAM,SANITATION,Swachh Bharat Mission (Grameen),2525.92,2026-27
KL_KOLLAM,ROADS,PM Gram Sadak Yojana,4405.92,2026-27
KL_KOLLAM,ELECTRICITY,Revamped Distribution Sector Scheme,4955.92,2026-27
KL_KOLLAM,HEALTH,PM Ayushman Bharat Health Infra,3055.92,2026-27
KL_KOLLAM,EDUCATION,Samagra Shiksha Abhiyan,5795.92,2026-27
KL_KOLLAM,DIGITAL,BharatNet Broadband Infra,3725.92,2026-27
KL_KOLLAM,HOUSING,PM Awas Yojana,4915.92,2026-27
KL_KOLLAM,IRRIGATION,PM Krishi Sinchayee Yojana,3565.92,2026-27
KL_KOLLAM,TRANSPORT,State Rural Transport Connect,4655.92,2026-27
KL_KANNUR,WATER_SUPPLY,Jal Jeevan Mission,1325.35,2026-27
KL_KANNUR,SANITATION,Swachh Bharat Mission (Grameen),1725.35,2026-27
KL_KANNUR,ROADS,PM Gram Sadak Yojana,2675.35,2026-27
KL_KANNUR,ELECTRICITY,Revamped Distribution Sector Scheme,2945.35,2026-27
KL_KANNUR,HEALTH,PM Ayushman Bharat Health Infra,3385.35,2026-27
KL_KANNUR,EDUCATION,Samagra Shiksha Abhiyan,1695.35,2026-27
KL_KANNUR,DIGITAL,BharatNet Broadband Infra,4545.35,2026-27
KL_KANNUR,HOUSING,PM Awas Yojana,5355.35,2026-27
KL_KANNUR,IRRIGATION,PM Krishi Sinchayee Yojana,5825.35,2026-27
KL_KANNUR,TRANSPORT,State Rural Transport Connect,2125.35,2026-27
KL_ALAPPUZHA,WATER_SUPPLY,Jal Jeevan Mission,5197.51,2026-27
KL_ALAPPUZHA,SANITATION,Swachh Bharat Mission (Grameen),3607.51,2026-27
KL_ALAPPUZHA,ROADS,PM Gram Sadak Yojana,4317.51,2026-27
KL_ALAPPUZHA,ELECTRICITY,Revamped Distribution Sector Scheme,1807.51,2026-27
KL_ALAPPUZHA,HEALTH,PM Ayushman Bharat Health Infra,4637.51,2026-27
KL_ALAPPUZHA,EDUCATION,Samagra Shiksha Abhiyan,3247.51,2026-27
KL_ALAPPUZHA,DIGITAL,BharatNet Broadband Infra,4647.51,2026-27
KL_ALAPPUZHA,HOUSING,PM Awas Yojana,1557.51,2026-27
KL_ALAPPUZHA,IRRIGATION,PM Krishi Sinchayee Yojana,4717.51,2026-27
KL_ALAPPUZHA,TRANSPORT,State Rural Transport Connect,2907.51,2026-27
KL_KOTTAYAM,WATER_SUPPLY,Jal Jeevan Mission,978.55,2026-27
KL_KOTTAYAM,SANITATION,Swachh Bharat Mission (Grameen),4438.55,2026-27
KL_KOTTAYAM,ROADS,PM Gram Sadak Yojana,3638.55,2026-27
KL_KOTTAYAM,ELECTRICITY,Revamped Distribution Sector Scheme,4758.55,2026-27
KL_KOTTAYAM,HEALTH,PM Ayushman Bharat Health Infra,5528.55,2026-27
KL_KOTTAYAM,EDUCATION,Samagra Shiksha Abhiyan,4838.55,2026-27
KL_KOTTAYAM,DIGITAL,BharatNet Broadband Infra,4328.55,2026-27
KL_KOTTAYAM,HOUSING,PM Awas Yojana,5268.55,2026-27
KL_KOTTAYAM,IRRIGATION,PM Krishi Sinchayee Yojana,1378.55,2026-27
KL_KOTTAYAM,TRANSPORT,State Rural Transport Connect,2008.55,2026-27
KL_MALAPPURAM,WATER_SUPPLY,Jal Jeevan Mission,4810.81,2026-27
KL_MALAPPURAM,SANITATION,Swachh Bharat Mission (Grameen),5700.81,2026-27
KL_MALAPPURAM,ROADS,PM Gram Sadak Yojana,3030.81,2026-27
KL_MALAPPURAM,ELECTRICITY,Revamped Distribution Sector Scheme,6800.81,2026-27
KL_MALAPPURAM,HEALTH,PM Ayushman Bharat Health Infra,6820.81,2026-27
KL_MALAPPURAM,EDUCATION,Samagra Shiksha Abhiyan,2480.81,2026-27
KL_MALAPPURAM,DIGITAL,BharatNet Broadband Infra,6660.81,2026-27
KL_MALAPPURAM,HOUSING,PM Awas Yojana,3870.81,2026-27
KL_MALAPPURAM,IRRIGATION,PM Krishi Sinchayee Yojana,6160.81,2026-27
KL_MALAPPURAM,TRANSPORT,State Rural Transport Connect,4240.81,2026-27
KL_PALAKKAD,WATER_SUPPLY,Jal Jeevan Mission,3324.47,2026-27
KL_PALAKKAD,SANITATION,Swachh Bharat Mission (Grameen),2924.47,2026-27
KL_PALAKKAD,ROADS,PM Gram Sadak Yojana,3384.47,2026-27
KL_PALAKKAD,ELECTRICITY,Revamped Distribution Sector Scheme,2474.47,2026-27
KL_PALAKKAD,HEALTH,PM Ayushman Bharat Health Infra,3734.47,2026-27
KL_PALAKKAD,EDUCATION,Samagra Shiksha Abhiyan,2104.47,2026-27
KL_PALAKKAD,DIGITAL,BharatNet Broadband Infra,3164.47,2026-27
KL_PALAKKAD,HOUSING,PM Awas Yojana,3334.47,2026-27
KL_PALAKKAD,IRRIGATION,PM Krishi Sinchayee Yojana,4034.47,2026-27
KL_PALAKKAD,TRANSPORT,State Rural Transport Connect,2514.47,2026-27
KL_WAYANAD,WATER_SUPPLY,Jal Jeevan Mission,2567.84,2026-27
KL_WAYANAD,SANITATION,Swachh Bharat Mission (Grameen),4537.84,2026-27
KL_WAYANAD,ROADS,PM Gram Sadak Yojana,3807.84,2026-27
KL_WAYANAD,ELECTRICITY,Revamped Distribution Sector Scheme,2407.84,2026-27
KL_WAYANAD,HEALTH,PM Ayushman Bharat Health Infra,2007.84,2026-27
KL_WAYANAD,EDUCATION,Samagra Shiksha Abhiyan,3127.84,2026-27
KL_WAYANAD,DIGITAL,BharatNet Broadband Infra,4397.84,2026-27
KL_WAYANAD,HOUSING,PM Awas Yojana,4977.84,2026-27
KL_WAYANAD,IRRIGATION,PM Krishi Sinchayee Yojana,3247.84,2026-27
KL_WAYANAD,TRANSPORT,State Rural Transport Connect,2427.84,2026-27
KL_KASARAGOD,WATER_SUPPLY,Jal Jeevan Mission,5388.32,2026-27
KL_KASARAGOD,SANITATION,Swachh Bharat Mission (Grameen),3548.32,2026-27
KL_KASARAGOD,ROADS,PM Gram Sadak Yojana,2428.32,2026-27
KL_KASARAGOD,ELECTRICITY,Revamped Distribution Sector Scheme,4778.32,2026-27
KL_KASARAGOD,HEALTH,PM Ayushman Bharat Health Infra,3598.32,2026-27
KL_KASARAGOD,EDUCATION,Samagra Shiksha Abhiyan,5358.32,2026-27
KL_KASARAGOD,DIGITAL,BharatNet Broadband Infra,4218.32,2026-27
KL_KASARAGOD,HOUSING,PM Awas Yojana,698.32,2026-27
KL_KASARAGOD,IRRIGATION,PM Krishi Sinchayee Yojana,5198.32,2026-27
KL_KASARAGOD,TRANSPORT,State Rural Transport Connect,2018.32,2026-27
KL_PATHANAMTHITTA,WATER_SUPPLY,Jal Jeevan Mission,2058.84,2026-27
KL_PATHANAMTHITTA,SANITATION,Swachh Bharat Mission (Grameen),3388.84,2026-27
KL_PATHANAMTHITTA,ROADS,PM Gram Sadak Yojana,2538.84,2026-27
KL_PATHANAMTHITTA,ELECTRICITY,Revamped Distribution Sector Scheme,4258.84,2026-27
KL_PATHANAMTHITTA,HEALTH,PM Ayushman Bharat Health Infra,3198.84,2026-27
KL_PATHANAMTHITTA,EDUCATION,Samagra Shiksha Abhiyan,5248.84,2026-27
KL_PATHANAMTHITTA,DIGITAL,BharatNet Broadband Infra,4348.84,2026-27
KL_PATHANAMTHITTA,HOUSING,PM Awas Yojana,808.84,2026-27
KL_PATHANAMTHITTA,IRRIGATION,PM Krishi Sinchayee Yojana,5228.84,2026-27
KL_PATHANAMTHITTA,TRANSPORT,State Rural Transport Connect,988.84,2026-27
KL_IDUKKI,WATER_SUPPLY,Jal Jeevan Mission,1929.04,2026-27
KL_IDUKKI,SANITATION,Swachh Bharat Mission (Grameen),2089.04,2026-27
KL_IDUKKI,ROADS,PM Gram Sadak Yojana,2449.04,2026-27
KL_IDUKKI,ELECTRICITY,Revamped Distribution Sector Scheme,1819.04,2026-27
KL_IDUKKI,HEALTH,PM Ayushman Bharat Health Infra,1109.04,2026-27
KL_IDUKKI,EDUCATION,Samagra Shiksha Abhiyan,5099.04,2026-27
KL_IDUKKI,DIGITAL,BharatNet Broadband Infra,3249.04,2026-27
KL_IDUKKI,HOUSING,PM Awas Yojana,2039.04,2026-27
KL_IDUKKI,IRRIGATION,PM Krishi Sinchayee Yojana,2899.04,2026-27
KL_IDUKKI,TRANSPORT,State Rural Transport Connect,2879.04,2026-27
MH_MUMBAI_CITY,WATER_SUPPLY,Jal Jeevan Mission,5458.43,2026-27
MH_MUMBAI_CITY,SANITATION,Swachh Bharat Mission (Grameen),6168.43,2026-27
MH_MUMBAI_CITY,ROADS,PM Gram Sadak Yojana,3088.43,2026-27
MH_MUMBAI_CITY,ELECTRICITY,Revamped Distribution Sector Scheme,3608.43,2026-27
MH_MUMBAI_CITY,HEALTH,PM Ayushman Bharat Health Infra,6088.43,2026-27
MH_MUMBAI_CITY,EDUCATION,Samagra Shiksha Abhiyan,5398.43,2026-27
MH_MUMBAI_CITY,DIGITAL,BharatNet Broadband Infra,2548.43,2026-27
MH_MUMBAI_CITY,HOUSING,PM Awas Yojana,1398.43,2026-27
MH_MUMBAI_CITY,IRRIGATION,PM Krishi Sinchayee Yojana,3518.43,2026-27
MH_MUMBAI_CITY,TRANSPORT,State Rural Transport Connect,3678.43,2026-27
MH_MUMBAI_SUB,WATER_SUPPLY,Jal Jeevan Mission,4520.63,2026-27
MH_MUMBAI_SUB,SANITATION,Swachh Bharat Mission (Grameen),5580.63,2026-27
MH_MUMBAI_SUB,ROADS,PM Gram Sadak Yojana,5690.63,2026-27
MH_MUMBAI_SUB,ELECTRICITY,Revamped Distribution Sector Scheme,5310.63,2026-27
MH_MUMBAI_SUB,HEALTH,PM Ayushman Bharat Health Infra,8850.63,2026-27
MH_MUMBAI_SUB,EDUCATION,Samagra Shiksha Abhiyan,6840.63,2026-27
MH_MUMBAI_SUB,DIGITAL,BharatNet Broadband Infra,5540.63,2026-27
MH_MUMBAI_SUB,HOUSING,PM Awas Yojana,4550.63,2026-27
MH_MUMBAI_SUB,IRRIGATION,PM Krishi Sinchayee Yojana,4500.63,2026-27
MH_MUMBAI_SUB,TRANSPORT,State Rural Transport Connect,4810.63,2026-27
MH_PUNE,WATER_SUPPLY,Jal Jeevan Mission,6783.23,2026-27
MH_PUNE,SANITATION,Swachh Bharat Mission (Grameen),7043.23,2026-27
MH_PUNE,ROADS,PM Gram Sadak Yojana,8223.23,2026-27
MH_PUNE,ELECTRICITY,Revamped Distribution Sector Scheme,8983.23,2026-27
MH_PUNE,HEALTH,PM Ayushman Bharat Health Infra,9163.23,2026-27
MH_PUNE,EDUCATION,Samagra Shiksha Abhiyan,6623.23,2026-27
MH_PUNE,DIGITAL,BharatNet Broadband Infra,8733.23,2026-27
MH_PUNE,HOUSING,PM Awas Yojana,9103.23,2026-27
MH_PUNE,IRRIGATION,PM Krishi Sinchayee Yojana,6813.23,2026-27
MH_PUNE,TRANSPORT,State Rural Transport Connect,4693.23,2026-27
MH_THANE,WATER_SUPPLY,Jal Jeevan Mission,7187.07,2026-27
MH_THANE,SANITATION,Swachh Bharat Mission (Grameen),5917.07,2026-27
MH_THANE,ROADS,PM Gram Sadak Yojana,9067.07,2026-27
MH_THANE,ELECTRICITY,Revamped Distribution Sector Scheme,5677.07,2026-27
MH_THANE,HEALTH,PM Ayushman Bharat Health Infra,9097.07,2026-27
MH_THANE,EDUCATION,Samagra Shiksha Abhiyan,6517.07,2026-27
MH_THANE,DIGITAL,BharatNet Broadband Infra,5017.07,2026-27
MH_THANE,HOUSING,PM Awas Yojana,7767.07,2026-27
MH_THANE,IRRIGATION,PM Krishi Sinchayee Yojana,8747.07,2026-27
MH_THANE,TRANSPORT,State Rural Transport Connect,8757.07,2026-27
MH_NAGPUR,WATER_SUPPLY,Jal Jeevan Mission,2144.11,2026-27
MH_NAGPUR,SANITATION,Swachh Bharat Mission (Grameen),3144.11,2026-27
MH_NAGPUR,ROADS,PM Gram Sadak Yojana,5554.11,2026-27
MH_NAGPUR,ELECTRICITY,Revamped Distribution Sector Scheme,4694.11,2026-27
MH_NAGPUR,HEALTH,PM Ayushman Bharat Health Infra,6224.11,2026-27
MH_NAGPUR,EDUCATION,Samagra Shiksha Abhiyan,5894.11,2026-27
MH_NAGPUR,DIGITAL,BharatNet Broadband Infra,3994.11,2026-27
MH_NAGPUR,HOUSING,PM Awas Yojana,4214.11,2026-27
MH_NAGPUR,IRRIGATION,PM Krishi Sinchayee Yojana,4014.11,2026-27
MH_NAGPUR,TRANSPORT,State Rural Transport Connect,4944.11,2026-27
MH_NASHIK,WATER_SUPPLY,Jal Jeevan Mission,3938.23,2026-27
MH_NASHIK,SANITATION,Swachh Bharat Mission (Grameen),7128.23,2026-27
MH_NASHIK,ROADS,PM Gram Sadak Yojana,4778.23,2026-27
MH_NASHIK,ELECTRICITY,Revamped Distribution Sector Scheme,5148.23,2026-27
MH_NASHIK,HEALTH,PM Ayushman Bharat Health Infra,3758.23,2026-27
MH_NASHIK,EDUCATION,Samagra Shiksha Abhiyan,3538.23,2026-27
MH_NASHIK,DIGITAL,BharatNet Broadband Infra,4008.23,2026-27
MH_NASHIK,HOUSING,PM Awas Yojana,7418.23,2026-27
MH_NASHIK,IRRIGATION,PM Krishi Sinchayee Yojana,7438.23,2026-27
MH_NASHIK,TRANSPORT,State Rural Transport Connect,7298.23,2026-27
MH_RAIGAD,WATER_SUPPLY,Jal Jeevan Mission,5175.39,2026-27
MH_RAIGAD,SANITATION,Swachh Bharat Mission (Grameen),3615.39,2026-27
MH_RAIGAD,ROADS,PM Gram Sadak Yojana,4995.39,2026-27
MH_RAIGAD,ELECTRICITY,Revamped Distribution Sector Scheme,2055.39,2026-27
MH_RAIGAD,HEALTH,PM Ayushman Bharat Health Infra,1255.39,2026-27
MH_RAIGAD,EDUCATION,Samagra Shiksha Abhiyan,5815.39,2026-27
MH_RAIGAD,DIGITAL,BharatNet Broadband Infra,4405.39,2026-27
MH_RAIGAD,HOUSING,PM Awas Yojana,3735.39,2026-27
MH_RAIGAD,IRRIGATION,PM Krishi Sinchayee Yojana,5705.39,2026-27
MH_RAIGAD,TRANSPORT,State Rural Transport Connect,2335.39,2026-27
MH_AURANGABAD,WATER_SUPPLY,Jal Jeevan Mission,4675.58,2026-27
MH_AURANGABAD,SANITATION,Swachh Bharat Mission (Grameen),5615.58,2026-27
MH_AURANGABAD,ROADS,PM Gram Sadak Yojana,4195.58,2026-27
MH_AURANGABAD,ELECTRICITY,Revamped Distribution Sector Scheme,3555.58,2026-27
MH_AURANGABAD,HEALTH,PM Ayushman Bharat Health Infra,6455.58,2026-27
MH_AURANGABAD,EDUCATION,Samagra Shiksha Abhiyan,1915.58,2026-27
MH_AURANGABAD,DIGITAL,BharatNet Broadband Infra,5655.58,2026-27
MH_AURANGABAD,HOUSING,PM Awas Yojana,5555.58,2026-27
MH_AURANGABAD,IRRIGATION,PM Krishi Sinchayee Yojana,5095.58,2026-27
MH_AURANGABAD,TRANSPORT,State Rural Transport Connect,5195.58,2026-27
MH_SOLAPUR,WATER_SUPPLY,Jal Jeevan Mission,2372.99,2026-27
MH_SOLAPUR,SANITATION,Swachh Bharat Mission (Grameen),6292.99,2026-27
MH_SOLAPUR,ROADS,PM Gram Sadak Yojana,3192.99,2026-27
MH_SOLAPUR,ELECTRICITY,Revamped Distribution Sector Scheme,6232.99,2026-27
MH_SOLAPUR,HEALTH,PM Ayushman Bharat Health Infra,3722.99,2026-27
MH_SOLAPUR,EDUCATION,Samagra Shiksha Abhiyan,2452.99,2026-27
MH_SOLAPUR,DIGITAL,BharatNet Broadband Infra,2112.99,2026-27
MH_SOLAPUR,HOUSING,PM Awas Yojana,5942.99,2026-27
MH_SOLAPUR,IRRIGATION,PM Krishi Sinchayee Yojana,2112.99,2026-27
MH_SOLAPUR,TRANSPORT,State Rural Transport Connect,5762.99,2026-27
MH_KOLHAPUR,WATER_SUPPLY,Jal Jeevan Mission,1834.2,2026-27
MH_KOLHAPUR,SANITATION,Swachh Bharat Mission (Grameen),4814.2,2026-27
MH_KOLHAPUR,ROADS,PM Gram Sadak Yojana,5054.2,2026-27
MH_KOLHAPUR,ELECTRICITY,Revamped Distribution Sector Scheme,1884.2,2026-27
MH_KOLHAPUR,HEALTH,PM Ayushman Bharat Health Infra,3774.2,2026-27
MH_KOLHAPUR,EDUCATION,Samagra Shiksha Abhiyan,1904.2,2026-27
MH_KOLHAPUR,DIGITAL,BharatNet Broadband Infra,5884.2,2026-27
MH_KOLHAPUR,HOUSING,PM Awas Yojana,5994.2,2026-27
MH_KOLHAPUR,IRRIGATION,PM Krishi Sinchayee Yojana,5834.2,2026-27
MH_KOLHAPUR,TRANSPORT,State Rural Transport Connect,4924.2,2026-27
MH_AMRAVATI,WATER_SUPPLY,Jal Jeevan Mission,6019.8,2026-27
MH_AMRAVATI,SANITATION,Swachh Bharat Mission (Grameen),2009.8,2026-27
MH_AMRAVATI,ROADS,PM Gram Sadak Yojana,4679.8,2026-27
MH_AMRAVATI,ELECTRICITY,Revamped Distribution Sector Scheme,2929.8,2026-27
MH_AMRAVATI,HEALTH,PM Ayushman Bharat Health Infra,5139.8,2026-27
MH_AMRAVATI,EDUCATION,Samagra Shiksha Abhiyan,2919.8,2026-27
MH_AMRAVATI,DIGITAL,BharatNet Broadband Infra,4459.8,2026-27
MH_AMRAVATI,HOUSING,PM Awas Yojana,3969.8,2026-27
MH_AMRAVATI,IRRIGATION,PM Krishi Sinchayee Yojana,4229.8,2026-27
MH_AMRAVATI,TRANSPORT,State Rural Transport Connect,5509.8,2026-27
MH_NANDED,WATER_SUPPLY,Jal Jeevan Mission,1522.58,2026-27
MH_NANDED,SANITATION,Swachh Bharat Mission (Grameen),6152.58,2026-27
MH_NANDED,ROADS,PM Gram Sadak Yojana,4312.58,2026-27
MH_NANDED,ELECTRICITY,Revamped Distribution Sector Scheme,2762.58,2026-27
MH_NANDED,HEALTH,PM Ayushman Bharat Health Infra,4122.58,2026-27
MH_NANDED,EDUCATION,Samagra Shiksha Abhiyan,4702.58,2026-27
MH_NANDED,DIGITAL,BharatNet Broadband Infra,2102.58,2026-27
MH_NANDED,HOUSING,PM Awas Yojana,3242.58,2026-27
MH_NANDED,IRRIGATION,PM Krishi Sinchayee Yojana,5972.58,2026-27
MH_NANDED,TRANSPORT,State Rural Transport Connect,3772.58,2026-27
MH_SANGLI,WATER_SUPPLY,Jal Jeevan Mission,2709.96,2026-27
MH_SANGLI,SANITATION,Swachh Bharat Mission (Grameen),3789.96,2026-27
MH_SANGLI,ROADS,PM Gram Sadak Yojana,4849.96,2026-27
MH_SANGLI,ELECTRICITY,Revamped Distribution Sector Scheme,5699.96,2026-27
MH_SANGLI,HEALTH,PM Ayushman Bharat Health Infra,5329.96,2026-27
MH_SANGLI,EDUCATION,Samagra Shiksha Abhiyan,4379.96,2026-27
MH_SANGLI,DIGITAL,BharatNet Broadband Infra,3009.96,2026-27
MH_SANGLI,HOUSING,PM Awas Yojana,2579.96,2026-27
MH_SANGLI,IRRIGATION,PM Krishi Sinchayee Yojana,5349.96,2026-27
MH_SANGLI,TRANSPORT,State Rural Transport Connect,6089.96,2026-27
MH_JALGAON,WATER_SUPPLY,Jal Jeevan Mission,4053.46,2026-27
MH_JALGAON,SANITATION,Swachh Bharat Mission (Grameen),2303.46,2026-27
MH_JALGAON,ROADS,PM Gram Sadak Yojana,5573.46,2026-27
MH_JALGAON,ELECTRICITY,Revamped Distribution Sector Scheme,3813.46,2026-27
MH_JALGAON,HEALTH,PM Ayushman Bharat Health Infra,5433.46,2026-27
MH_JALGAON,EDUCATION,Samagra Shiksha Abhiyan,2893.46,2026-27
MH_JALGAON,DIGITAL,BharatNet Broadband Infra,2623.46,2026-27
MH_JALGAON,HOUSING,PM Awas Yojana,6413.46,2026-27
MH_JALGAON,IRRIGATION,PM Krishi Sinchayee Yojana,3063.46,2026-27
MH_JALGAON,TRANSPORT,State Rural Transport Connect,6493.46,2026-27
MH_AKOLA,WATER_SUPPLY,Jal Jeevan Mission,1406.26,2026-27
MH_AKOLA,SANITATION,Swachh Bharat Mission (Grameen),4586.26,2026-27
MH_AKOLA,ROADS,PM Gram Sadak Yojana,3146.26,2026-27
MH_AKOLA,ELECTRICITY,Revamped Distribution Sector Scheme,4546.26,2026-27
MH_AKOLA,HEALTH,PM Ayushman Bharat Health Infra,2836.26,2026-27
MH_AKOLA,EDUCATION,Samagra Shiksha Abhiyan,1056.26,2026-27
MH_AKOLA,DIGITAL,BharatNet Broadband Infra,4556.26,2026-27
MH_AKOLA,HOUSING,PM Awas Yojana,2016.26,2026-27
MH_AKOLA,IRRIGATION,PM Krishi Sinchayee Yojana,2766.26,2026-27
MH_AKOLA,TRANSPORT,State Rural Transport Connect,5326.26,2026-27
MH_LATUR,WATER_SUPPLY,Jal Jeevan Mission,3194.99,2026-27
MH_LATUR,SANITATION,Swachh Bharat Mission (Grameen),6004.99,2026-27
MH_LATUR,ROADS,PM Gram Sadak Yojana,3874.99,2026-27
MH_LATUR,ELECTRICITY,Revamped Distribution Sector Scheme,4524.99,2026-27
MH_LATUR,HEALTH,PM Ayushman Bharat Health Infra,4404.99,2026-27
MH_LATUR,EDUCATION,Samagra Shiksha Abhiyan,3914.99,2026-27
MH_LATUR,DIGITAL,BharatNet Broadband Infra,5714.99,2026-27
MH_LATUR,HOUSING,PM Awas Yojana,4344.99,2026-27
MH_LATUR,IRRIGATION,PM Krishi Sinchayee Yojana,4134.99,2026-27
MH_LATUR,TRANSPORT,State Rural Transport Connect,1384.99,2026-27
MH_DHULE,WATER_SUPPLY,Jal Jeevan Mission,2902.89,2026-27
MH_DHULE,SANITATION,Swachh Bharat Mission (Grameen),2562.89,2026-27
MH_DHULE,ROADS,PM Gram Sadak Yojana,2952.89,2026-27
MH_DHULE,ELECTRICITY,Revamped Distribution Sector Scheme,3852.89,2026-27
MH_DHULE,HEALTH,PM Ayushman Bharat Health Infra,2572.89,2026-27
MH_DHULE,EDUCATION,Samagra Shiksha Abhiyan,2112.89,2026-27
MH_DHULE,DIGITAL,BharatNet Broadband Infra,2232.89,2026-27
MH_DHULE,HOUSING,PM Awas Yojana,5242.89,2026-27
MH_DHULE,IRRIGATION,PM Krishi Sinchayee Yojana,3492.89,2026-27
MH_DHULE,TRANSPORT,State Rural Transport Connect,4292.89,2026-27
MH_AHMEDNAGAR,WATER_SUPPLY,Jal Jeevan Mission,2944.42,2026-27
MH_AHMEDNAGAR,SANITATION,Swachh Bharat Mission (Grameen),3284.42,2026-27
MH_AHMEDNAGAR,ROADS,PM Gram Sadak Yojana,4004.42,2026-27
MH_AHMEDNAGAR,ELECTRICITY,Revamped Distribution Sector Scheme,6744.42,2026-27
MH_AHMEDNAGAR,HEALTH,PM Ayushman Bharat Health Infra,5124.42,2026-27
MH_AHMEDNAGAR,EDUCATION,Samagra Shiksha Abhiyan,6624.42,2026-27
MH_AHMEDNAGAR,DIGITAL,BharatNet Broadband Infra,4874.42,2026-27
MH_AHMEDNAGAR,HOUSING,PM Awas Yojana,4204.42,2026-27
MH_AHMEDNAGAR,IRRIGATION,PM Krishi Sinchayee Yojana,3844.42,2026-27
MH_AHMEDNAGAR,TRANSPORT,State Rural Transport Connect,5144.42,2026-27
MH_CHANDRAPUR,WATER_SUPPLY,Jal Jeevan Mission,3661.94,2026-27
MH_CHANDRAPUR,SANITATION,Swachh Bharat Mission (Grameen),3801.94,2026-27
MH_CHANDRAPUR,ROADS,PM Gram Sadak Yojana,2531.94,2026-27
MH_CHANDRAPUR,ELECTRICITY,Revamped Distribution Sector Scheme,2831.94,2026-27
MH_CHANDRAPUR,HEALTH,PM Ayushman Bharat Health Infra,2951.94,2026-27
MH_CHANDRAPUR,EDUCATION,Samagra Shiksha Abhiyan,3821.94,2026-27
MH_CHANDRAPUR,DIGITAL,BharatNet Broadband Infra,3311.94,2026-27
MH_CHANDRAPUR,HOUSING,PM Awas Yojana,2561.94,2026-27
MH_CHANDRAPUR,IRRIGATION,PM Krishi Sinchayee Yojana,3191.94,2026-27
MH_CHANDRAPUR,TRANSPORT,State Rural Transport Connect,3651.94,2026-27
MH_NANDURBAR,WATER_SUPPLY,Jal Jeevan Mission,5451.73,2026-27
MH_NANDURBAR,SANITATION,Swachh Bharat Mission (Grameen),2251.73,2026-27
MH_NANDURBAR,ROADS,PM Gram Sadak Yojana,4351.73,2026-27
MH_NANDURBAR,ELECTRICITY,Revamped Distribution Sector Scheme,2551.73,2026-27
MH_NANDURBAR,HEALTH,PM Ayushman Bharat Health Infra,3121.73,2026-27
MH_NANDURBAR,EDUCATION,Samagra Shiksha Abhiyan,4191.73,2026-27
MH_NANDURBAR,DIGITAL,BharatNet Broadband Infra,1001.73,2026-27
MH_NANDURBAR,HOUSING,PM Awas Yojana,3731.73,2026-27
MH_NANDURBAR,IRRIGATION,PM Krishi Sinchayee Yojana,2101.73,2026-27
MH_NANDURBAR,TRANSPORT,State Rural Transport Connect,4841.73,2026-27
MH_GADCHIROLI,WATER_SUPPLY,Jal Jeevan Mission,2062.82,2026-27
MH_GADCHIROLI,SANITATION,Swachh Bharat Mission (Grameen),3262.82,2026-27
MH_GADCHIROLI,ROADS,PM Gram Sadak Yojana,1982.82,2026-27
MH_GADCHIROLI,ELECTRICITY,Revamped Distribution Sector Scheme,692.82,2026-27
MH_GADCHIROLI,HEALTH,PM Ayushman Bharat Health Infra,2182.82,2026-27
MH_GADCHIROLI,EDUCATION,Samagra Shiksha Abhiyan,2312.82,2026-27
MH_GADCHIROLI,DIGITAL,BharatNet Broadband Infra,1612.82,2026-27
MH_GADCHIROLI,HOUSING,PM Awas Yojana,4142.82,2026-27
MH_GADCHIROLI,IRRIGATION,PM Krishi Sinchayee Yojana,1292.82,2026-27
MH_GADCHIROLI,TRANSPORT,State Rural Transport Connect,2732.82,2026-27
MH_OSMANABAD,WATER_SUPPLY,Jal Jeevan Mission,2055.91,2026-27
MH_OSMANABAD,SANITATION,Swachh Bharat Mission (Grameen),1845.91,2026-27
MH_OSMANABAD,ROADS,PM Gram Sadak Yojana,4155.91,2026-27
MH_OSMANABAD,ELECTRICITY,Revamped Distribution Sector Scheme,755.91,2026-27
MH_OSMANABAD,HEALTH,PM Ayushman Bharat Health Infra,3705.91,2026-27
MH_OSMANABAD,EDUCATION,Samagra Shiksha Abhiyan,1635.91,2026-27
MH_OSMANABAD,DIGITAL,BharatNet Broadband Infra,2875.91,2026-27
MH_OSMANABAD,HOUSING,PM Awas Yojana,2765.91,2026-27
MH_OSMANABAD,IRRIGATION,PM Krishi Sinchayee Yojana,3835.91,2026-27
MH_OSMANABAD,TRANSPORT,State Rural Transport Connect,3085.91,2026-27
MH_PALGHAR,WATER_SUPPLY,Jal Jeevan Mission,2695.55,2026-27
MH_PALGHAR,SANITATION,Swachh Bharat Mission (Grameen),3025.55,2026-27
MH_PALGHAR,ROADS,PM Gram Sadak Yojana,5385.55,2026-27
MH_PALGHAR,ELECTRICITY,Revamped Distribution Sector Scheme,5435.55,2026-27
MH_PALGHAR,HEALTH,PM Ayushman Bharat Health Infra,3845.55,2026-27
MH_PALGHAR,EDUCATION,Samagra Shiksha Abhiyan,2095.55,2026-27
MH_PALGHAR,DIGITAL,BharatNet Broadband Infra,5945.55,2026-27
MH_PALGHAR,HOUSING,PM Awas Yojana,5555.55,2026-27
MH_PALGHAR,IRRIGATION,PM Krishi Sinchayee Yojana,2485.55,2026-27
MH_PALGHAR,TRANSPORT,State Rural Transport Connect,3985.55,2026-27
MH_SATARA,WATER_SUPPLY,Jal Jeevan Mission,6341.68,2026-27
MH_SATARA,SANITATION,Swachh Bharat Mission (Grameen),3791.68,2026-27
MH_SATARA,ROADS,PM Gram Sadak Yojana,2121.68,2026-27
MH_SATARA,ELECTRICITY,Revamped Distribution Sector Scheme,2011.68,2026-27
MH_SATARA,HEALTH,PM Ayushman Bharat Health Infra,2391.68,2026-27
MH_SATARA,EDUCATION,Samagra Shiksha Abhiyan,2371.68,2026-27
MH_SATARA,DIGITAL,BharatNet Broadband Infra,3291.68,2026-27
MH_SATARA,HOUSING,PM Awas Yojana,4901.68,2026-27
MH_SATARA,IRRIGATION,PM Krishi Sinchayee Yojana,6301.68,2026-27
MH_SATARA,TRANSPORT,State Rural Transport Connect,6101.68,2026-27
DL_NEW_DELHI,WATER_SUPPLY,Jal Jeevan Mission,1363.9,2026-27
DL_NEW_DELHI,SANITATION,Swachh Bharat Mission (Grameen),4653.9,2026-27
DL_NEW_DELHI,ROADS,PM Gram Sadak Yojana,1913.9,2026-27
DL_NEW_DELHI,ELECTRICITY,Revamped Distribution Sector Scheme,2863.9,2026-27
DL_NEW_DELHI,HEALTH,PM Ayushman Bharat Health Infra,303.9,2026-27
DL_NEW_DELHI,EDUCATION,Samagra Shiksha Abhiyan,1913.9,2026-27
DL_NEW_DELHI,DIGITAL,BharatNet Broadband Infra,1823.9,2026-27
DL_NEW_DELHI,HOUSING,PM Awas Yojana,4893.9,2026-27
DL_NEW_DELHI,IRRIGATION,PM Krishi Sinchayee Yojana,3293.9,2026-27
DL_NEW_DELHI,TRANSPORT,State Rural Transport Connect,3493.9,2026-27
DL_CENTRAL_DELHI,WATER_SUPPLY,Jal Jeevan Mission,3032.04,2026-27
DL_CENTRAL_DELHI,SANITATION,Swachh Bharat Mission (Grameen),4862.04,2026-27
DL_CENTRAL_DELHI,ROADS,PM Gram Sadak Yojana,292.04,2026-27
DL_CENTRAL_DELHI,ELECTRICITY,Revamped Distribution Sector Scheme,1032.04,2026-27
DL_CENTRAL_DELHI,HEALTH,PM Ayushman Bharat Health Infra,1722.04,2026-27
DL_CENTRAL_DELHI,EDUCATION,Samagra Shiksha Abhiyan,1062.04,2026-27
DL_CENTRAL_DELHI,DIGITAL,BharatNet Broadband Infra,4302.04,2026-27
DL_CENTRAL_DELHI,HOUSING,PM Awas Yojana,2742.04,2026-27
DL_CENTRAL_DELHI,IRRIGATION,PM Krishi Sinchayee Yojana,4072.04,2026-27
DL_CENTRAL_DELHI,TRANSPORT,State Rural Transport Connect,1102.04,2026-27
DL_SOUTH_DELHI,WATER_SUPPLY,Jal Jeevan Mission,1519.37,2026-27
DL_SOUTH_DELHI,SANITATION,Swachh Bharat Mission (Grameen),3809.37,2026-27
DL_SOUTH_DELHI,ROADS,PM Gram Sadak Yojana,3849.37,2026-27
DL_SOUTH_DELHI,ELECTRICITY,Revamped Distribution Sector Scheme,4079.37,2026-27
DL_SOUTH_DELHI,HEALTH,PM Ayushman Bharat Health Infra,4299.37,2026-27
DL_SOUTH_DELHI,EDUCATION,Samagra Shiksha Abhiyan,2119.37,2026-27
DL_SOUTH_DELHI,DIGITAL,BharatNet Broadband Infra,3589.37,2026-27
DL_SOUTH_DELHI,HOUSING,PM Awas Yojana,2239.37,2026-27
DL_SOUTH_DELHI,IRRIGATION,PM Krishi Sinchayee Yojana,3909.37,2026-27
DL_SOUTH_DELHI,TRANSPORT,State Rural Transport Connect,3959.37,2026-27
DL_NORTH_WEST_DELHI,WATER_SUPPLY,Jal Jeevan Mission,1705.44,2026-27
DL_NORTH_WEST_DELHI,SANITATION,Swachh Bharat Mission (Grameen),4965.44,2026-27
DL_NORTH_WEST_DELHI,ROADS,PM Gram Sadak Yojana,5025.44,2026-27
DL_NORTH_WEST_DELHI,ELECTRICITY,Revamped Distribution Sector Scheme,5335.44,2026-27
DL_NORTH_WEST_DELHI,HEALTH,PM Ayushman Bharat Health Infra,1675.44,2026-27
DL_NORTH_WEST_DELHI,EDUCATION,Samagra Shiksha Abhiyan,6065.44,2026-27
DL_NORTH_WEST_DELHI,DIGITAL,BharatNet Broadband Infra,6305.44,2026-27
DL_NORTH_WEST_DELHI,HOUSING,PM Awas Yojana,3975.44,2026-27
DL_NORTH_WEST_DELHI,IRRIGATION,PM Krishi Sinchayee Yojana,6625.44,2026-27
DL_NORTH_WEST_DELHI,TRANSPORT,State Rural Transport Connect,6265.44,2026-27
DL_EAST_DELHI,WATER_SUPPLY,Jal Jeevan Mission,2669.21,2026-27
DL_EAST_DELHI,SANITATION,Swachh Bharat Mission (Grameen),3939.21,2026-27
DL_EAST_DELHI,ROADS,PM Gram Sadak Yojana,2519.21,2026-27
DL_EAST_DELHI,ELECTRICITY,Revamped Distribution Sector Scheme,4959.21,2026-27
DL_EAST_DELHI,HEALTH,PM Ayushman Bharat Health Infra,4489.21,2026-27
DL_EAST_DELHI,EDUCATION,Samagra Shiksha Abhiyan,4199.21,2026-27
DL_EAST_DELHI,DIGITAL,BharatNet Broadband Infra,1919.21,2026-27
DL_EAST_DELHI,HOUSING,PM Awas Yojana,3889.21,2026-27
DL_EAST_DELHI,IRRIGATION,PM Krishi Sinchayee Yojana,1779.21,2026-27
DL_EAST_DELHI,TRANSPORT,State Rural Transport Connect,869.21,2026-27
DL_WEST_DELHI,WATER_SUPPLY,Jal Jeevan Mission,3304.46,2026-27
DL_WEST_DELHI,SANITATION,Swachh Bharat Mission (Grameen),2134.46,2026-27
DL_WEST_DELHI,ROADS,PM Gram Sadak Yojana,3354.46,2026-27
DL_WEST_DELHI,ELECTRICITY,Revamped Distribution Sector Scheme,1444.46,2026-27
DL_WEST_DELHI,HEALTH,PM Ayushman Bharat Health Infra,3014.46,2026-27
DL_WEST_DELHI,EDUCATION,Samagra Shiksha Abhiyan,4094.46,2026-27
DL_WEST_DELHI,DIGITAL,BharatNet Broadband Infra,2384.46,2026-27
DL_WEST_DELHI,HOUSING,PM Awas Yojana,4964.46,2026-27
DL_WEST_DELHI,IRRIGATION,PM Krishi Sinchayee Yojana,1194.46,2026-27
DL_WEST_DELHI,TRANSPORT,State Rural Transport Connect,4564.46,2026-27
AP_VISAKHAPATNAM,WATER_SUPPLY,Jal Jeevan Mission,5020.77,2026-27
AP_VISAKHAPATNAM,SANITATION,Swachh Bharat Mission (Grameen),6850.77,2026-27
AP_VISAKHAPATNAM,ROADS,PM Gram Sadak Yojana,3210.77,2026-27
AP_VISAKHAPATNAM,ELECTRICITY,Revamped Distribution Sector Scheme,6140.77,2026-27
AP_VISAKHAPATNAM,HEALTH,PM Ayushman Bharat Health Infra,3060.77,2026-27
AP_VISAKHAPATNAM,EDUCATION,Samagra Shiksha Abhiyan,4350.77,2026-27
AP_VISAKHAPATNAM,DIGITAL,BharatNet Broadband Infra,2470.77,2026-27
AP_VISAKHAPATNAM,HOUSING,PM Awas Yojana,6530.77,2026-27
AP_VISAKHAPATNAM,IRRIGATION,PM Krishi Sinchayee Yojana,2710.77,2026-27
AP_VISAKHAPATNAM,TRANSPORT,State Rural Transport Connect,5420.77,2026-27
AP_NTR,WATER_SUPPLY,Jal Jeevan Mission,2628.37,2026-27
AP_NTR,SANITATION,Swachh Bharat Mission (Grameen),4688.37,2026-27
AP_NTR,ROADS,PM Gram Sadak Yojana,1868.37,2026-27
AP_NTR,ELECTRICITY,Revamped Distribution Sector Scheme,1028.37,2026-27
AP_NTR,HEALTH,PM Ayushman Bharat Health Infra,2728.37,2026-27
AP_NTR,EDUCATION,Samagra Shiksha Abhiyan,3638.37,2026-27
AP_NTR,DIGITAL,BharatNet Broadband Infra,5548.37,2026-27
AP_NTR,HOUSING,PM Awas Yojana,4318.37,2026-27
AP_NTR,IRRIGATION,PM Krishi Sinchayee Yojana,2618.37,2026-27
AP_NTR,TRANSPORT,State Rural Transport Connect,3328.37,2026-27
AP_GUNTUR,WATER_SUPPLY,Jal Jeevan Mission,1140.98,2026-27
AP_GUNTUR,SANITATION,Swachh Bharat Mission (Grameen),2310.98,2026-27
AP_GUNTUR,ROADS,PM Gram Sadak Yojana,2990.98,2026-27
AP_GUNTUR,ELECTRICITY,Revamped Distribution Sector Scheme,3080.98,2026-27
AP_GUNTUR,HEALTH,PM Ayushman Bharat Health Infra,1230.98,2026-27
AP_GUNTUR,EDUCATION,Samagra Shiksha Abhiyan,3280.98,2026-27
AP_GUNTUR,DIGITAL,BharatNet Broadband Infra,3300.98,2026-27
AP_GUNTUR,HOUSING,PM Awas Yojana,1460.98,2026-27
AP_GUNTUR,IRRIGATION,PM Krishi Sinchayee Yojana,3370.98,2026-27
AP_GUNTUR,TRANSPORT,State Rural Transport Connect,1730.98,2026-27
AP_TIRUPATI,WATER_SUPPLY,Jal Jeevan Mission,2598.64,2026-27
AP_TIRUPATI,SANITATION,Swachh Bharat Mission (Grameen),1418.64,2026-27
AP_TIRUPATI,ROADS,PM Gram Sadak Yojana,1758.64,2026-27
AP_TIRUPATI,ELECTRICITY,Revamped Distribution Sector Scheme,5008.64,2026-27
AP_TIRUPATI,HEALTH,PM Ayushman Bharat Health Infra,1278.64,2026-27
AP_TIRUPATI,EDUCATION,Samagra Shiksha Abhiyan,1398.64,2026-27
AP_TIRUPATI,DIGITAL,BharatNet Broadband Infra,3098.64,2026-27
AP_TIRUPATI,HOUSING,PM Awas Yojana,1048.64,2026-27
AP_TIRUPATI,IRRIGATION,PM Krishi Sinchayee Yojana,4738.64,2026-27
AP_TIRUPATI,TRANSPORT,State Rural Transport Connect,3948.64,2026-27
AP_KURNOOL,WATER_SUPPLY,Jal Jeevan Mission,4932.26,2026-27
AP_KURNOOL,SANITATION,Swachh Bharat Mission (Grameen),5622.26,2026-27
AP_KURNOOL,ROADS,PM Gram Sadak Yojana,3422.26,2026-27
AP_KURNOOL,ELECTRICITY,Revamped Distribution Sector Scheme,1482.26,2026-27
AP_KURNOOL,HEALTH,PM Ayushman Bharat Health Infra,5272.26,2026-27
AP_KURNOOL,EDUCATION,Samagra Shiksha Abhiyan,4002.26,2026-27
AP_KURNOOL,DIGITAL,BharatNet Broadband Infra,3272.26,2026-27
AP_KURNOOL,HOUSING,PM Awas Yojana,3952.26,2026-27
AP_KURNOOL,IRRIGATION,PM Krishi Sinchayee Yojana,5432.26,2026-27
AP_KURNOOL,TRANSPORT,State Rural Transport Connect,2262.26,2026-27
AP_SPSR_NELLORE,WATER_SUPPLY,Jal Jeevan Mission,4381.37,2026-27
AP_SPSR_NELLORE,SANITATION,Swachh Bharat Mission (Grameen),2491.37,2026-27
AP_SPSR_NELLORE,ROADS,PM Gram Sadak Yojana,1611.37,2026-27
AP_SPSR_NELLORE,ELECTRICITY,Revamped Distribution Sector Scheme,2661.37,2026-27
AP_SPSR_NELLORE,HEALTH,PM Ayushman Bharat Health Infra,2271.37,2026-27
AP_SPSR_NELLORE,EDUCATION,Samagra Shiksha Abhiyan,3751.37,2026-27
AP_SPSR_NELLORE,DIGITAL,BharatNet Broadband Infra,3361.37,2026-27
AP_SPSR_NELLORE,HOUSING,PM Awas Yojana,3711.37,2026-27
AP_SPSR_NELLORE,IRRIGATION,PM Krishi Sinchayee Yojana,3691.37,2026-27
AP_SPSR_NELLORE,TRANSPORT,State Rural Transport Connect,1201.37,2026-27
AP_KAKINADA,WATER_SUPPLY,Jal Jeevan Mission,5131.57,2026-27
AP_KAKINADA,SANITATION,Swachh Bharat Mission (Grameen),3421.57,2026-27
AP_KAKINADA,ROADS,PM Gram Sadak Yojana,1881.57,2026-27
AP_KAKINADA,ELECTRICITY,Revamped Distribution Sector Scheme,1941.57,2026-27
AP_KAKINADA,HEALTH,PM Ayushman Bharat Health Infra,3741.57,2026-27
AP_KAKINADA,EDUCATION,Samagra Shiksha Abhiyan,1631.57,2026-27
AP_KAKINADA,DIGITAL,BharatNet Broadband Infra,5411.57,2026-27
AP_KAKINADA,HOUSING,PM Awas Yojana,2031.57,2026-27
AP_KAKINADA,IRRIGATION,PM Krishi Sinchayee Yojana,4351.57,2026-27
AP_KAKINADA,TRANSPORT,State Rural Transport Connect,961.57,2026-27
AP_EAST_GODAVARI,WATER_SUPPLY,Jal Jeevan Mission,2034.55,2026-27
AP_EAST_GODAVARI,SANITATION,Swachh Bharat Mission (Grameen),3494.55,2026-27
AP_EAST_GODAVARI,ROADS,PM Gram Sadak Yojana,1194.55,2026-27
AP_EAST_GODAVARI,ELECTRICITY,Revamped Distribution Sector Scheme,4254.55,2026-27
AP_EAST_GODAVARI,HEALTH,PM Ayushman Bharat Health Infra,2094.55,2026-27
AP_EAST_GODAVARI,EDUCATION,Samagra Shiksha Abhiyan,5274.55,2026-27
AP_EAST_GODAVARI,DIGITAL,BharatNet Broadband Infra,5814.55,2026-27
AP_EAST_GODAVARI,HOUSING,PM Awas Yojana,2604.55,2026-27
AP_EAST_GODAVARI,IRRIGATION,PM Krishi Sinchayee Yojana,2334.55,2026-27
AP_EAST_GODAVARI,TRANSPORT,State Rural Transport Connect,4864.55,2026-27
AP_VIZIANAGARAM,WATER_SUPPLY,Jal Jeevan Mission,4995.01,2026-27
AP_VIZIANAGARAM,SANITATION,Swachh Bharat Mission (Grameen),5405.01,2026-27
AP_VIZIANAGARAM,ROADS,PM Gram Sadak Yojana,3645.01,2026-27
AP_VIZIANAGARAM,ELECTRICITY,Revamped Distribution Sector Scheme,5065.01,2026-27
AP_VIZIANAGARAM,HEALTH,PM Ayushman Bharat Health Infra,5955.01,2026-27
AP_VIZIANAGARAM,EDUCATION,Samagra Shiksha Abhiyan,3715.01,2026-27
AP_VIZIANAGARAM,DIGITAL,BharatNet Broadband Infra,1585.01,2026-27
AP_VIZIANAGARAM,HOUSING,PM Awas Yojana,3215.01,2026-27
AP_VIZIANAGARAM,IRRIGATION,PM Krishi Sinchayee Yojana,3665.01,2026-27
AP_VIZIANAGARAM,TRANSPORT,State Rural Transport Connect,5075.01,2026-27
AP_ANANTAPUR,WATER_SUPPLY,Jal Jeevan Mission,1688.5,2026-27
AP_ANANTAPUR,SANITATION,Swachh Bharat Mission (Grameen),4548.5,2026-27
AP_ANANTAPUR,ROADS,PM Gram Sadak Yojana,1068.5,2026-27
AP_ANANTAPUR,ELECTRICITY,Revamped Distribution Sector Scheme,3698.5,2026-27
AP_ANANTAPUR,HEALTH,PM Ayushman Bharat Health Infra,3688.5,2026-27
AP_ANANTAPUR,EDUCATION,Samagra Shiksha Abhiyan,5948.5,2026-27
AP_ANANTAPUR,DIGITAL,BharatNet Broadband Infra,1448.5,2026-27
AP_ANANTAPUR,HOUSING,PM Awas Yojana,5738.5,2026-27
AP_ANANTAPUR,IRRIGATION,PM Krishi Sinchayee Yojana,4818.5,2026-27
AP_ANANTAPUR,TRANSPORT,State Rural Transport Connect,2868.5,2026-27
AP_YSR_KADAPA,WATER_SUPPLY,Jal Jeevan Mission,2567.29,2026-27
AP_YSR_KADAPA,SANITATION,Swachh Bharat Mission (Grameen),5307.29,2026-27
AP_YSR_KADAPA,ROADS,PM Gram Sadak Yojana,3457.29,2026-27
AP_YSR_KADAPA,ELECTRICITY,Revamped Distribution Sector Scheme,4037.29,2026-27
AP_YSR_KADAPA,HEALTH,PM Ayushman Bharat Health Infra,3537.29,2026-27
AP_YSR_KADAPA,EDUCATION,Samagra Shiksha Abhiyan,3527.29,2026-27
AP_YSR_KADAPA,DIGITAL,BharatNet Broadband Infra,5877.29,2026-27
AP_YSR_KADAPA,HOUSING,PM Awas Yojana,5517.29,2026-27
AP_YSR_KADAPA,IRRIGATION,PM Krishi Sinchayee Yojana,3817.29,2026-27
AP_YSR_KADAPA,TRANSPORT,State Rural Transport Connect,3867.29,2026-27
TG_HYDERABAD,WATER_SUPPLY,Jal Jeevan Mission,3794.5,2026-27
TG_HYDERABAD,SANITATION,Swachh Bharat Mission (Grameen),5694.5,2026-27
TG_HYDERABAD,ROADS,PM Gram Sadak Yojana,3104.5,2026-27
TG_HYDERABAD,ELECTRICITY,Revamped Distribution Sector Scheme,3354.5,2026-27
TG_HYDERABAD,HEALTH,PM Ayushman Bharat Health Infra,4604.5,2026-27
TG_HYDERABAD,EDUCATION,Samagra Shiksha Abhiyan,6744.5,2026-27
TG_HYDERABAD,DIGITAL,BharatNet Broadband Infra,4644.5,2026-27
TG_HYDERABAD,HOUSING,PM Awas Yojana,6424.5,2026-27
TG_HYDERABAD,IRRIGATION,PM Krishi Sinchayee Yojana,1934.5,2026-27
TG_HYDERABAD,TRANSPORT,State Rural Transport Connect,4114.5,2026-27
TG_WARANGAL,WATER_SUPPLY,Jal Jeevan Mission,666.73,2026-27
TG_WARANGAL,SANITATION,Swachh Bharat Mission (Grameen),2986.73,2026-27
TG_WARANGAL,ROADS,PM Gram Sadak Yojana,4366.73,2026-27
TG_WARANGAL,ELECTRICITY,Revamped Distribution Sector Scheme,4666.73,2026-27
TG_WARANGAL,HEALTH,PM Ayushman Bharat Health Infra,3366.73,2026-27
TG_WARANGAL,EDUCATION,Samagra Shiksha Abhiyan,796.73,2026-27
TG_WARANGAL,DIGITAL,BharatNet Broadband Infra,4086.73,2026-27
TG_WARANGAL,HOUSING,PM Awas Yojana,746.73,2026-27
TG_WARANGAL,IRRIGATION,PM Krishi Sinchayee Yojana,4296.73,2026-27
TG_WARANGAL,TRANSPORT,State Rural Transport Connect,1526.73,2026-27
TG_HANUMAKONDA,WATER_SUPPLY,Jal Jeevan Mission,4836.83,2026-27
TG_HANUMAKONDA,SANITATION,Swachh Bharat Mission (Grameen),2766.83,2026-27
TG_HANUMAKONDA,ROADS,PM Gram Sadak Yojana,4446.83,2026-27
TG_HANUMAKONDA,ELECTRICITY,Revamped Distribution Sector Scheme,2446.83,2026-27
TG_HANUMAKONDA,HEALTH,PM Ayushman Bharat Health Infra,1056.83,2026-27
TG_HANUMAKONDA,EDUCATION,Samagra Shiksha Abhiyan,5246.83,2026-27
TG_HANUMAKONDA,DIGITAL,BharatNet Broadband Infra,4246.83,2026-27
TG_HANUMAKONDA,HOUSING,PM Awas Yojana,5356.83,2026-27
TG_HANUMAKONDA,IRRIGATION,PM Krishi Sinchayee Yojana,1386.83,2026-27
TG_HANUMAKONDA,TRANSPORT,State Rural Transport Connect,826.83,2026-27
TG_NIZAMABAD,WATER_SUPPLY,Jal Jeevan Mission,4036.96,2026-27
TG_NIZAMABAD,SANITATION,Swachh Bharat Mission (Grameen),2776.96,2026-27
TG_NIZAMABAD,ROADS,PM Gram Sadak Yojana,4616.96,2026-27
TG_NIZAMABAD,ELECTRICITY,Revamped Distribution Sector Scheme,3576.96,2026-27
TG_NIZAMABAD,HEALTH,PM Ayushman Bharat Health Infra,5236.96,2026-27
TG_NIZAMABAD,EDUCATION,Samagra Shiksha Abhiyan,2556.96,2026-27
TG_NIZAMABAD,DIGITAL,BharatNet Broadband Infra,2606.96,2026-27
TG_NIZAMABAD,HOUSING,PM Awas Yojana,3986.96,2026-27
TG_NIZAMABAD,IRRIGATION,PM Krishi Sinchayee Yojana,4946.96,2026-27
TG_NIZAMABAD,TRANSPORT,State Rural Transport Connect,4416.96,2026-27
TG_KARIMNAGAR,WATER_SUPPLY,Jal Jeevan Mission,4082.57,2026-27
TG_KARIMNAGAR,SANITATION,Swachh Bharat Mission (Grameen),3122.57,2026-27
TG_KARIMNAGAR,ROADS,PM Gram Sadak Yojana,1752.57,2026-27
TG_KARIMNAGAR,ELECTRICITY,Revamped Distribution Sector Scheme,4162.57,2026-27
TG_KARIMNAGAR,HEALTH,PM Ayushman Bharat Health Infra,802.57,2026-27
TG_KARIMNAGAR,EDUCATION,Samagra Shiksha Abhiyan,1042.57,2026-27
TG_KARIMNAGAR,DIGITAL,BharatNet Broadband Infra,4192.57,2026-27
TG_KARIMNAGAR,HOUSING,PM Awas Yojana,5442.57,2026-27
TG_KARIMNAGAR,IRRIGATION,PM Krishi Sinchayee Yojana,3112.57,2026-27
TG_KARIMNAGAR,TRANSPORT,State Rural Transport Connect,5252.57,2026-27
TG_KHAMMAM,WATER_SUPPLY,Jal Jeevan Mission,3800.74,2026-27
TG_KHAMMAM,SANITATION,Swachh Bharat Mission (Grameen),2810.74,2026-27
TG_KHAMMAM,ROADS,PM Gram Sadak Yojana,1950.74,2026-27
TG_KHAMMAM,ELECTRICITY,Revamped Distribution Sector Scheme,1980.74,2026-27
TG_KHAMMAM,HEALTH,PM Ayushman Bharat Health Infra,5490.74,2026-27
TG_KHAMMAM,EDUCATION,Samagra Shiksha Abhiyan,4570.74,2026-27
TG_KHAMMAM,DIGITAL,BharatNet Broadband Infra,3670.74,2026-27
TG_KHAMMAM,HOUSING,PM Awas Yojana,3390.74,2026-27
TG_KHAMMAM,IRRIGATION,PM Krishi Sinchayee Yojana,4580.74,2026-27
TG_KHAMMAM,TRANSPORT,State Rural Transport Connect,3160.74,2026-27
TG_ADILABAD,WATER_SUPPLY,Jal Jeevan Mission,3069.04,2026-27
TG_ADILABAD,SANITATION,Swachh Bharat Mission (Grameen),1949.04,2026-27
TG_ADILABAD,ROADS,PM Gram Sadak Yojana,4069.04,2026-27
TG_ADILABAD,ELECTRICITY,Revamped Distribution Sector Scheme,1299.04,2026-27
TG_ADILABAD,HEALTH,PM Ayushman Bharat Health Infra,1319.04,2026-27
TG_ADILABAD,EDUCATION,Samagra Shiksha Abhiyan,4899.04,2026-27
TG_ADILABAD,DIGITAL,BharatNet Broadband Infra,2379.04,2026-27
TG_ADILABAD,HOUSING,PM Awas Yojana,2179.04,2026-27
TG_ADILABAD,IRRIGATION,PM Krishi Sinchayee Yojana,819.04,2026-27
TG_ADILABAD,TRANSPORT,State Rural Transport Connect,3359.04,2026-27
TG_RANGAREDDY,WATER_SUPPLY,Jal Jeevan Mission,1480.82,2026-27
TG_RANGAREDDY,SANITATION,Swachh Bharat Mission (Grameen),5300.82,2026-27
TG_RANGAREDDY,ROADS,PM Gram Sadak Yojana,4000.82,2026-27
TG_RANGAREDDY,ELECTRICITY,Revamped Distribution Sector Scheme,5640.82,2026-27
TG_RANGAREDDY,HEALTH,PM Ayushman Bharat Health Infra,1760.82,2026-27
TG_RANGAREDDY,EDUCATION,Samagra Shiksha Abhiyan,5550.82,2026-27
TG_RANGAREDDY,DIGITAL,BharatNet Broadband Infra,4790.82,2026-27
TG_RANGAREDDY,HOUSING,PM Awas Yojana,3720.82,2026-27
TG_RANGAREDDY,IRRIGATION,PM Krishi Sinchayee Yojana,4550.82,2026-27
TG_RANGAREDDY,TRANSPORT,State Rural Transport Connect,4170.82,2026-27
TG_MEDCHAL_MALKAJGIRI,WATER_SUPPLY,Jal Jeevan Mission,5208.03,2026-27
TG_MEDCHAL_MALKAJGIRI,SANITATION,Swachh Bharat Mission (Grameen),1928.03,2026-27
TG_MEDCHAL_MALKAJGIRI,ROADS,PM Gram Sadak Yojana,3518.03,2026-27
TG_MEDCHAL_MALKAJGIRI,ELECTRICITY,Revamped Distribution Sector Scheme,5718.03,2026-27
TG_MEDCHAL_MALKAJGIRI,HEALTH,PM Ayushman Bharat Health Infra,5558.03,2026-27
TG_MEDCHAL_MALKAJGIRI,EDUCATION,Samagra Shiksha Abhiyan,4788.03,2026-27
TG_MEDCHAL_MALKAJGIRI,DIGITAL,BharatNet Broadband Infra,4448.03,2026-27
TG_MEDCHAL_MALKAJGIRI,HOUSING,PM Awas Yojana,4968.03,2026-27
TG_MEDCHAL_MALKAJGIRI,IRRIGATION,PM Krishi Sinchayee Yojana,2458.03,2026-27
TG_MEDCHAL_MALKAJGIRI,TRANSPORT,State Rural Transport Connect,4598.03,2026-27
UP_LUCKNOW,WATER_SUPPLY,Jal Jeevan Mission,3675.43,2026-27
UP_LUCKNOW,SANITATION,Swachh Bharat Mission (Grameen),5595.43,2026-27
UP_LUCKNOW,ROADS,PM Gram Sadak Yojana,6555.43,2026-27
UP_LUCKNOW,ELECTRICITY,Revamped Distribution Sector Scheme,3525.43,2026-27
UP_LUCKNOW,HEALTH,PM Ayushman Bharat Health Infra,6405.43,2026-27
UP_LUCKNOW,EDUCATION,Samagra Shiksha Abhiyan,6785.43,2026-27
UP_LUCKNOW,DIGITAL,BharatNet Broadband Infra,3575.43,2026-27
UP_LUCKNOW,HOUSING,PM Awas Yojana,4935.43,2026-27
UP_LUCKNOW,IRRIGATION,PM Krishi Sinchayee Yojana,5945.43,2026-27
UP_LUCKNOW,TRANSPORT,State Rural Transport Connect,6325.43,2026-27
UP_KANPUR_NAGAR,WATER_SUPPLY,Jal Jeevan Mission,4931.57,2026-27
UP_KANPUR_NAGAR,SANITATION,Swachh Bharat Mission (Grameen),6461.57,2026-27
UP_KANPUR_NAGAR,ROADS,PM Gram Sadak Yojana,6271.57,2026-27
UP_KANPUR_NAGAR,ELECTRICITY,Revamped Distribution Sector Scheme,6141.57,2026-27
UP_KANPUR_NAGAR,HEALTH,PM Ayushman Bharat Health Infra,4851.57,2026-27
UP_KANPUR_NAGAR,EDUCATION,Samagra Shiksha Abhiyan,6881.57,2026-27
UP_KANPUR_NAGAR,DIGITAL,BharatNet Broadband Infra,2111.57,2026-27
UP_KANPUR_NAGAR,HOUSING,PM Awas Yojana,3931.57,2026-27
UP_KANPUR_NAGAR,IRRIGATION,PM Krishi Sinchayee Yojana,2391.57,2026-27
UP_KANPUR_NAGAR,TRANSPORT,State Rural Transport Connect,6991.57,2026-27
UP_VARANASI,WATER_SUPPLY,Jal Jeevan Mission,4604.58,2026-27
UP_VARANASI,SANITATION,Swachh Bharat Mission (Grameen),2524.58,2026-27
UP_VARANASI,ROADS,PM Gram Sadak Yojana,5794.58,2026-27
UP_VARANASI,ELECTRICITY,Revamped Distribution Sector Scheme,3404.58,2026-27
UP_VARANASI,HEALTH,PM Ayushman Bharat Health Infra,6144.58,2026-27
UP_VARANASI,EDUCATION,Samagra Shiksha Abhiyan,3344.58,2026-27
UP_VARANASI,DIGITAL,BharatNet Broadband Infra,2874.58,2026-27
UP_VARANASI,HOUSING,PM Awas Yojana,2754.58,2026-27
UP_VARANASI,IRRIGATION,PM Krishi Sinchayee Yojana,4814.58,2026-27
UP_VARANASI,TRANSPORT,State Rural Transport Connect,2484.58,2026-27
UP_PRAYAGRAJ,WATER_SUPPLY,Jal Jeevan Mission,5869.48,2026-27
UP_PRAYAGRAJ,SANITATION,Swachh Bharat Mission (Grameen),4949.48,2026-27
UP_PRAYAGRAJ,ROADS,PM Gram Sadak Yojana,3639.48,2026-27
UP_PRAYAGRAJ,ELECTRICITY,Revamped Distribution Sector Scheme,4759.48,2026-27
UP_PRAYAGRAJ,HEALTH,PM Ayushman Bharat Health Infra,6059.48,2026-27
UP_PRAYAGRAJ,EDUCATION,Samagra Shiksha Abhiyan,4739.48,2026-27
UP_PRAYAGRAJ,DIGITAL,BharatNet Broadband Infra,3069.48,2026-27
UP_PRAYAGRAJ,HOUSING,PM Awas Yojana,3689.48,2026-27
UP_PRAYAGRAJ,IRRIGATION,PM Krishi Sinchayee Yojana,4189.48,2026-27
UP_PRAYAGRAJ,TRANSPORT,State Rural Transport Connect,6199.48,2026-27
UP_AGRA,WATER_SUPPLY,Jal Jeevan Mission,5128.46,2026-27
UP_AGRA,SANITATION,Swachh Bharat Mission (Grameen),5178.46,2026-27
UP_AGRA,ROADS,PM Gram Sadak Yojana,2998.46,2026-27
UP_AGRA,ELECTRICITY,Revamped Distribution Sector Scheme,3458.46,2026-27
UP_AGRA,HEALTH,PM Ayushman Bharat Health Infra,6368.46,2026-27
UP_AGRA,EDUCATION,Samagra Shiksha Abhiyan,5558.46,2026-27
UP_AGRA,DIGITAL,BharatNet Broadband Infra,5508.46,2026-27
UP_AGRA,HOUSING,PM Awas Yojana,4758.46,2026-27
UP_AGRA,IRRIGATION,PM Krishi Sinchayee Yojana,3668.46,2026-27
UP_AGRA,TRANSPORT,State Rural Transport Connect,4268.46,2026-27
UP_MEERUT,WATER_SUPPLY,Jal Jeevan Mission,5479.66,2026-27
UP_MEERUT,SANITATION,Swachh Bharat Mission (Grameen),5389.66,2026-27
UP_MEERUT,ROADS,PM Gram Sadak Yojana,2809.66,2026-27
UP_MEERUT,ELECTRICITY,Revamped Distribution Sector Scheme,5959.66,2026-27
UP_MEERUT,HEALTH,PM Ayushman Bharat Health Infra,2839.66,2026-27
UP_MEERUT,EDUCATION,Samagra Shiksha Abhiyan,3889.66,2026-27
UP_MEERUT,DIGITAL,BharatNet Broadband Infra,3589.66,2026-27
UP_MEERUT,HOUSING,PM Awas Yojana,5709.66,2026-27
UP_MEERUT,IRRIGATION,PM Krishi Sinchayee Yojana,3849.66,2026-27
UP_MEERUT,TRANSPORT,State Rural Transport Connect,1959.66,2026-27
UP_GHAZIABAD,WATER_SUPPLY,Jal Jeevan Mission,4106.74,2026-27
UP_GHAZIABAD,SANITATION,Swachh Bharat Mission (Grameen),3996.74,2026-27
UP_GHAZIABAD,ROADS,PM Gram Sadak Yojana,5076.74,2026-27
UP_GHAZIABAD,ELECTRICITY,Revamped Distribution Sector Scheme,5066.74,2026-27
UP_GHAZIABAD,HEALTH,PM Ayushman Bharat Health Infra,4586.74,2026-27
UP_GHAZIABAD,EDUCATION,Samagra Shiksha Abhiyan,3286.74,2026-27
UP_GHAZIABAD,DIGITAL,BharatNet Broadband Infra,2216.74,2026-27
UP_GHAZIABAD,HOUSING,PM Awas Yojana,5166.74,2026-27
UP_GHAZIABAD,IRRIGATION,PM Krishi Sinchayee Yojana,6796.74,2026-27
UP_GHAZIABAD,TRANSPORT,State Rural Transport Connect,5586.74,2026-27
UP_GAUTAM_BUDDHA_NAGAR,WATER_SUPPLY,Jal Jeevan Mission,2241.65,2026-27
UP_GAUTAM_BUDDHA_NAGAR,SANITATION,Swachh Bharat Mission (Grameen),2781.65,2026-27
UP_GAUTAM_BUDDHA_NAGAR,ROADS,PM Gram Sadak Yojana,3541.65,2026-27
UP_GAUTAM_BUDDHA_NAGAR,ELECTRICITY,Revamped Distribution Sector Scheme,4191.65,2026-27
UP_GAUTAM_BUDDHA_NAGAR,HEALTH,PM Ayushman Bharat Health Infra,5501.65,2026-27
UP_GAUTAM_BUDDHA_NAGAR,EDUCATION,Samagra Shiksha Abhiyan,791.65,2026-27
UP_GAUTAM_BUDDHA_NAGAR,DIGITAL,BharatNet Broadband Infra,2941.65,2026-27
UP_GAUTAM_BUDDHA_NAGAR,HOUSING,PM Awas Yojana,5391.65,2026-27
UP_GAUTAM_BUDDHA_NAGAR,IRRIGATION,PM Krishi Sinchayee Yojana,2521.65,2026-27
UP_GAUTAM_BUDDHA_NAGAR,TRANSPORT,State Rural Transport Connect,4641.65,2026-27
UP_BAREILLY,WATER_SUPPLY,Jal Jeevan Mission,6211.76,2026-27
UP_BAREILLY,SANITATION,Swachh Bharat Mission (Grameen),5611.76,2026-27
UP_BAREILLY,ROADS,PM Gram Sadak Yojana,4931.76,2026-27
UP_BAREILLY,ELECTRICITY,Revamped Distribution Sector Scheme,4691.76,2026-27
UP_BAREILLY,HEALTH,PM Ayushman Bharat Health Infra,4241.76,2026-27
UP_BAREILLY,EDUCATION,Samagra Shiksha Abhiyan,6671.76,2026-27
UP_BAREILLY,DIGITAL,BharatNet Broadband Infra,2251.76,2026-27
UP_BAREILLY,HOUSING,PM Awas Yojana,2601.76,2026-27
UP_BAREILLY,IRRIGATION,PM Krishi Sinchayee Yojana,4001.76,2026-27
UP_BAREILLY,TRANSPORT,State Rural Transport Connect,5501.76,2026-27
UP_ALIGARH,WATER_SUPPLY,Jal Jeevan Mission,3873.25,2026-27
UP_ALIGARH,SANITATION,Swachh Bharat Mission (Grameen),3693.25,2026-27
UP_ALIGARH,ROADS,PM Gram Sadak Yojana,2163.25,2026-27
UP_ALIGARH,ELECTRICITY,Revamped Distribution Sector Scheme,5623.25,2026-27
UP_ALIGARH,HEALTH,PM Ayushman Bharat Health Infra,5153.25,2026-27
UP_ALIGARH,EDUCATION,Samagra Shiksha Abhiyan,2423.25,2026-27
UP_ALIGARH,DIGITAL,BharatNet Broadband Infra,5703.25,2026-27
UP_ALIGARH,HOUSING,PM Awas Yojana,3813.25,2026-27
UP_ALIGARH,IRRIGATION,PM Krishi Sinchayee Yojana,1983.25,2026-27
UP_ALIGARH,TRANSPORT,State Rural Transport Connect,3933.25,2026-27
UP_MORADABAD,WATER_SUPPLY,Jal Jeevan Mission,5707.4,2026-27
UP_MORADABAD,SANITATION,Swachh Bharat Mission (Grameen),6487.4,2026-27
UP_MORADABAD,ROADS,PM Gram Sadak Yojana,4787.4,2026-27
UP_MORADABAD,ELECTRICITY,Revamped Distribution Sector Scheme,5337.4,2026-27
UP_MORADABAD,HEALTH,PM Ayushman Bharat Health Infra,5117.4,2026-27
UP_MORADABAD,EDUCATION,Samagra Shiksha Abhiyan,3197.4,2026-27
UP_MORADABAD,DIGITAL,BharatNet Broadband Infra,2857.4,2026-27
UP_MORADABAD,HOUSING,PM Awas Yojana,6227.4,2026-27
UP_MORADABAD,IRRIGATION,PM Krishi Sinchayee Yojana,2507.4,2026-27
UP_MORADABAD,TRANSPORT,State Rural Transport Connect,4977.4,2026-27
UP_GORAKHPUR,WATER_SUPPLY,Jal Jeevan Mission,5088.4,2026-27
UP_GORAKHPUR,SANITATION,Swachh Bharat Mission (Grameen),5128.4,2026-27
UP_GORAKHPUR,ROADS,PM Gram Sadak Yojana,6138.4,2026-27
UP_GORAKHPUR,ELECTRICITY,Revamped Distribution Sector Scheme,3118.4,2026-27
UP_GORAKHPUR,HEALTH,PM Ayushman Bharat Health Infra,4948.4,2026-27
UP_GORAKHPUR,EDUCATION,Samagra Shiksha Abhiyan,3238.4,2026-27
UP_GORAKHPUR,DIGITAL,BharatNet Broadband Infra,5238.4,2026-27
UP_GORAKHPUR,HOUSING,PM Awas Yojana,5428.4,2026-27
UP_GORAKHPUR,IRRIGATION,PM Krishi Sinchayee Yojana,4618.4,2026-27
UP_GORAKHPUR,TRANSPORT,State Rural Transport Connect,2418.4,2026-27
UP_SAHARANPUR,WATER_SUPPLY,Jal Jeevan Mission,3529.87,2026-27
UP_SAHARANPUR,SANITATION,Swachh Bharat Mission (Grameen),1769.87,2026-27
UP_SAHARANPUR,ROADS,PM Gram Sadak Yojana,6409.87,2026-27
UP_SAHARANPUR,ELECTRICITY,Revamped Distribution Sector Scheme,6509.87,2026-27
UP_SAHARANPUR,HEALTH,PM Ayushman Bharat Health Infra,6339.87,2026-27
UP_SAHARANPUR,EDUCATION,Samagra Shiksha Abhiyan,5619.87,2026-27
UP_SAHARANPUR,DIGITAL,BharatNet Broadband Infra,2549.87,2026-27
UP_SAHARANPUR,HOUSING,PM Awas Yojana,3329.87,2026-27
UP_SAHARANPUR,IRRIGATION,PM Krishi Sinchayee Yojana,5489.87,2026-27
UP_SAHARANPUR,TRANSPORT,State Rural Transport Connect,3919.87,2026-27
UP_JHANSI,WATER_SUPPLY,Jal Jeevan Mission,1499.37,2026-27
UP_JHANSI,SANITATION,Swachh Bharat Mission (Grameen),4709.37,2026-27
UP_JHANSI,ROADS,PM Gram Sadak Yojana,2849.37,2026-27
UP_JHANSI,ELECTRICITY,Revamped Distribution Sector Scheme,1069.37,2026-27
UP_JHANSI,HEALTH,PM Ayushman Bharat Health Infra,4079.37,2026-27
UP_JHANSI,EDUCATION,Samagra Shiksha Abhiyan,5319.37,2026-27
UP_JHANSI,DIGITAL,BharatNet Broadband Infra,4889.37,2026-27
UP_JHANSI,HOUSING,PM Awas Yojana,3969.37,2026-27
UP_JHANSI,IRRIGATION,PM Krishi Sinchayee Yojana,3299.37,2026-27
UP_JHANSI,TRANSPORT,State Rural Transport Connect,3159.37,2026-27
UP_MATHURA,WATER_SUPPLY,Jal Jeevan Mission,4956.23,2026-27
UP_MATHURA,SANITATION,Swachh Bharat Mission (Grameen),4576.23,2026-27
UP_MATHURA,ROADS,PM Gram Sadak Yojana,5566.23,2026-27
UP_MATHURA,ELECTRICITY,Revamped Distribution Sector Scheme,3176.23,2026-27
UP_MATHURA,HEALTH,PM Ayushman Bharat Health Infra,3956.23,2026-27
UP_MATHURA,EDUCATION,Samagra Shiksha Abhiyan,5916.23,2026-27
UP_MATHURA,DIGITAL,BharatNet Broadband Infra,3516.23,2026-27
UP_MATHURA,HOUSING,PM Awas Yojana,3406.23,2026-27
UP_MATHURA,IRRIGATION,PM Krishi Sinchayee Yojana,3666.23,2026-27
UP_MATHURA,TRANSPORT,State Rural Transport Connect,1476.23,2026-27
UP_AYODHYA,WATER_SUPPLY,Jal Jeevan Mission,2901.95,2026-27
UP_AYODHYA,SANITATION,Swachh Bharat Mission (Grameen),2171.95,2026-27
UP_AYODHYA,ROADS,PM Gram Sadak Yojana,4051.95,2026-27
UP_AYODHYA,ELECTRICITY,Revamped Distribution Sector Scheme,2631.95,2026-27
UP_AYODHYA,HEALTH,PM Ayushman Bharat Health Infra,3691.95,2026-27
UP_AYODHYA,EDUCATION,Samagra Shiksha Abhiyan,4831.95,2026-27
UP_AYODHYA,DIGITAL,BharatNet Broadband Infra,4371.95,2026-27
UP_AYODHYA,HOUSING,PM Awas Yojana,4901.95,2026-27
UP_AYODHYA,IRRIGATION,PM Krishi Sinchayee Yojana,2011.95,2026-27
UP_AYODHYA,TRANSPORT,State Rural Transport Connect,3821.95,2026-27
UP_SHRAVASTI,WATER_SUPPLY,Jal Jeevan Mission,3202.81,2026-27
UP_SHRAVASTI,SANITATION,Swachh Bharat Mission (Grameen),2372.81,2026-27
UP_SHRAVASTI,ROADS,PM Gram Sadak Yojana,1062.81,2026-27
UP_SHRAVASTI,ELECTRICITY,Revamped Distribution Sector Scheme,2682.81,2026-27
UP_SHRAVASTI,HEALTH,PM Ayushman Bharat Health Infra,3472.81,2026-27
UP_SHRAVASTI,EDUCATION,Samagra Shiksha Abhiyan,2022.81,2026-27
UP_SHRAVASTI,DIGITAL,BharatNet Broadband Infra,3252.81,2026-27
UP_SHRAVASTI,HOUSING,PM Awas Yojana,3892.81,2026-27
UP_SHRAVASTI,IRRIGATION,PM Krishi Sinchayee Yojana,2402.81,2026-27
UP_SHRAVASTI,TRANSPORT,State Rural Transport Connect,1592.81,2026-27
UP_BAHRAICH,WATER_SUPPLY,Jal Jeevan Mission,3305.22,2026-27
UP_BAHRAICH,SANITATION,Swachh Bharat Mission (Grameen),3755.22,2026-27
UP_BAHRAICH,ROADS,PM Gram Sadak Yojana,2355.22,2026-27
UP_BAHRAICH,ELECTRICITY,Revamped Distribution Sector Scheme,4325.22,2026-27
UP_BAHRAICH,HEALTH,PM Ayushman Bharat Health Infra,2365.22,2026-27
UP_BAHRAICH,EDUCATION,Samagra Shiksha Abhiyan,4535.22,2026-27
UP_BAHRAICH,DIGITAL,BharatNet Broadband Infra,1895.22,2026-27
UP_BAHRAICH,HOUSING,PM Awas Yojana,3355.22,2026-27
UP_BAHRAICH,IRRIGATION,PM Krishi Sinchayee Yojana,5725.22,2026-27
UP_BAHRAICH,TRANSPORT,State Rural Transport Connect,6355.22,2026-27
GJ_AHMEDABAD,WATER_SUPPLY,Jal Jeevan Mission,8096.4,2026-27
GJ_AHMEDABAD,SANITATION,Swachh Bharat Mission (Grameen),3466.4,2026-27
GJ_AHMEDABAD,ROADS,PM Gram Sadak Yojana,7126.4,2026-27
GJ_AHMEDABAD,ELECTRICITY,Revamped Distribution Sector Scheme,5676.4,2026-27
GJ_AHMEDABAD,HEALTH,PM Ayushman Bharat Health Infra,4246.4,2026-27
GJ_AHMEDABAD,EDUCATION,Samagra Shiksha Abhiyan,4526.4,2026-27
GJ_AHMEDABAD,DIGITAL,BharatNet Broadband Infra,3716.4,2026-27
GJ_AHMEDABAD,HOUSING,PM Awas Yojana,7356.4,2026-27
GJ_AHMEDABAD,IRRIGATION,PM Krishi Sinchayee Yojana,5526.4,2026-27
GJ_AHMEDABAD,TRANSPORT,State Rural Transport Connect,3416.4,2026-27
GJ_SURAT,WATER_SUPPLY,Jal Jeevan Mission,6986.59,2026-27
GJ_SURAT,SANITATION,Swachh Bharat Mission (Grameen),5366.59,2026-27
GJ_SURAT,ROADS,PM Gram Sadak Yojana,3196.59,2026-27
GJ_SURAT,ELECTRICITY,Revamped Distribution Sector Scheme,4526.59,2026-27
GJ_SURAT,HEALTH,PM Ayushman Bharat Health Infra,4876.59,2026-27
GJ_SURAT,EDUCATION,Samagra Shiksha Abhiyan,7456.59,2026-27
GJ_SURAT,DIGITAL,BharatNet Broadband Infra,4246.59,2026-27
GJ_SURAT,HOUSING,PM Awas Yojana,6446.59,2026-27
GJ_SURAT,IRRIGATION,PM Krishi Sinchayee Yojana,4586.59,2026-27
GJ_SURAT,TRANSPORT,State Rural Transport Connect,4806.59,2026-27
GJ_VADODARA,WATER_SUPPLY,Jal Jeevan Mission,5244.53,2026-27
GJ_VADODARA,SANITATION,Swachh Bharat Mission (Grameen),6464.53,2026-27
GJ_VADODARA,ROADS,PM Gram Sadak Yojana,2234.53,2026-27
GJ_VADODARA,ELECTRICITY,Revamped Distribution Sector Scheme,5234.53,2026-27
GJ_VADODARA,HEALTH,PM Ayushman Bharat Health Infra,2594.53,2026-27
GJ_VADODARA,EDUCATION,Samagra Shiksha Abhiyan,3554.53,2026-27
GJ_VADODARA,DIGITAL,BharatNet Broadband Infra,4264.53,2026-27
GJ_VADODARA,HOUSING,PM Awas Yojana,2354.53,2026-27
GJ_VADODARA,IRRIGATION,PM Krishi Sinchayee Yojana,5534.53,2026-27
GJ_VADODARA,TRANSPORT,State Rural Transport Connect,2244.53,2026-27
GJ_RAJKOT,WATER_SUPPLY,Jal Jeevan Mission,5992.05,2026-27
GJ_RAJKOT,SANITATION,Swachh Bharat Mission (Grameen),3422.05,2026-27
GJ_RAJKOT,ROADS,PM Gram Sadak Yojana,2852.05,2026-27
GJ_RAJKOT,ELECTRICITY,Revamped Distribution Sector Scheme,5622.05,2026-27
GJ_RAJKOT,HEALTH,PM Ayushman Bharat Health Infra,2392.05,2026-27
GJ_RAJKOT,EDUCATION,Samagra Shiksha Abhiyan,3282.05,2026-27
GJ_RAJKOT,DIGITAL,BharatNet Broadband Infra,4852.05,2026-27
GJ_RAJKOT,HOUSING,PM Awas Yojana,6132.05,2026-27
GJ_RAJKOT,IRRIGATION,PM Krishi Sinchayee Yojana,2202.05,2026-27
GJ_RAJKOT,TRANSPORT,State Rural Transport Connect,4522.05,2026-27
GJ_BHAVNAGAR,WATER_SUPPLY,Jal Jeevan Mission,5486.16,2026-27
GJ_BHAVNAGAR,SANITATION,Swachh Bharat Mission (Grameen),5166.16,2026-27
GJ_BHAVNAGAR,ROADS,PM Gram Sadak Yojana,2706.16,2026-27
GJ_BHAVNAGAR,ELECTRICITY,Revamped Distribution Sector Scheme,4766.16,2026-27
GJ_BHAVNAGAR,HEALTH,PM Ayushman Bharat Health Infra,1646.16,2026-27
GJ_BHAVNAGAR,EDUCATION,Samagra Shiksha Abhiyan,5206.16,2026-27
GJ_BHAVNAGAR,DIGITAL,BharatNet Broadband Infra,3256.16,2026-27
GJ_BHAVNAGAR,HOUSING,PM Awas Yojana,5036.16,2026-27
GJ_BHAVNAGAR,IRRIGATION,PM Krishi Sinchayee Yojana,2186.16,2026-27
GJ_BHAVNAGAR,TRANSPORT,State Rural Transport Connect,2686.16,2026-27
GJ_JAMNAGAR,WATER_SUPPLY,Jal Jeevan Mission,5052.05,2026-27
GJ_JAMNAGAR,SANITATION,Swachh Bharat Mission (Grameen),3232.05,2026-27
GJ_JAMNAGAR,ROADS,PM Gram Sadak Yojana,3042.05,2026-27
GJ_JAMNAGAR,ELECTRICITY,Revamped Distribution Sector Scheme,2622.05,2026-27
GJ_JAMNAGAR,HEALTH,PM Ayushman Bharat Health Infra,4942.05,2026-27
GJ_JAMNAGAR,EDUCATION,Samagra Shiksha Abhiyan,5082.05,2026-27
GJ_JAMNAGAR,DIGITAL,BharatNet Broadband Infra,5552.05,2026-27
GJ_JAMNAGAR,HOUSING,PM Awas Yojana,2832.05,2026-27
GJ_JAMNAGAR,IRRIGATION,PM Krishi Sinchayee Yojana,3852.05,2026-27
GJ_JAMNAGAR,TRANSPORT,State Rural Transport Connect,3992.05,2026-27
GJ_GANDHINAGAR,WATER_SUPPLY,Jal Jeevan Mission,4246.29,2026-27
GJ_GANDHINAGAR,SANITATION,Swachh Bharat Mission (Grameen),3626.29,2026-27
GJ_GANDHINAGAR,ROADS,PM Gram Sadak Yojana,1396.29,2026-27
GJ_GANDHINAGAR,ELECTRICITY,Revamped Distribution Sector Scheme,4206.29,2026-27
GJ_GANDHINAGAR,HEALTH,PM Ayushman Bharat Health Infra,2326.29,2026-27
GJ_GANDHINAGAR,EDUCATION,Samagra Shiksha Abhiyan,936.29,2026-27
GJ_GANDHINAGAR,DIGITAL,BharatNet Broadband Infra,5146.29,2026-27
GJ_GANDHINAGAR,HOUSING,PM Awas Yojana,1996.29,2026-27
GJ_GANDHINAGAR,IRRIGATION,PM Krishi Sinchayee Yojana,2366.29,2026-27
GJ_GANDHINAGAR,TRANSPORT,State Rural Transport Connect,3176.29,2026-27
GJ_DAHOD,WATER_SUPPLY,Jal Jeevan Mission,4037.19,2026-27
GJ_DAHOD,SANITATION,Swachh Bharat Mission (Grameen),3827.19,2026-27
GJ_DAHOD,ROADS,PM Gram Sadak Yojana,5897.19,2026-27
GJ_DAHOD,ELECTRICITY,Revamped Distribution Sector Scheme,3207.19,2026-27
GJ_DAHOD,HEALTH,PM Ayushman Bharat Health Infra,2767.19,2026-27
GJ_DAHOD,EDUCATION,Samagra Shiksha Abhiyan,2627.19,2026-27
GJ_DAHOD,DIGITAL,BharatNet Broadband Infra,1477.19,2026-27
GJ_DAHOD,HOUSING,PM Awas Yojana,5327.19,2026-27
GJ_DAHOD,IRRIGATION,PM Krishi Sinchayee Yojana,2287.19,2026-27
GJ_DAHOD,TRANSPORT,State Rural Transport Connect,3867.19,2026-27
GJ_KUTCH,WATER_SUPPLY,Jal Jeevan Mission,1471.57,2026-27
GJ_KUTCH,SANITATION,Swachh Bharat Mission (Grameen),1881.57,2026-27
GJ_KUTCH,ROADS,PM Gram Sadak Yojana,5741.57,2026-27
GJ_KUTCH,ELECTRICITY,Revamped Distribution Sector Scheme,1811.57,2026-27
GJ_KUTCH,HEALTH,PM Ayushman Bharat Health Infra,5721.57,2026-27
GJ_KUTCH,EDUCATION,Samagra Shiksha Abhiyan,4451.57,2026-27
GJ_KUTCH,DIGITAL,BharatNet Broadband Infra,3611.57,2026-27
GJ_KUTCH,HOUSING,PM Awas Yojana,5401.57,2026-27
GJ_KUTCH,IRRIGATION,PM Krishi Sinchayee Yojana,5851.57,2026-27
GJ_KUTCH,TRANSPORT,State Rural Transport Connect,3551.57,2026-27
RJ_JAIPUR,WATER_SUPPLY,Jal Jeevan Mission,4101.78,2026-27
RJ_JAIPUR,SANITATION,Swachh Bharat Mission (Grameen),4631.78,2026-27
RJ_JAIPUR,ROADS,PM Gram Sadak Yojana,6281.78,2026-27
RJ_JAIPUR,ELECTRICITY,Revamped Distribution Sector Scheme,6141.78,2026-27
RJ_JAIPUR,HEALTH,PM Ayushman Bharat Health Infra,6751.78,2026-27
RJ_JAIPUR,EDUCATION,Samagra Shiksha Abhiyan,6861.78,2026-27
RJ_JAIPUR,DIGITAL,BharatNet Broadband Infra,4991.78,2026-27
RJ_JAIPUR,HOUSING,PM Awas Yojana,6911.78,2026-27
RJ_JAIPUR,IRRIGATION,PM Krishi Sinchayee Yojana,5061.78,2026-27
RJ_JAIPUR,TRANSPORT,State Rural Transport Connect,4811.78,2026-27
RJ_JODHPUR,WATER_SUPPLY,Jal Jeevan Mission,4329.15,2026-27
RJ_JODHPUR,SANITATION,Swachh Bharat Mission (Grameen),2299.15,2026-27
RJ_JODHPUR,ROADS,PM Gram Sadak Yojana,5149.15,2026-27
RJ_JODHPUR,ELECTRICITY,Revamped Distribution Sector Scheme,2709.15,2026-27
RJ_JODHPUR,HEALTH,PM Ayushman Bharat Health Infra,3979.15,2026-27
RJ_JODHPUR,EDUCATION,Samagra Shiksha Abhiyan,2029.15,2026-27
RJ_JODHPUR,DIGITAL,BharatNet Broadband Infra,6369.15,2026-27
RJ_JODHPUR,HOUSING,PM Awas Yojana,3179.15,2026-27
RJ_JODHPUR,IRRIGATION,PM Krishi Sinchayee Yojana,6009.15,2026-27
RJ_JODHPUR,TRANSPORT,State Rural Transport Connect,2039.15,2026-27
RJ_KOTA,WATER_SUPPLY,Jal Jeevan Mission,2247.96,2026-27
RJ_KOTA,SANITATION,Swachh Bharat Mission (Grameen),1687.96,2026-27
RJ_KOTA,ROADS,PM Gram Sadak Yojana,3487.96,2026-27
RJ_KOTA,ELECTRICITY,Revamped Distribution Sector Scheme,3527.96,2026-27
RJ_KOTA,HEALTH,PM Ayushman Bharat Health Infra,4547.96,2026-27
RJ_KOTA,EDUCATION,Samagra Shiksha Abhiyan,4277.96,2026-27
RJ_KOTA,DIGITAL,BharatNet Broadband Infra,1757.96,2026-27
RJ_KOTA,HOUSING,PM Awas Yojana,2267.96,2026-27
RJ_KOTA,IRRIGATION,PM Krishi Sinchayee Yojana,5577.96,2026-27
RJ_KOTA,TRANSPORT,State Rural Transport Connect,1547.96,2026-27
RJ_BIKANER,WATER_SUPPLY,Jal Jeevan Mission,5203.77,2026-27
RJ_BIKANER,SANITATION,Swachh Bharat Mission (Grameen),3993.77,2026-27
RJ_BIKANER,ROADS,PM Gram Sadak Yojana,2193.77,2026-27
RJ_BIKANER,ELECTRICITY,Revamped Distribution Sector Scheme,3813.77,2026-27
RJ_BIKANER,HEALTH,PM Ayushman Bharat Health Infra,4033.77,2026-27
RJ_BIKANER,EDUCATION,Samagra Shiksha Abhiyan,3633.77,2026-27
RJ_BIKANER,DIGITAL,BharatNet Broadband Infra,3203.77,2026-27
RJ_BIKANER,HOUSING,PM Awas Yojana,1543.77,2026-27
RJ_BIKANER,IRRIGATION,PM Krishi Sinchayee Yojana,2773.77,2026-27
RJ_BIKANER,TRANSPORT,State Rural Transport Connect,3113.77,2026-27
RJ_AJMER,WATER_SUPPLY,Jal Jeevan Mission,3772.37,2026-27
RJ_AJMER,SANITATION,Swachh Bharat Mission (Grameen),1582.37,2026-27
RJ_AJMER,ROADS,PM Gram Sadak Yojana,2342.37,2026-27
RJ_AJMER,ELECTRICITY,Revamped Distribution Sector Scheme,1382.37,2026-27
RJ_AJMER,HEALTH,PM Ayushman Bharat Health Infra,2992.37,2026-27
RJ_AJMER,EDUCATION,Samagra Shiksha Abhiyan,5302.37,2026-27
RJ_AJMER,DIGITAL,BharatNet Broadband Infra,3092.37,2026-27
RJ_AJMER,HOUSING,PM Awas Yojana,2982.37,2026-27
RJ_AJMER,IRRIGATION,PM Krishi Sinchayee Yojana,1402.37,2026-27
RJ_AJMER,TRANSPORT,State Rural Transport Connect,3492.37,2026-27
RJ_UDAIPUR,WATER_SUPPLY,Jal Jeevan Mission,4350.79,2026-27
RJ_UDAIPUR,SANITATION,Swachh Bharat Mission (Grameen),5000.79,2026-27
RJ_UDAIPUR,ROADS,PM Gram Sadak Yojana,2230.79,2026-27
RJ_UDAIPUR,ELECTRICITY,Revamped Distribution Sector Scheme,6050.79,2026-27
RJ_UDAIPUR,HEALTH,PM Ayushman Bharat Health Infra,1650.79,2026-27
RJ_UDAIPUR,EDUCATION,Samagra Shiksha Abhiyan,6070.79,2026-27
RJ_UDAIPUR,DIGITAL,BharatNet Broadband Infra,4300.79,2026-27
RJ_UDAIPUR,HOUSING,PM Awas Yojana,5480.79,2026-27
RJ_UDAIPUR,IRRIGATION,PM Krishi Sinchayee Yojana,5870.79,2026-27
RJ_UDAIPUR,TRANSPORT,State Rural Transport Connect,1550.79,2026-27
RJ_BHILWARA,WATER_SUPPLY,Jal Jeevan Mission,1903.84,2026-27
RJ_BHILWARA,SANITATION,Swachh Bharat Mission (Grameen),2443.84,2026-27
RJ_BHILWARA,ROADS,PM Gram Sadak Yojana,3193.84,2026-27
RJ_BHILWARA,ELECTRICITY,Revamped Distribution Sector Scheme,2833.84,2026-27
RJ_BHILWARA,HEALTH,PM Ayushman Bharat Health Infra,3633.84,2026-27
RJ_BHILWARA,EDUCATION,Samagra Shiksha Abhiyan,5403.84,2026-27
RJ_BHILWARA,DIGITAL,BharatNet Broadband Infra,1763.84,2026-27
RJ_BHILWARA,HOUSING,PM Awas Yojana,1713.84,2026-27
RJ_BHILWARA,IRRIGATION,PM Krishi Sinchayee Yojana,5353.84,2026-27
RJ_BHILWARA,TRANSPORT,State Rural Transport Connect,3523.84,2026-27
RJ_ALWAR,WATER_SUPPLY,Jal Jeevan Mission,4153.38,2026-27
RJ_ALWAR,SANITATION,Swachh Bharat Mission (Grameen),6533.38,2026-27
RJ_ALWAR,ROADS,PM Gram Sadak Yojana,5343.38,2026-27
RJ_ALWAR,ELECTRICITY,Revamped Distribution Sector Scheme,5873.38,2026-27
RJ_ALWAR,HEALTH,PM Ayushman Bharat Health Infra,4413.38,2026-27
RJ_ALWAR,EDUCATION,Samagra Shiksha Abhiyan,3683.38,2026-27
RJ_ALWAR,DIGITAL,BharatNet Broadband Infra,6413.38,2026-27
RJ_ALWAR,HOUSING,PM Awas Yojana,5343.38,2026-27
RJ_ALWAR,IRRIGATION,PM Krishi Sinchayee Yojana,4083.38,2026-27
RJ_ALWAR,TRANSPORT,State Rural Transport Connect,3023.38,2026-27
RJ_BARMER,WATER_SUPPLY,Jal Jeevan Mission,3741.69,2026-27
RJ_BARMER,SANITATION,Swachh Bharat Mission (Grameen),3351.69,2026-27
RJ_BARMER,ROADS,PM Gram Sadak Yojana,5081.69,2026-27
RJ_BARMER,ELECTRICITY,Revamped Distribution Sector Scheme,3741.69,2026-27
RJ_BARMER,HEALTH,PM Ayushman Bharat Health Infra,3441.69,2026-27
RJ_BARMER,EDUCATION,Samagra Shiksha Abhiyan,3671.69,2026-27
RJ_BARMER,DIGITAL,BharatNet Broadband Infra,4381.69,2026-27
RJ_BARMER,HOUSING,PM Awas Yojana,5451.69,2026-27
RJ_BARMER,IRRIGATION,PM Krishi Sinchayee Yojana,2761.69,2026-27
RJ_BARMER,TRANSPORT,State Rural Transport Connect,3851.69,2026-27
RJ_JALORE,WATER_SUPPLY,Jal Jeevan Mission,2582.93,2026-27
RJ_JALORE,SANITATION,Swachh Bharat Mission (Grameen),4972.93,2026-27
RJ_JALORE,ROADS,PM Gram Sadak Yojana,3072.93,2026-27
RJ_JALORE,ELECTRICITY,Revamped Distribution Sector Scheme,3072.93,2026-27
RJ_JALORE,HEALTH,PM Ayushman Bharat Health Infra,1362.93,2026-27
RJ_JALORE,EDUCATION,Samagra Shiksha Abhiyan,4312.93,2026-27
RJ_JALORE,DIGITAL,BharatNet Broadband Infra,1242.93,2026-27
RJ_JALORE,HOUSING,PM Awas Yojana,5102.93,2026-27
RJ_JALORE,IRRIGATION,PM Krishi Sinchayee Yojana,3812.93,2026-27
RJ_JALORE,TRANSPORT,State Rural Transport Connect,3922.93,2026-27
RJ_BANSWARA,WATER_SUPPLY,Jal Jeevan Mission,4088.87,2026-27
RJ_BANSWARA,SANITATION,Swachh Bharat Mission (Grameen),858.87,2026-27
RJ_BANSWARA,ROADS,PM Gram Sadak Yojana,4988.87,2026-27
RJ_BANSWARA,ELECTRICITY,Revamped Distribution Sector Scheme,2328.87,2026-27
RJ_BANSWARA,HEALTH,PM Ayushman Bharat Health Infra,2318.87,2026-27
RJ_BANSWARA,EDUCATION,Samagra Shiksha Abhiyan,4628.87,2026-27
RJ_BANSWARA,DIGITAL,BharatNet Broadband Infra,1628.87,2026-27
RJ_BANSWARA,HOUSING,PM Awas Yojana,4128.87,2026-27
RJ_BANSWARA,IRRIGATION,PM Krishi Sinchayee Yojana,4318.87,2026-27
RJ_BANSWARA,TRANSPORT,State Rural Transport Connect,5518.87,2026-27
MP_BHOPAL,WATER_SUPPLY,Jal Jeevan Mission,2206.98,2026-27
MP_BHOPAL,SANITATION,Swachh Bharat Mission (Grameen),4786.98,2026-27
MP_BHOPAL,ROADS,PM Gram Sadak Yojana,3526.98,2026-27
MP_BHOPAL,ELECTRICITY,Revamped Distribution Sector Scheme,5936.98,2026-27
MP_BHOPAL,HEALTH,PM Ayushman Bharat Health Infra,4396.98,2026-27
MP_BHOPAL,EDUCATION,Samagra Shiksha Abhiyan,1916.98,2026-27
MP_BHOPAL,DIGITAL,BharatNet Broadband Infra,2266.98,2026-27
MP_BHOPAL,HOUSING,PM Awas Yojana,5336.98,2026-27
MP_BHOPAL,IRRIGATION,PM Krishi Sinchayee Yojana,4996.98,2026-27
MP_BHOPAL,TRANSPORT,State Rural Transport Connect,3386.98,2026-27
MP_INDORE,WATER_SUPPLY,Jal Jeevan Mission,4474.51,2026-27
MP_INDORE,SANITATION,Swachh Bharat Mission (Grameen),2124.51,2026-27
MP_INDORE,ROADS,PM Gram Sadak Yojana,5154.51,2026-27
MP_INDORE,ELECTRICITY,Revamped Distribution Sector Scheme,6074.51,2026-27
MP_INDORE,HEALTH,PM Ayushman Bharat Health Infra,5304.51,2026-27
MP_INDORE,EDUCATION,Samagra Shiksha Abhiyan,5554.51,2026-27
MP_INDORE,DIGITAL,BharatNet Broadband Infra,2684.51,2026-27
MP_INDORE,HOUSING,PM Awas Yojana,3424.51,2026-27
MP_INDORE,IRRIGATION,PM Krishi Sinchayee Yojana,4904.51,2026-27
MP_INDORE,TRANSPORT,State Rural Transport Connect,5564.51,2026-27
MP_JABALPUR,WATER_SUPPLY,Jal Jeevan Mission,1808.48,2026-27
MP_JABALPUR,SANITATION,Swachh Bharat Mission (Grameen),4198.48,2026-27
MP_JABALPUR,ROADS,PM Gram Sadak Yojana,1578.48,2026-27
MP_JABALPUR,ELECTRICITY,Revamped Distribution Sector Scheme,4918.48,2026-27
MP_JABALPUR,HEALTH,PM Ayushman Bharat Health Infra,1268.48,2026-27
MP_JABALPUR,EDUCATION,Samagra Shiksha Abhiyan,5728.48,2026-27
MP_JABALPUR,DIGITAL,BharatNet Broadband Infra,3758.48,2026-27
MP_JABALPUR,HOUSING,PM Awas Yojana,3278.48,2026-27
MP_JABALPUR,IRRIGATION,PM Krishi Sinchayee Yojana,3778.48,2026-27
MP_JABALPUR,TRANSPORT,State Rural Transport Connect,2478.48,2026-27
MP_GWALIOR,WATER_SUPPLY,Jal Jeevan Mission,3304.42,2026-27
MP_GWALIOR,SANITATION,Swachh Bharat Mission (Grameen),3044.42,2026-27
MP_GWALIOR,ROADS,PM Gram Sadak Yojana,4624.42,2026-27
MP_GWALIOR,ELECTRICITY,Revamped Distribution Sector Scheme,1464.42,2026-27
MP_GWALIOR,HEALTH,PM Ayushman Bharat Health Infra,1344.42,2026-27
MP_GWALIOR,EDUCATION,Samagra Shiksha Abhiyan,1044.42,2026-27
MP_GWALIOR,DIGITAL,BharatNet Broadband Infra,4504.42,2026-27
MP_GWALIOR,HOUSING,PM Awas Yojana,5094.42,2026-27
MP_GWALIOR,IRRIGATION,PM Krishi Sinchayee Yojana,1794.42,2026-27
MP_GWALIOR,TRANSPORT,State Rural Transport Connect,3234.42,2026-27
MP_UJJAIN,WATER_SUPPLY,Jal Jeevan Mission,1904.09,2026-27
MP_UJJAIN,SANITATION,Swachh Bharat Mission (Grameen),3464.09,2026-27
MP_UJJAIN,ROADS,PM Gram Sadak Yojana,2934.09,2026-27
MP_UJJAIN,ELECTRICITY,Revamped Distribution Sector Scheme,3334.09,2026-27
MP_UJJAIN,HEALTH,PM Ayushman Bharat Health Infra,2184.09,2026-27
MP_UJJAIN,EDUCATION,Samagra Shiksha Abhiyan,2454.09,2026-27
MP_UJJAIN,DIGITAL,BharatNet Broadband Infra,2654.09,2026-27
MP_UJJAIN,HOUSING,PM Awas Yojana,1054.09,2026-27
MP_UJJAIN,IRRIGATION,PM Krishi Sinchayee Yojana,5434.09,2026-27
MP_UJJAIN,TRANSPORT,State Rural Transport Connect,4034.09,2026-27
MP_SAGAR,WATER_SUPPLY,Jal Jeevan Mission,2360.31,2026-27
MP_SAGAR,SANITATION,Swachh Bharat Mission (Grameen),3470.31,2026-27
MP_SAGAR,ROADS,PM Gram Sadak Yojana,1180.31,2026-27
MP_SAGAR,ELECTRICITY,Revamped Distribution Sector Scheme,2140.31,2026-27
MP_SAGAR,HEALTH,PM Ayushman Bharat Health Infra,4700.31,2026-27
MP_SAGAR,EDUCATION,Samagra Shiksha Abhiyan,4310.31,2026-27
MP_SAGAR,DIGITAL,BharatNet Broadband Infra,1620.31,2026-27
MP_SAGAR,HOUSING,PM Awas Yojana,4920.31,2026-27
MP_SAGAR,IRRIGATION,PM Krishi Sinchayee Yojana,1720.31,2026-27
MP_SAGAR,TRANSPORT,State Rural Transport Connect,1210.31,2026-27
MP_ALIRAJPUR,WATER_SUPPLY,Jal Jeevan Mission,1138.05,2026-27
MP_ALIRAJPUR,SANITATION,Swachh Bharat Mission (Grameen),3218.05,2026-27
MP_ALIRAJPUR,ROADS,PM Gram Sadak Yojana,638.05,2026-27
MP_ALIRAJPUR,ELECTRICITY,Revamped Distribution Sector Scheme,1928.05,2026-27
MP_ALIRAJPUR,HEALTH,PM Ayushman Bharat Health Infra,958.05,2026-27
MP_ALIRAJPUR,EDUCATION,Samagra Shiksha Abhiyan,1878.05,2026-27
MP_ALIRAJPUR,DIGITAL,BharatNet Broadband Infra,4498.05,2026-27
MP_ALIRAJPUR,HOUSING,PM Awas Yojana,2048.05,2026-27
MP_ALIRAJPUR,IRRIGATION,PM Krishi Sinchayee Yojana,1528.05,2026-27
MP_ALIRAJPUR,TRANSPORT,State Rural Transport Connect,1988.05,2026-27
MP_JHABUA,WATER_SUPPLY,Jal Jeevan Mission,2311.27,2026-27
MP_JHABUA,SANITATION,Swachh Bharat Mission (Grameen),2781.27,2026-27
MP_JHABUA,ROADS,PM Gram Sadak Yojana,4801.27,2026-27
MP_JHABUA,ELECTRICITY,Revamped Distribution Sector Scheme,2131.27,2026-27
MP_JHABUA,HEALTH,PM Ayushman Bharat Health Infra,2331.27,2026-27
MP_JHABUA,EDUCATION,Samagra Shiksha Abhiyan,721.27,2026-27
MP_JHABUA,DIGITAL,BharatNet Broadband Infra,5191.27,2026-27
MP_JHABUA,HOUSING,PM Awas Yojana,4441.27,2026-27
MP_JHABUA,IRRIGATION,PM Krishi Sinchayee Yojana,3221.27,2026-27
MP_JHABUA,TRANSPORT,State Rural Transport Connect,4841.27,2026-27
BR_PATNA,WATER_SUPPLY,Jal Jeevan Mission,5497.31,2026-27
BR_PATNA,SANITATION,Swachh Bharat Mission (Grameen),7527.31,2026-27
BR_PATNA,ROADS,PM Gram Sadak Yojana,4197.31,2026-27
BR_PATNA,ELECTRICITY,Revamped Distribution Sector Scheme,4017.31,2026-27
BR_PATNA,HEALTH,PM Ayushman Bharat Health Infra,3367.31,2026-27
BR_PATNA,EDUCATION,Samagra Shiksha Abhiyan,5177.31,2026-27
BR_PATNA,DIGITAL,BharatNet Broadband Infra,4947.31,2026-27
BR_PATNA,HOUSING,PM Awas Yojana,6467.31,2026-27
BR_PATNA,IRRIGATION,PM Krishi Sinchayee Yojana,7157.31,2026-27
BR_PATNA,TRANSPORT,State Rural Transport Connect,6227.31,2026-27
BR_GAYA,WATER_SUPPLY,Jal Jeevan Mission,3876.14,2026-27
BR_GAYA,SANITATION,Swachh Bharat Mission (Grameen),2786.14,2026-27
BR_GAYA,ROADS,PM Gram Sadak Yojana,4816.14,2026-27
BR_GAYA,ELECTRICITY,Revamped Distribution Sector Scheme,5936.14,2026-27
BR_GAYA,HEALTH,PM Ayushman Bharat Health Infra,2836.14,2026-27
BR_GAYA,EDUCATION,Samagra Shiksha Abhiyan,2296.14,2026-27
BR_GAYA,DIGITAL,BharatNet Broadband Infra,4906.14,2026-27
BR_GAYA,HOUSING,PM Awas Yojana,5576.14,2026-27
BR_GAYA,IRRIGATION,PM Krishi Sinchayee Yojana,4136.14,2026-27
BR_GAYA,TRANSPORT,State Rural Transport Connect,5216.14,2026-27
BR_BHAGALPUR,WATER_SUPPLY,Jal Jeevan Mission,3776.99,2026-27
BR_BHAGALPUR,SANITATION,Swachh Bharat Mission (Grameen),5936.99,2026-27
BR_BHAGALPUR,ROADS,PM Gram Sadak Yojana,4246.99,2026-27
BR_BHAGALPUR,ELECTRICITY,Revamped Distribution Sector Scheme,5176.99,2026-27
BR_BHAGALPUR,HEALTH,PM Ayushman Bharat Health Infra,5536.99,2026-27
BR_BHAGALPUR,EDUCATION,Samagra Shiksha Abhiyan,5506.99,2026-27
BR_BHAGALPUR,DIGITAL,BharatNet Broadband Infra,5156.99,2026-27
BR_BHAGALPUR,HOUSING,PM Awas Yojana,2496.99,2026-27
BR_BHAGALPUR,IRRIGATION,PM Krishi Sinchayee Yojana,5176.99,2026-27
BR_BHAGALPUR,TRANSPORT,State Rural Transport Connect,5446.99,2026-27
BR_MUZAFFARPUR,WATER_SUPPLY,Jal Jeevan Mission,5950.48,2026-27
BR_MUZAFFARPUR,SANITATION,Swachh Bharat Mission (Grameen),5940.48,2026-27
BR_MUZAFFARPUR,ROADS,PM Gram Sadak Yojana,6800.48,2026-27
BR_MUZAFFARPUR,ELECTRICITY,Revamped Distribution Sector Scheme,2880.48,2026-27
BR_MUZAFFARPUR,HEALTH,PM Ayushman Bharat Health Infra,5920.48,2026-27
BR_MUZAFFARPUR,EDUCATION,Samagra Shiksha Abhiyan,3110.48,2026-27
BR_MUZAFFARPUR,DIGITAL,BharatNet Broadband Infra,6920.48,2026-27
BR_MUZAFFARPUR,HOUSING,PM Awas Yojana,6760.48,2026-27
BR_MUZAFFARPUR,IRRIGATION,PM Krishi Sinchayee Yojana,5730.48,2026-27
BR_MUZAFFARPUR,TRANSPORT,State Rural Transport Connect,5250.48,2026-27
BR_DARBHANGA,WATER_SUPPLY,Jal Jeevan Mission,4701.82,2026-27
BR_DARBHANGA,SANITATION,Swachh Bharat Mission (Grameen),5111.82,2026-27
BR_DARBHANGA,ROADS,PM Gram Sadak Yojana,5881.82,2026-27
BR_DARBHANGA,ELECTRICITY,Revamped Distribution Sector Scheme,6271.82,2026-27
BR_DARBHANGA,HEALTH,PM Ayushman Bharat Health Infra,4511.82,2026-27
BR_DARBHANGA,EDUCATION,Samagra Shiksha Abhiyan,3631.82,2026-27
BR_DARBHANGA,DIGITAL,BharatNet Broadband Infra,3561.82,2026-27
BR_DARBHANGA,HOUSING,PM Awas Yojana,2911.82,2026-27
BR_DARBHANGA,IRRIGATION,PM Krishi Sinchayee Yojana,3041.82,2026-27
BR_DARBHANGA,TRANSPORT,State Rural Transport Connect,5961.82,2026-27
BR_NALANDA,WATER_SUPPLY,Jal Jeevan Mission,1793.55,2026-27
BR_NALANDA,SANITATION,Swachh Bharat Mission (Grameen),2043.55,2026-27
BR_NALANDA,ROADS,PM Gram Sadak Yojana,2553.55,2026-27
BR_NALANDA,ELECTRICITY,Revamped Distribution Sector Scheme,3693.55,2026-27
BR_NALANDA,HEALTH,PM Ayushman Bharat Health Infra,1353.55,2026-27
BR_NALANDA,EDUCATION,Samagra Shiksha Abhiyan,1443.55,2026-27
BR_NALANDA,DIGITAL,BharatNet Broadband Infra,4623.55,2026-27
BR_NALANDA,HOUSING,PM Awas Yojana,1413.55,2026-27
BR_NALANDA,IRRIGATION,PM Krishi Sinchayee Yojana,3633.55,2026-27
BR_NALANDA,TRANSPORT,State Rural Transport Connect,2443.55,2026-27
BR_SITAMARHI,WATER_SUPPLY,Jal Jeevan Mission,2900.61,2026-27
BR_SITAMARHI,SANITATION,Swachh Bharat Mission (Grameen),5890.61,2026-27
BR_SITAMARHI,ROADS,PM Gram Sadak Yojana,3740.61,2026-27
BR_SITAMARHI,ELECTRICITY,Revamped Distribution Sector Scheme,2880.61,2026-27
BR_SITAMARHI,HEALTH,PM Ayushman Bharat Health Infra,4460.61,2026-27
BR_SITAMARHI,EDUCATION,Samagra Shiksha Abhiyan,3550.61,2026-27
BR_SITAMARHI,DIGITAL,BharatNet Broadband Infra,3320.61,2026-27
BR_SITAMARHI,HOUSING,PM Awas Yojana,2060.61,2026-27
BR_SITAMARHI,IRRIGATION,PM Krishi Sinchayee Yojana,2980.61,2026-27
BR_SITAMARHI,TRANSPORT,State Rural Transport Connect,2730.61,2026-27
BR_ARARIA,WATER_SUPPLY,Jal Jeevan Mission,3775.21,2026-27
BR_ARARIA,SANITATION,Swachh Bharat Mission (Grameen),1965.21,2026-27
BR_ARARIA,ROADS,PM Gram Sadak Yojana,4665.21,2026-27
BR_ARARIA,ELECTRICITY,Revamped Distribution Sector Scheme,2675.21,2026-27
BR_ARARIA,HEALTH,PM Ayushman Bharat Health Infra,5265.21,2026-27
BR_ARARIA,EDUCATION,Samagra Shiksha Abhiyan,4525.21,2026-27
BR_ARARIA,DIGITAL,BharatNet Broadband Infra,3475.21,2026-27
BR_ARARIA,HOUSING,PM Awas Yojana,1605.21,2026-27
BR_ARARIA,IRRIGATION,PM Krishi Sinchayee Yojana,5915.21,2026-27
BR_ARARIA,TRANSPORT,State Rural Transport Connect,1695.21,2026-27
BR_PURNIA,WATER_SUPPLY,Jal Jeevan Mission,5579.08,2026-27
BR_PURNIA,SANITATION,Swachh Bharat Mission (Grameen),6259.08,2026-27
BR_PURNIA,ROADS,PM Gram Sadak Yojana,5979.08,2026-27
BR_PURNIA,ELECTRICITY,Revamped Distribution Sector Scheme,4719.08,2026-27
BR_PURNIA,HEALTH,PM Ayushman Bharat Health Infra,4079.08,2026-27
BR_PURNIA,EDUCATION,Samagra Shiksha Abhiyan,4479.08,2026-27
BR_PURNIA,DIGITAL,BharatNet Broadband Infra,5399.08,2026-27
BR_PURNIA,HOUSING,PM Awas Yojana,3479.08,2026-27
BR_PURNIA,IRRIGATION,PM Krishi Sinchayee Yojana,4809.08,2026-27
BR_PURNIA,TRANSPORT,State Rural Transport Connect,5499.08,2026-27
WB_KOLKATA,WATER_SUPPLY,Jal Jeevan Mission,3713.51,2026-27
WB_KOLKATA,SANITATION,Swachh Bharat Mission (Grameen),2403.51,2026-27
WB_KOLKATA,ROADS,PM Gram Sadak Yojana,3033.51,2026-27
WB_KOLKATA,ELECTRICITY,Revamped Distribution Sector Scheme,3553.51,2026-27
WB_KOLKATA,HEALTH,PM Ayushman Bharat Health Infra,3603.51,2026-27
WB_KOLKATA,EDUCATION,Samagra Shiksha Abhiyan,5643.51,2026-27
WB_KOLKATA,DIGITAL,BharatNet Broadband Infra,3813.51,2026-27
WB_KOLKATA,HOUSING,PM Awas Yojana,4473.51,2026-27
WB_KOLKATA,IRRIGATION,PM Krishi Sinchayee Yojana,6463.51,2026-27
WB_KOLKATA,TRANSPORT,State Rural Transport Connect,4783.51,2026-27
WB_HOWRAH,WATER_SUPPLY,Jal Jeevan Mission,5062.51,2026-27
WB_HOWRAH,SANITATION,Swachh Bharat Mission (Grameen),6802.51,2026-27
WB_HOWRAH,ROADS,PM Gram Sadak Yojana,6992.51,2026-27
WB_HOWRAH,ELECTRICITY,Revamped Distribution Sector Scheme,3512.51,2026-27
WB_HOWRAH,HEALTH,PM Ayushman Bharat Health Infra,5272.51,2026-27
WB_HOWRAH,EDUCATION,Samagra Shiksha Abhiyan,2772.51,2026-27
WB_HOWRAH,DIGITAL,BharatNet Broadband Infra,5402.51,2026-27
WB_HOWRAH,HOUSING,PM Awas Yojana,3452.51,2026-27
WB_HOWRAH,IRRIGATION,PM Krishi Sinchayee Yojana,6082.51,2026-27
WB_HOWRAH,TRANSPORT,State Rural Transport Connect,2422.51,2026-27
WB_PASCHIM_BARDHAMAN,WATER_SUPPLY,Jal Jeevan Mission,6086.91,2026-27
WB_PASCHIM_BARDHAMAN,SANITATION,Swachh Bharat Mission (Grameen),4676.91,2026-27
WB_PASCHIM_BARDHAMAN,ROADS,PM Gram Sadak Yojana,6226.91,2026-27
WB_PASCHIM_BARDHAMAN,ELECTRICITY,Revamped Distribution Sector Scheme,4556.91,2026-27
WB_PASCHIM_BARDHAMAN,HEALTH,PM Ayushman Bharat Health Infra,1806.91,2026-27
WB_PASCHIM_BARDHAMAN,EDUCATION,Samagra Shiksha Abhiyan,4236.91,2026-27
WB_PASCHIM_BARDHAMAN,DIGITAL,BharatNet Broadband Infra,1696.91,2026-27
WB_PASCHIM_BARDHAMAN,HOUSING,PM Awas Yojana,3126.91,2026-27
WB_PASCHIM_BARDHAMAN,IRRIGATION,PM Krishi Sinchayee Yojana,5346.91,2026-27
WB_PASCHIM_BARDHAMAN,TRANSPORT,State Rural Transport Connect,3256.91,2026-27
WB_DARJEELING,WATER_SUPPLY,Jal Jeevan Mission,4901.07,2026-27
WB_DARJEELING,SANITATION,Swachh Bharat Mission (Grameen),3631.07,2026-27
WB_DARJEELING,ROADS,PM Gram Sadak Yojana,5671.07,2026-27
WB_DARJEELING,ELECTRICITY,Revamped Distribution Sector Scheme,5571.07,2026-27
WB_DARJEELING,HEALTH,PM Ayushman Bharat Health Infra,5551.07,2026-27
WB_DARJEELING,EDUCATION,Samagra Shiksha Abhiyan,4971.07,2026-27
WB_DARJEELING,DIGITAL,BharatNet Broadband Infra,3451.07,2026-27
WB_DARJEELING,HOUSING,PM Awas Yojana,5071.07,2026-27
WB_DARJEELING,IRRIGATION,PM Krishi Sinchayee Yojana,3101.07,2026-27
WB_DARJEELING,TRANSPORT,State Rural Transport Connect,1571.07,2026-27
WB_PURULIA,WATER_SUPPLY,Jal Jeevan Mission,3038.55,2026-27
WB_PURULIA,SANITATION,Swachh Bharat Mission (Grameen),5148.55,2026-27
WB_PURULIA,ROADS,PM Gram Sadak Yojana,2738.55,2026-27
WB_PURULIA,ELECTRICITY,Revamped Distribution Sector Scheme,5418.55,2026-27
WB_PURULIA,HEALTH,PM Ayushman Bharat Health Infra,5868.55,2026-27
WB_PURULIA,EDUCATION,Samagra Shiksha Abhiyan,2738.55,2026-27
WB_PURULIA,DIGITAL,BharatNet Broadband Infra,1518.55,2026-27
WB_PURULIA,HOUSING,PM Awas Yojana,3258.55,2026-27
WB_PURULIA,IRRIGATION,PM Krishi Sinchayee Yojana,3818.55,2026-27
WB_PURULIA,TRANSPORT,State Rural Transport Connect,3778.55,2026-27
WB_MALDA,WATER_SUPPLY,Jal Jeevan Mission,3894.98,2026-27
WB_MALDA,SANITATION,Swachh Bharat Mission (Grameen),2534.98,2026-27
WB_MALDA,ROADS,PM Gram Sadak Yojana,4484.98,2026-27
WB_MALDA,ELECTRICITY,Revamped Distribution Sector Scheme,6524.98,2026-27
WB_MALDA,HEALTH,PM Ayushman Bharat Health Infra,5064.98,2026-27
WB_MALDA,EDUCATION,Samagra Shiksha Abhiyan,4924.98,2026-27
WB_MALDA,DIGITAL,BharatNet Broadband Infra,4954.98,2026-27
WB_MALDA,HOUSING,PM Awas Yojana,6734.98,2026-27
WB_MALDA,IRRIGATION,PM Krishi Sinchayee Yojana,2744.98,2026-27
WB_MALDA,TRANSPORT,State Rural Transport Connect,5824.98,2026-27
WB_MURSHIDABAD,WATER_SUPPLY,Jal Jeevan Mission,7756.71,2026-27
WB_MURSHIDABAD,SANITATION,Swachh Bharat Mission (Grameen),6086.71,2026-27
WB_MURSHIDABAD,ROADS,PM Gram Sadak Yojana,5916.71,2026-27
WB_MURSHIDABAD,ELECTRICITY,Revamped Distribution Sector Scheme,4576.71,2026-27
WB_MURSHIDABAD,HEALTH,PM Ayushman Bharat Health Infra,6586.71,2026-27
WB_MURSHIDABAD,EDUCATION,Samagra Shiksha Abhiyan,6696.71,2026-27
WB_MURSHIDABAD,DIGITAL,BharatNet Broadband Infra,7416.71,2026-27
WB_MURSHIDABAD,HOUSING,PM Awas Yojana,5076.71,2026-27
WB_MURSHIDABAD,IRRIGATION,PM Krishi Sinchayee Yojana,4286.71,2026-27
WB_MURSHIDABAD,TRANSPORT,State Rural Transport Connect,6666.71,2026-27
OD_KHORDHA,WATER_SUPPLY,Jal Jeevan Mission,1203.25,2026-27
OD_KHORDHA,SANITATION,Swachh Bharat Mission (Grameen),4303.25,2026-27
OD_KHORDHA,ROADS,PM Gram Sadak Yojana,1283.25,2026-27
OD_KHORDHA,ELECTRICITY,Revamped Distribution Sector Scheme,3133.25,2026-27
OD_KHORDHA,HEALTH,PM Ayushman Bharat Health Infra,1743.25,2026-27
OD_KHORDHA,EDUCATION,Samagra Shiksha Abhiyan,4733.25,2026-27
OD_KHORDHA,DIGITAL,BharatNet Broadband Infra,2373.25,2026-27
OD_KHORDHA,HOUSING,PM Awas Yojana,5043.25,2026-27
OD_KHORDHA,IRRIGATION,PM Krishi Sinchayee Yojana,4263.25,2026-27
OD_KHORDHA,TRANSPORT,State Rural Transport Connect,1893.25,2026-27
OD_CUTTACK,WATER_SUPPLY,Jal Jeevan Mission,1491.01,2026-27
OD_CUTTACK,SANITATION,Swachh Bharat Mission (Grameen),1581.01,2026-27
OD_CUTTACK,ROADS,PM Gram Sadak Yojana,5691.01,2026-27
OD_CUTTACK,ELECTRICITY,Revamped Distribution Sector Scheme,5541.01,2026-27
OD_CUTTACK,HEALTH,PM Ayushman Bharat Health Infra,1781.01,2026-27
OD_CUTTACK,EDUCATION,Samagra Shiksha Abhiyan,5531.01,2026-27
OD_CUTTACK,DIGITAL,BharatNet Broadband Infra,1581.01,2026-27
OD_CUTTACK,HOUSING,PM Awas Yojana,5741.01,2026-27
OD_CUTTACK,IRRIGATION,PM Krishi Sinchayee Yojana,3701.01,2026-27
OD_CUTTACK,TRANSPORT,State Rural Transport Connect,1461.01,2026-27
OD_SUNDARGARH,WATER_SUPPLY,Jal Jeevan Mission,5332.05,2026-27
OD_SUNDARGARH,SANITATION,Swachh Bharat Mission (Grameen),2752.05,2026-27
OD_SUNDARGARH,ROADS,PM Gram Sadak Yojana,1832.05,2026-27
OD_SUNDARGARH,ELECTRICITY,Revamped Distribution Sector Scheme,3502.05,2026-27
OD_SUNDARGARH,HEALTH,PM Ayushman Bharat Health Infra,3562.05,2026-27
OD_SUNDARGARH,EDUCATION,Samagra Shiksha Abhiyan,1312.05,2026-27
OD_SUNDARGARH,DIGITAL,BharatNet Broadband Infra,4572.05,2026-27
OD_SUNDARGARH,HOUSING,PM Awas Yojana,2802.05,2026-27
OD_SUNDARGARH,IRRIGATION,PM Krishi Sinchayee Yojana,1362.05,2026-27
OD_SUNDARGARH,TRANSPORT,State Rural Transport Connect,3642.05,2026-27
OD_GANJAM,WATER_SUPPLY,Jal Jeevan Mission,2608.06,2026-27
OD_GANJAM,SANITATION,Swachh Bharat Mission (Grameen),4488.06,2026-27
OD_GANJAM,ROADS,PM Gram Sadak Yojana,3308.06,2026-27
OD_GANJAM,ELECTRICITY,Revamped Distribution Sector Scheme,2738.06,2026-27
OD_GANJAM,HEALTH,PM Ayushman Bharat Health Infra,5888.06,2026-27
OD_GANJAM,EDUCATION,Samagra Shiksha Abhiyan,2048.06,2026-27
OD_GANJAM,DIGITAL,BharatNet Broadband Infra,6378.06,2026-27
OD_GANJAM,HOUSING,PM Awas Yojana,5758.06,2026-27
OD_GANJAM,IRRIGATION,PM Krishi Sinchayee Yojana,5218.06,2026-27
OD_GANJAM,TRANSPORT,State Rural Transport Connect,1598.06,2026-27
OD_SAMBALPUR,WATER_SUPPLY,Jal Jeevan Mission,3998.49,2026-27
OD_SAMBALPUR,SANITATION,Swachh Bharat Mission (Grameen),5298.49,2026-27
OD_SAMBALPUR,ROADS,PM Gram Sadak Yojana,2108.49,2026-27
OD_SAMBALPUR,ELECTRICITY,Revamped Distribution Sector Scheme,5268.49,2026-27
OD_SAMBALPUR,HEALTH,PM Ayushman Bharat Health Infra,4198.49,2026-27
OD_SAMBALPUR,EDUCATION,Samagra Shiksha Abhiyan,2478.49,2026-27
OD_SAMBALPUR,DIGITAL,BharatNet Broadband Infra,5108.49,2026-27
OD_SAMBALPUR,HOUSING,PM Awas Yojana,1978.49,2026-27
OD_SAMBALPUR,IRRIGATION,PM Krishi Sinchayee Yojana,2388.49,2026-27
OD_SAMBALPUR,TRANSPORT,State Rural Transport Connect,1278.49,2026-27
OD_PURI,WATER_SUPPLY,Jal Jeevan Mission,4674.43,2026-27
OD_PURI,SANITATION,Swachh Bharat Mission (Grameen),3684.43,2026-27
OD_PURI,ROADS,PM Gram Sadak Yojana,844.43,2026-27
OD_PURI,ELECTRICITY,Revamped Distribution Sector Scheme,3934.43,2026-27
OD_PURI,HEALTH,PM Ayushman Bharat Health Infra,4584.43,2026-27
OD_PURI,EDUCATION,Samagra Shiksha Abhiyan,4574.43,2026-27
OD_PURI,DIGITAL,BharatNet Broadband Infra,2994.43,2026-27
OD_PURI,HOUSING,PM Awas Yojana,5194.43,2026-27
OD_PURI,IRRIGATION,PM Krishi Sinchayee Yojana,1154.43,2026-27
OD_PURI,TRANSPORT,State Rural Transport Connect,3894.43,2026-27
OD_KALAHANDI,WATER_SUPPLY,Jal Jeevan Mission,899.59,2026-27
OD_KALAHANDI,SANITATION,Swachh Bharat Mission (Grameen),1789.59,2026-27
OD_KALAHANDI,ROADS,PM Gram Sadak Yojana,1059.59,2026-27
OD_KALAHANDI,ELECTRICITY,Revamped Distribution Sector Scheme,4549.59,2026-27
OD_KALAHANDI,HEALTH,PM Ayushman Bharat Health Infra,3809.59,2026-27
OD_KALAHANDI,EDUCATION,Samagra Shiksha Abhiyan,2689.59,2026-27
OD_KALAHANDI,DIGITAL,BharatNet Broadband Infra,5179.59,2026-27
OD_KALAHANDI,HOUSING,PM Awas Yojana,5019.59,2026-27
OD_KALAHANDI,IRRIGATION,PM Krishi Sinchayee Yojana,5269.59,2026-27
OD_KALAHANDI,TRANSPORT,State Rural Transport Connect,1199.59,2026-27
OD_NABARANGPUR,WATER_SUPPLY,Jal Jeevan Mission,989.43,2026-27
OD_NABARANGPUR,SANITATION,Swachh Bharat Mission (Grameen),629.43,2026-27
OD_NABARANGPUR,ROADS,PM Gram Sadak Yojana,3589.43,2026-27
OD_NABARANGPUR,ELECTRICITY,Revamped Distribution Sector Scheme,4289.43,2026-27
OD_NABARANGPUR,HEALTH,PM Ayushman Bharat Health Infra,2539.43,2026-27
OD_NABARANGPUR,EDUCATION,Samagra Shiksha Abhiyan,5499.43,2026-27
OD_NABARANGPUR,DIGITAL,BharatNet Broadband Infra,2589.43,2026-27
OD_NABARANGPUR,HOUSING,PM Awas Yojana,3929.43,2026-27
OD_NABARANGPUR,IRRIGATION,PM Krishi Sinchayee Yojana,2389.43,2026-27
OD_NABARANGPUR,TRANSPORT,State Rural Transport Connect,5469.43,2026-27
OD_KORAPUT,WATER_SUPPLY,Jal Jeevan Mission,1850.84,2026-27
OD_KORAPUT,SANITATION,Swachh Bharat Mission (Grameen),4310.84,2026-27
OD_KORAPUT,ROADS,PM Gram Sadak Yojana,2630.84,2026-27
OD_KORAPUT,ELECTRICITY,Revamped Distribution Sector Scheme,3840.84,2026-27
OD_KORAPUT,HEALTH,PM Ayushman Bharat Health Infra,2820.84,2026-27
OD_KORAPUT,EDUCATION,Samagra Shiksha Abhiyan,4360.84,2026-27
OD_KORAPUT,DIGITAL,BharatNet Broadband Infra,3460.84,2026-27
OD_KORAPUT,HOUSING,PM Awas Yojana,2570.84,2026-27
OD_KORAPUT,IRRIGATION,PM Krishi Sinchayee Yojana,4740.84,2026-27
OD_KORAPUT,TRANSPORT,State Rural Transport Connect,2880.84,2026-27
PB_LUDHIANA,WATER_SUPPLY,Jal Jeevan Mission,5044.43,2026-27
PB_LUDHIANA,SANITATION,Swachh Bharat Mission (Grameen),3594.43,2026-27
PB_LUDHIANA,ROADS,PM Gram Sadak Yojana,2844.43,2026-27
PB_LUDHIANA,ELECTRICITY,Revamped Distribution Sector Scheme,4944.43,2026-27
PB_LUDHIANA,HEALTH,PM Ayushman Bharat Health Infra,4764.43,2026-27
PB_LUDHIANA,EDUCATION,Samagra Shiksha Abhiyan,6564.43,2026-27
PB_LUDHIANA,DIGITAL,BharatNet Broadband Infra,5194.43,2026-27
PB_LUDHIANA,HOUSING,PM Awas Yojana,5714.43,2026-27
PB_LUDHIANA,IRRIGATION,PM Krishi Sinchayee Yojana,5704.43,2026-27
PB_LUDHIANA,TRANSPORT,State Rural Transport Connect,3054.43,2026-27
PB_AMRITSAR,WATER_SUPPLY,Jal Jeevan Mission,5470.8,2026-27
PB_AMRITSAR,SANITATION,Swachh Bharat Mission (Grameen),4960.8,2026-27
PB_AMRITSAR,ROADS,PM Gram Sadak Yojana,2350.8,2026-27
PB_AMRITSAR,ELECTRICITY,Revamped Distribution Sector Scheme,3340.8,2026-27
PB_AMRITSAR,HEALTH,PM Ayushman Bharat Health Infra,1270.8,2026-27
PB_AMRITSAR,EDUCATION,Samagra Shiksha Abhiyan,5970.8,2026-27
PB_AMRITSAR,DIGITAL,BharatNet Broadband Infra,2730.8,2026-27
PB_AMRITSAR,HOUSING,PM Awas Yojana,3430.8,2026-27
PB_AMRITSAR,IRRIGATION,PM Krishi Sinchayee Yojana,4890.8,2026-27
PB_AMRITSAR,TRANSPORT,State Rural Transport Connect,3470.8,2026-27
PB_JALANDHAR,WATER_SUPPLY,Jal Jeevan Mission,5167.12,2026-27
PB_JALANDHAR,SANITATION,Swachh Bharat Mission (Grameen),2107.12,2026-27
PB_JALANDHAR,ROADS,PM Gram Sadak Yojana,2277.12,2026-27
PB_JALANDHAR,ELECTRICITY,Revamped Distribution Sector Scheme,4307.12,2026-27
PB_JALANDHAR,HEALTH,PM Ayushman Bharat Health Infra,3027.12,2026-27
PB_JALANDHAR,EDUCATION,Samagra Shiksha Abhiyan,4467.12,2026-27
PB_JALANDHAR,DIGITAL,BharatNet Broadband Infra,4667.12,2026-27
PB_JALANDHAR,HOUSING,PM Awas Yojana,2787.12,2026-27
PB_JALANDHAR,IRRIGATION,PM Krishi Sinchayee Yojana,3447.12,2026-27
PB_JALANDHAR,TRANSPORT,State Rural Transport Connect,5557.12,2026-27
PB_PATIALA,WATER_SUPPLY,Jal Jeevan Mission,5763.06,2026-27
PB_PATIALA,SANITATION,Swachh Bharat Mission (Grameen),2203.06,2026-27
PB_PATIALA,ROADS,PM Gram Sadak Yojana,1113.06,2026-27
PB_PATIALA,ELECTRICITY,Revamped Distribution Sector Scheme,1383.06,2026-27
PB_PATIALA,HEALTH,PM Ayushman Bharat Health Infra,1023.06,2026-27
PB_PATIALA,EDUCATION,Samagra Shiksha Abhiyan,973.06,2026-27
PB_PATIALA,DIGITAL,BharatNet Broadband Infra,2713.06,2026-27
PB_PATIALA,HOUSING,PM Awas Yojana,4593.06,2026-27
PB_PATIALA,IRRIGATION,PM Krishi Sinchayee Yojana,2203.06,2026-27
PB_PATIALA,TRANSPORT,State Rural Transport Connect,1723.06,2026-27
PB_BATHINDA,WATER_SUPPLY,Jal Jeevan Mission,5554.84,2026-27
PB_BATHINDA,SANITATION,Swachh Bharat Mission (Grameen),4284.84,2026-27
PB_BATHINDA,ROADS,PM Gram Sadak Yojana,1274.84,2026-27
PB_BATHINDA,ELECTRICITY,Revamped Distribution Sector Scheme,3554.84,2026-27
PB_BATHINDA,HEALTH,PM Ayushman Bharat Health Infra,3514.84,2026-27
PB_BATHINDA,EDUCATION,Samagra Shiksha Abhiyan,3044.84,2026-27
PB_BATHINDA,DIGITAL,BharatNet Broadband Infra,4754.84,2026-27
PB_BATHINDA,HOUSING,PM Awas Yojana,1944.84,2026-27
PB_BATHINDA,IRRIGATION,PM Krishi Sinchayee Yojana,1964.84,2026-27
PB_BATHINDA,TRANSPORT,State Rural Transport Connect,2944.84,2026-27
PB_SAS_NAGAR,WATER_SUPPLY,Jal Jeevan Mission,4127.58,2026-27
PB_SAS_NAGAR,SANITATION,Swachh Bharat Mission (Grameen),777.58,2026-27
PB_SAS_NAGAR,ROADS,PM Gram Sadak Yojana,3757.58,2026-27
PB_SAS_NAGAR,ELECTRICITY,Revamped Distribution Sector Scheme,2977.58,2026-27
PB_SAS_NAGAR,HEALTH,PM Ayushman Bharat Health Infra,497.58,2026-27
PB_SAS_NAGAR,EDUCATION,Samagra Shiksha Abhiyan,2227.58,2026-27
PB_SAS_NAGAR,DIGITAL,BharatNet Broadband Infra,4187.58,2026-27
PB_SAS_NAGAR,HOUSING,PM Awas Yojana,2907.58,2026-27
PB_SAS_NAGAR,IRRIGATION,PM Krishi Sinchayee Yojana,1817.58,2026-27
PB_SAS_NAGAR,TRANSPORT,State Rural Transport Connect,3327.58,2026-27
PB_MANSA,WATER_SUPPLY,Jal Jeevan Mission,556.39,2026-27
PB_MANSA,SANITATION,Swachh Bharat Mission (Grameen),4276.39,2026-27
PB_MANSA,ROADS,PM Gram Sadak Yojana,2626.39,2026-27
PB_MANSA,ELECTRICITY,Revamped Distribution Sector Scheme,2736.39,2026-27
PB_MANSA,HEALTH,PM Ayushman Bharat Health Infra,5306.39,2026-27
PB_MANSA,EDUCATION,Samagra Shiksha Abhiyan,486.39,2026-27
PB_MANSA,DIGITAL,BharatNet Broadband Infra,1506.39,2026-27
PB_MANSA,HOUSING,PM Awas Yojana,646.39,2026-27
PB_MANSA,IRRIGATION,PM Krishi Sinchayee Yojana,2506.39,2026-27
PB_MANSA,TRANSPORT,State Rural Transport Connect,5166.39,2026-27
HR_GURUGRAM,WATER_SUPPLY,Jal Jeevan Mission,1171.49,2026-27
HR_GURUGRAM,SANITATION,Swachh Bharat Mission (Grameen),5291.49,2026-27
HR_GURUGRAM,ROADS,PM Gram Sadak Yojana,5461.49,2026-27
HR_GURUGRAM,ELECTRICITY,Revamped Distribution Sector Scheme,3651.49,2026-27
HR_GURUGRAM,HEALTH,PM Ayushman Bharat Health Infra,3381.49,2026-27
HR_GURUGRAM,EDUCATION,Samagra Shiksha Abhiyan,3981.49,2026-27
HR_GURUGRAM,DIGITAL,BharatNet Broadband Infra,1961.49,2026-27
HR_GURUGRAM,HOUSING,PM Awas Yojana,5651.49,2026-27
HR_GURUGRAM,IRRIGATION,PM Krishi Sinchayee Yojana,2711.49,2026-27
HR_GURUGRAM,TRANSPORT,State Rural Transport Connect,2541.49,2026-27
HR_FARIDABAD,WATER_SUPPLY,Jal Jeevan Mission,4834.38,2026-27
HR_FARIDABAD,SANITATION,Swachh Bharat Mission (Grameen),5564.38,2026-27
HR_FARIDABAD,ROADS,PM Gram Sadak Yojana,3084.38,2026-27
HR_FARIDABAD,ELECTRICITY,Revamped Distribution Sector Scheme,4104.38,2026-27
HR_FARIDABAD,HEALTH,PM Ayushman Bharat Health Infra,1094.38,2026-27
HR_FARIDABAD,EDUCATION,Samagra Shiksha Abhiyan,1004.38,2026-27
HR_FARIDABAD,DIGITAL,BharatNet Broadband Infra,3474.38,2026-27
HR_FARIDABAD,HOUSING,PM Awas Yojana,3004.38,2026-27
HR_FARIDABAD,IRRIGATION,PM Krishi Sinchayee Yojana,3404.38,2026-27
HR_FARIDABAD,TRANSPORT,State Rural Transport Connect,3354.38,2026-27
HR_PANIPAT,WATER_SUPPLY,Jal Jeevan Mission,1912.45,2026-27
HR_PANIPAT,SANITATION,Swachh Bharat Mission (Grameen),4072.45,2026-27
HR_PANIPAT,ROADS,PM Gram Sadak Yojana,2702.45,2026-27
HR_PANIPAT,ELECTRICITY,Revamped Distribution Sector Scheme,1762.45,2026-27
HR_PANIPAT,HEALTH,PM Ayushman Bharat Health Infra,2192.45,2026-27
HR_PANIPAT,EDUCATION,Samagra Shiksha Abhiyan,4812.45,2026-27
HR_PANIPAT,DIGITAL,BharatNet Broadband Infra,2222.45,2026-27
HR_PANIPAT,HOUSING,PM Awas Yojana,1422.45,2026-27
HR_PANIPAT,IRRIGATION,PM Krishi Sinchayee Yojana,2002.45,2026-27
HR_PANIPAT,TRANSPORT,State Rural Transport Connect,1352.45,2026-27
HR_AMBALA,WATER_SUPPLY,Jal Jeevan Mission,1647.76,2026-27
HR_AMBALA,SANITATION,Swachh Bharat Mission (Grameen),4737.76,2026-27
HR_AMBALA,ROADS,PM Gram Sadak Yojana,5017.76,2026-27
HR_AMBALA,ELECTRICITY,Revamped Distribution Sector Scheme,547.76,2026-27
HR_AMBALA,HEALTH,PM Ayushman Bharat Health Infra,2437.76,2026-27
HR_AMBALA,EDUCATION,Samagra Shiksha Abhiyan,1207.76,2026-27
HR_AMBALA,DIGITAL,BharatNet Broadband Infra,4457.76,2026-27
HR_AMBALA,HOUSING,PM Awas Yojana,3177.76,2026-27
HR_AMBALA,IRRIGATION,PM Krishi Sinchayee Yojana,4647.76,2026-27
HR_AMBALA,TRANSPORT,State Rural Transport Connect,5367.76,2026-27
HR_ROHTAK,WATER_SUPPLY,Jal Jeevan Mission,4307.54,2026-27
HR_ROHTAK,SANITATION,Swachh Bharat Mission (Grameen),2267.54,2026-27
HR_ROHTAK,ROADS,PM Gram Sadak Yojana,2227.54,2026-27
HR_ROHTAK,ELECTRICITY,Revamped Distribution Sector Scheme,3587.54,2026-27
HR_ROHTAK,HEALTH,PM Ayushman Bharat Health Infra,2077.54,2026-27
HR_ROHTAK,EDUCATION,Samagra Shiksha Abhiyan,1297.54,2026-27
HR_ROHTAK,DIGITAL,BharatNet Broadband Infra,1837.54,2026-27
HR_ROHTAK,HOUSING,PM Awas Yojana,4467.54,2026-27
HR_ROHTAK,IRRIGATION,PM Krishi Sinchayee Yojana,1077.54,2026-27
HR_ROHTAK,TRANSPORT,State Rural Transport Connect,2517.54,2026-27
HR_HISAR,WATER_SUPPLY,Jal Jeevan Mission,2324.54,2026-27
HR_HISAR,SANITATION,Swachh Bharat Mission (Grameen),1414.54,2026-27
HR_HISAR,ROADS,PM Gram Sadak Yojana,2104.54,2026-27
HR_HISAR,ELECTRICITY,Revamped Distribution Sector Scheme,4114.54,2026-27
HR_HISAR,HEALTH,PM Ayushman Bharat Health Infra,3984.54,2026-27
HR_HISAR,EDUCATION,Samagra Shiksha Abhiyan,2474.54,2026-27
HR_HISAR,DIGITAL,BharatNet Broadband Infra,3414.54,2026-27
HR_HISAR,HOUSING,PM Awas Yojana,1804.54,2026-27
HR_HISAR,IRRIGATION,PM Krishi Sinchayee Yojana,4064.54,2026-27
HR_HISAR,TRANSPORT,State Rural Transport Connect,2874.54,2026-27
HR_KARNAL,WATER_SUPPLY,Jal Jeevan Mission,4667.4,2026-27
HR_KARNAL,SANITATION,Swachh Bharat Mission (Grameen),2627.4,2026-27
HR_KARNAL,ROADS,PM Gram Sadak Yojana,3247.4,2026-27
HR_KARNAL,ELECTRICITY,Revamped Distribution Sector Scheme,2557.4,2026-27
HR_KARNAL,HEALTH,PM Ayushman Bharat Health Infra,1587.4,2026-27
HR_KARNAL,EDUCATION,Samagra Shiksha Abhiyan,2807.4,2026-27
HR_KARNAL,DIGITAL,BharatNet Broadband Infra,917.4,2026-27
HR_KARNAL,HOUSING,PM Awas Yojana,3407.4,2026-27
HR_KARNAL,IRRIGATION,PM Krishi Sinchayee Yojana,5367.4,2026-27
HR_KARNAL,TRANSPORT,State Rural Transport Connect,1307.4,2026-27
HR_SONIPAT,WATER_SUPPLY,Jal Jeevan Mission,2732.5,2026-27
HR_SONIPAT,SANITATION,Swachh Bharat Mission (Grameen),5122.5,2026-27
HR_SONIPAT,ROADS,PM Gram Sadak Yojana,3092.5,2026-27
HR_SONIPAT,ELECTRICITY,Revamped Distribution Sector Scheme,2272.5,2026-27
HR_SONIPAT,HEALTH,PM Ayushman Bharat Health Infra,4762.5,2026-27
HR_SONIPAT,EDUCATION,Samagra Shiksha Abhiyan,4862.5,2026-27
HR_SONIPAT,DIGITAL,BharatNet Broadband Infra,4582.5,2026-27
HR_SONIPAT,HOUSING,PM Awas Yojana,1012.5,2026-27
HR_SONIPAT,IRRIGATION,PM Krishi Sinchayee Yojana,5282.5,2026-27
HR_SONIPAT,TRANSPORT,State Rural Transport Connect,4812.5,2026-27
HR_PANCHKULA,WATER_SUPPLY,Jal Jeevan Mission,4882.58,2026-27
HR_PANCHKULA,SANITATION,Swachh Bharat Mission (Grameen),5112.58,2026-27
HR_PANCHKULA,ROADS,PM Gram Sadak Yojana,3292.58,2026-27
HR_PANCHKULA,ELECTRICITY,Revamped Distribution Sector Scheme,4622.58,2026-27
HR_PANCHKULA,HEALTH,PM Ayushman Bharat Health Infra,4332.58,2026-27
HR_PANCHKULA,EDUCATION,Samagra Shiksha Abhiyan,4432.58,2026-27
HR_PANCHKULA,DIGITAL,BharatNet Broadband Infra,4232.58,2026-27
HR_PANCHKULA,HOUSING,PM Awas Yojana,402.58,2026-27
HR_PANCHKULA,IRRIGATION,PM Krishi Sinchayee Yojana,4652.58,2026-27
HR_PANCHKULA,TRANSPORT,State Rural Transport Connect,2382.58,2026-27
JH_RANCHI,WATER_SUPPLY,Jal Jeevan Mission,6281.41,2026-27
JH_RANCHI,SANITATION,Swachh Bharat Mission (Grameen),2711.41,2026-27
JH_RANCHI,ROADS,PM Gram Sadak Yojana,1771.41,2026-27
JH_RANCHI,ELECTRICITY,Revamped Distribution Sector Scheme,3171.41,2026-27
JH_RANCHI,HEALTH,PM Ayushman Bharat Health Infra,5361.41,2026-27
JH_RANCHI,EDUCATION,Samagra Shiksha Abhiyan,5231.41,2026-27
JH_RANCHI,DIGITAL,BharatNet Broadband Infra,3301.41,2026-27
JH_RANCHI,HOUSING,PM Awas Yojana,1771.41,2026-27
JH_RANCHI,IRRIGATION,PM Krishi Sinchayee Yojana,6141.41,2026-27
JH_RANCHI,TRANSPORT,State Rural Transport Connect,6161.41,2026-27
JH_EAST_SINGHBHUM,WATER_SUPPLY,Jal Jeevan Mission,3402.26,2026-27
JH_EAST_SINGHBHUM,SANITATION,Swachh Bharat Mission (Grameen),1892.26,2026-27
JH_EAST_SINGHBHUM,ROADS,PM Gram Sadak Yojana,4272.26,2026-27
JH_EAST_SINGHBHUM,ELECTRICITY,Revamped Distribution Sector Scheme,3402.26,2026-27
JH_EAST_SINGHBHUM,HEALTH,PM Ayushman Bharat Health Infra,4482.26,2026-27
JH_EAST_SINGHBHUM,EDUCATION,Samagra Shiksha Abhiyan,1682.26,2026-27
JH_EAST_SINGHBHUM,DIGITAL,BharatNet Broadband Infra,1802.26,2026-27
JH_EAST_SINGHBHUM,HOUSING,PM Awas Yojana,3492.26,2026-27
JH_EAST_SINGHBHUM,IRRIGATION,PM Krishi Sinchayee Yojana,1882.26,2026-27
JH_EAST_SINGHBHUM,TRANSPORT,State Rural Transport Connect,4422.26,2026-27
JH_DHANBAD,WATER_SUPPLY,Jal Jeevan Mission,6068.02,2026-27
JH_DHANBAD,SANITATION,Swachh Bharat Mission (Grameen),5898.02,2026-27
JH_DHANBAD,ROADS,PM Gram Sadak Yojana,6188.02,2026-27
JH_DHANBAD,ELECTRICITY,Revamped Distribution Sector Scheme,5208.02,2026-27
JH_DHANBAD,HEALTH,PM Ayushman Bharat Health Infra,4718.02,2026-27
JH_DHANBAD,EDUCATION,Samagra Shiksha Abhiyan,4948.02,2026-27
JH_DHANBAD,DIGITAL,BharatNet Broadband Infra,3248.02,2026-27
JH_DHANBAD,HOUSING,PM Awas Yojana,4278.02,2026-27
JH_DHANBAD,IRRIGATION,PM Krishi Sinchayee Yojana,2188.02,2026-27
JH_DHANBAD,TRANSPORT,State Rural Transport Connect,5568.02,2026-27
JH_BOKARO,WATER_SUPPLY,Jal Jeevan Mission,4288.05,2026-27
JH_BOKARO,SANITATION,Swachh Bharat Mission (Grameen),5068.05,2026-27
JH_BOKARO,ROADS,PM Gram Sadak Yojana,2768.05,2026-27
JH_BOKARO,ELECTRICITY,Revamped Distribution Sector Scheme,1948.05,2026-27
JH_BOKARO,HEALTH,PM Ayushman Bharat Health Infra,3368.05,2026-27
JH_BOKARO,EDUCATION,Samagra Shiksha Abhiyan,3868.05,2026-27
JH_BOKARO,DIGITAL,BharatNet Broadband Infra,5308.05,2026-27
JH_BOKARO,HOUSING,PM Awas Yojana,2568.05,2026-27
JH_BOKARO,IRRIGATION,PM Krishi Sinchayee Yojana,5358.05,2026-27
JH_BOKARO,TRANSPORT,State Rural Transport Connect,2498.05,2026-27
JH_PAKUR,WATER_SUPPLY,Jal Jeevan Mission,2815.19,2026-27
JH_PAKUR,SANITATION,Swachh Bharat Mission (Grameen),1095.19,2026-27
JH_PAKUR,ROADS,PM Gram Sadak Yojana,475.19,2026-27
JH_PAKUR,ELECTRICITY,Revamped Distribution Sector Scheme,3125.19,2026-27
JH_PAKUR,HEALTH,PM Ayushman Bharat Health Infra,4655.19,2026-27
JH_PAKUR,EDUCATION,Samagra Shiksha Abhiyan,3695.19,2026-27
JH_PAKUR,DIGITAL,BharatNet Broadband Infra,2425.19,2026-27
JH_PAKUR,HOUSING,PM Awas Yojana,4115.19,2026-27
JH_PAKUR,IRRIGATION,PM Krishi Sinchayee Yojana,1665.19,2026-27
JH_PAKUR,TRANSPORT,State Rural Transport Connect,3035.19,2026-27
JH_SAHIBGANJ,WATER_SUPPLY,Jal Jeevan Mission,5137.52,2026-27
JH_SAHIBGANJ,SANITATION,Swachh Bharat Mission (Grameen),1317.52,2026-27
JH_SAHIBGANJ,ROADS,PM Gram Sadak Yojana,2057.52,2026-27
JH_SAHIBGANJ,ELECTRICITY,Revamped Distribution Sector Scheme,3227.52,2026-27
JH_SAHIBGANJ,HEALTH,PM Ayushman Bharat Health Infra,1237.52,2026-27
JH_SAHIBGANJ,EDUCATION,Samagra Shiksha Abhiyan,4777.52,2026-27
JH_SAHIBGANJ,DIGITAL,BharatNet Broadband Infra,2867.52,2026-27
JH_SAHIBGANJ,HOUSING,PM Awas Yojana,4707.52,2026-27
JH_SAHIBGANJ,IRRIGATION,PM Krishi Sinchayee Yojana,2787.52,2026-27
JH_SAHIBGANJ,TRANSPORT,State Rural Transport Connect,1177.52,2026-27
CG_RAIPUR,WATER_SUPPLY,Jal Jeevan Mission,3938.74,2026-27
CG_RAIPUR,SANITATION,Swachh Bharat Mission (Grameen),1908.74,2026-27
CG_RAIPUR,ROADS,PM Gram Sadak Yojana,3858.74,2026-27
CG_RAIPUR,ELECTRICITY,Revamped Distribution Sector Scheme,5088.74,2026-27
CG_RAIPUR,HEALTH,PM Ayushman Bharat Health Infra,3918.74,2026-27
CG_RAIPUR,EDUCATION,Samagra Shiksha Abhiyan,2718.74,2026-27
CG_RAIPUR,DIGITAL,BharatNet Broadband Infra,6238.74,2026-27
CG_RAIPUR,HOUSING,PM Awas Yojana,1908.74,2026-27
CG_RAIPUR,IRRIGATION,PM Krishi Sinchayee Yojana,4658.74,2026-27
CG_RAIPUR,TRANSPORT,State Rural Transport Connect,5528.74,2026-27
CG_DURG,WATER_SUPPLY,Jal Jeevan Mission,1584.74,2026-27
CG_DURG,SANITATION,Swachh Bharat Mission (Grameen),4654.74,2026-27
CG_DURG,ROADS,PM Gram Sadak Yojana,1824.74,2026-27
CG_DURG,ELECTRICITY,Revamped Distribution Sector Scheme,5714.74,2026-27
CG_DURG,HEALTH,PM Ayushman Bharat Health Infra,4504.74,2026-27
CG_DURG,EDUCATION,Samagra Shiksha Abhiyan,2424.74,2026-27
CG_DURG,DIGITAL,BharatNet Broadband Infra,4284.74,2026-27
CG_DURG,HOUSING,PM Awas Yojana,2904.74,2026-27
CG_DURG,IRRIGATION,PM Krishi Sinchayee Yojana,3804.74,2026-27
CG_DURG,TRANSPORT,State Rural Transport Connect,1654.74,2026-27
CG_BILASPUR,WATER_SUPPLY,Jal Jeevan Mission,2518.8,2026-27
CG_BILASPUR,SANITATION,Swachh Bharat Mission (Grameen),4378.8,2026-27
CG_BILASPUR,ROADS,PM Gram Sadak Yojana,2568.8,2026-27
CG_BILASPUR,ELECTRICITY,Revamped Distribution Sector Scheme,1198.8,2026-27
CG_BILASPUR,HEALTH,PM Ayushman Bharat Health Infra,1478.8,2026-27
CG_BILASPUR,EDUCATION,Samagra Shiksha Abhiyan,2448.8,2026-27
CG_BILASPUR,DIGITAL,BharatNet Broadband Infra,1938.8,2026-27
CG_BILASPUR,HOUSING,PM Awas Yojana,1618.8,2026-27
CG_BILASPUR,IRRIGATION,PM Krishi Sinchayee Yojana,5438.8,2026-27
CG_BILASPUR,TRANSPORT,State Rural Transport Connect,5498.8,2026-27
CG_BIJAPUR,WATER_SUPPLY,Jal Jeevan Mission,3914.85,2026-27
CG_BIJAPUR,SANITATION,Swachh Bharat Mission (Grameen),3804.85,2026-27
CG_BIJAPUR,ROADS,PM Gram Sadak Yojana,4594.85,2026-27
CG_BIJAPUR,ELECTRICITY,Revamped Distribution Sector Scheme,1824.85,2026-27
CG_BIJAPUR,HEALTH,PM Ayushman Bharat Health Infra,2894.85,2026-27
CG_BIJAPUR,EDUCATION,Samagra Shiksha Abhiyan,2724.85,2026-27
CG_BIJAPUR,DIGITAL,BharatNet Broadband Infra,3474.85,2026-27
CG_BIJAPUR,HOUSING,PM Awas Yojana,484.85,2026-27
CG_BIJAPUR,IRRIGATION,PM Krishi Sinchayee Yojana,4074.85,2026-27
CG_BIJAPUR,TRANSPORT,State Rural Transport Connect,2114.85,2026-27
CG_SUKMA,WATER_SUPPLY,Jal Jeevan Mission,762.57,2026-27
CG_SUKMA,SANITATION,Swachh Bharat Mission (Grameen),2542.57,2026-27
CG_SUKMA,ROADS,PM Gram Sadak Yojana,2442.57,2026-27
CG_SUKMA,ELECTRICITY,Revamped Distribution Sector Scheme,2802.57,2026-27
CG_SUKMA,HEALTH,PM Ayushman Bharat Health Infra,2552.57,2026-27
CG_SUKMA,EDUCATION,Samagra Shiksha Abhiyan,4482.57,2026-27
CG_SUKMA,DIGITAL,BharatNet Broadband Infra,4732.57,2026-27
CG_SUKMA,HOUSING,PM Awas Yojana,4992.57,2026-27
CG_SUKMA,IRRIGATION,PM Krishi Sinchayee Yojana,1172.57,2026-27
CG_SUKMA,TRANSPORT,State Rural Transport Connect,2722.57,2026-27
AS_KAMRUP_METRO,WATER_SUPPLY,Jal Jeevan Mission,2634.27,2026-27
AS_KAMRUP_METRO,SANITATION,Swachh Bharat Mission (Grameen),4474.27,2026-27
AS_KAMRUP_METRO,ROADS,PM Gram Sadak Yojana,5024.27,2026-27
AS_KAMRUP_METRO,ELECTRICITY,Revamped Distribution Sector Scheme,4684.27,2026-27
AS_KAMRUP_METRO,HEALTH,PM Ayushman Bharat Health Infra,5304.27,2026-27
AS_KAMRUP_METRO,EDUCATION,Samagra Shiksha Abhiyan,834.27,2026-27
AS_KAMRUP_METRO,DIGITAL,BharatNet Broadband Infra,874.27,2026-27
AS_KAMRUP_METRO,HOUSING,PM Awas Yojana,3364.27,2026-27
AS_KAMRUP_METRO,IRRIGATION,PM Krishi Sinchayee Yojana,4344.27,2026-27
AS_KAMRUP_METRO,TRANSPORT,State Rural Transport Connect,4114.27,2026-27
AS_CACHAR,WATER_SUPPLY,Jal Jeevan Mission,1311.48,2026-27
AS_CACHAR,SANITATION,Swachh Bharat Mission (Grameen),2721.48,2026-27
AS_CACHAR,ROADS,PM Gram Sadak Yojana,2851.48,2026-27
AS_CACHAR,ELECTRICITY,Revamped Distribution Sector Scheme,4211.48,2026-27
AS_CACHAR,HEALTH,PM Ayushman Bharat Health Infra,991.48,2026-27
AS_CACHAR,EDUCATION,Samagra Shiksha Abhiyan,4001.48,2026-27
AS_CACHAR,DIGITAL,BharatNet Broadband Infra,5381.48,2026-27
AS_CACHAR,HOUSING,PM Awas Yojana,2821.48,2026-27
AS_CACHAR,IRRIGATION,PM Krishi Sinchayee Yojana,1041.48,2026-27
AS_CACHAR,TRANSPORT,State Rural Transport Connect,4031.48,2026-27
AS_DIBRUGARH,WATER_SUPPLY,Jal Jeevan Mission,5206.85,2026-27
AS_DIBRUGARH,SANITATION,Swachh Bharat Mission (Grameen),1586.85,2026-27
AS_DIBRUGARH,ROADS,PM Gram Sadak Yojana,4926.85,2026-27
AS_DIBRUGARH,ELECTRICITY,Revamped Distribution Sector Scheme,3906.85,2026-27
AS_DIBRUGARH,HEALTH,PM Ayushman Bharat Health Infra,2616.85,2026-27
AS_DIBRUGARH,EDUCATION,Samagra Shiksha Abhiyan,1276.85,2026-27
AS_DIBRUGARH,DIGITAL,BharatNet Broadband Infra,3226.85,2026-27
AS_DIBRUGARH,HOUSING,PM Awas Yojana,5376.85,2026-27
AS_DIBRUGARH,IRRIGATION,PM Krishi Sinchayee Yojana,1536.85,2026-27
AS_DIBRUGARH,TRANSPORT,State Rural Transport Connect,2986.85,2026-27
AS_BARPETA,WATER_SUPPLY,Jal Jeevan Mission,3442.13,2026-27
AS_BARPETA,SANITATION,Swachh Bharat Mission (Grameen),3852.13,2026-27
AS_BARPETA,ROADS,PM Gram Sadak Yojana,3342.13,2026-27
AS_BARPETA,ELECTRICITY,Revamped Distribution Sector Scheme,1112.13,2026-27
AS_BARPETA,HEALTH,PM Ayushman Bharat Health Infra,3682.13,2026-27
AS_BARPETA,EDUCATION,Samagra Shiksha Abhiyan,3312.13,2026-27
AS_BARPETA,DIGITAL,BharatNet Broadband Infra,5552.13,2026-27
AS_BARPETA,HOUSING,PM Awas Yojana,2572.13,2026-27
AS_BARPETA,IRRIGATION,PM Krishi Sinchayee Yojana,5492.13,2026-27
AS_BARPETA,TRANSPORT,State Rural Transport Connect,1392.13,2026-27
AS_DHUBRI,WATER_SUPPLY,Jal Jeevan Mission,4657.17,2026-27
AS_DHUBRI,SANITATION,Swachh Bharat Mission (Grameen),4257.17,2026-27
AS_DHUBRI,ROADS,PM Gram Sadak Yojana,877.17,2026-27
AS_DHUBRI,ELECTRICITY,Revamped Distribution Sector Scheme,3337.17,2026-27
AS_DHUBRI,HEALTH,PM Ayushman Bharat Health Infra,3547.17,2026-27
AS_DHUBRI,EDUCATION,Samagra Shiksha Abhiyan,5537.17,2026-27
AS_DHUBRI,DIGITAL,BharatNet Broadband Infra,5067.17,2026-27
AS_DHUBRI,HOUSING,PM Awas Yojana,2347.17,2026-27
AS_DHUBRI,IRRIGATION,PM Krishi Sinchayee Yojana,1497.17,2026-27
AS_DHUBRI,TRANSPORT,State Rural Transport Connect,1707.17,2026-27
AS_NAGAON,WATER_SUPPLY,Jal Jeevan Mission,3720.7,2026-27
AS_NAGAON,SANITATION,Swachh Bharat Mission (Grameen),5280.7,2026-27
AS_NAGAON,ROADS,PM Gram Sadak Yojana,4670.7,2026-27
AS_NAGAON,ELECTRICITY,Revamped Distribution Sector Scheme,1720.7,2026-27
AS_NAGAON,HEALTH,PM Ayushman Bharat Health Infra,3030.7,2026-27
AS_NAGAON,EDUCATION,Samagra Shiksha Abhiyan,5600.7,2026-27
AS_NAGAON,DIGITAL,BharatNet Broadband Infra,1710.7,2026-27
AS_NAGAON,HOUSING,PM Awas Yojana,1610.7,2026-27
AS_NAGAON,IRRIGATION,PM Krishi Sinchayee Yojana,3040.7,2026-27
AS_NAGAON,TRANSPORT,State Rural Transport Connect,5480.7,2026-27
JK_SRINAGAR,WATER_SUPPLY,Jal Jeevan Mission,3896.57,2026-27
JK_SRINAGAR,SANITATION,Swachh Bharat Mission (Grameen),3036.57,2026-27
JK_SRINAGAR,ROADS,PM Gram Sadak Yojana,3306.57,2026-27
JK_SRINAGAR,ELECTRICITY,Revamped Distribution Sector Scheme,5516.57,2026-27
JK_SRINAGAR,HEALTH,PM Ayushman Bharat Health Infra,5096.57,2026-27
JK_SRINAGAR,EDUCATION,Samagra Shiksha Abhiyan,4086.57,2026-27
JK_SRINAGAR,DIGITAL,BharatNet Broadband Infra,1546.57,2026-27
JK_SRINAGAR,HOUSING,PM Awas Yojana,4356.57,2026-27
JK_SRINAGAR,IRRIGATION,PM Krishi Sinchayee Yojana,2606.57,2026-27
JK_SRINAGAR,TRANSPORT,State Rural Transport Connect,3466.57,2026-27
JK_JAMMU,WATER_SUPPLY,Jal Jeevan Mission,5198.48,2026-27
JK_JAMMU,SANITATION,Swachh Bharat Mission (Grameen),2058.48,2026-27
JK_JAMMU,ROADS,PM Gram Sadak Yojana,4988.48,2026-27
JK_JAMMU,ELECTRICITY,Revamped Distribution Sector Scheme,3388.48,2026-27
JK_JAMMU,HEALTH,PM Ayushman Bharat Health Infra,3268.48,2026-27
JK_JAMMU,EDUCATION,Samagra Shiksha Abhiyan,4308.48,2026-27
JK_JAMMU,DIGITAL,BharatNet Broadband Infra,3188.48,2026-27
JK_JAMMU,HOUSING,PM Awas Yojana,4098.48,2026-27
JK_JAMMU,IRRIGATION,PM Krishi Sinchayee Yojana,1128.48,2026-27
JK_JAMMU,TRANSPORT,State Rural Transport Connect,2738.48,2026-27
JK_KUPWARA,WATER_SUPPLY,Jal Jeevan Mission,1071.66,2026-27
JK_KUPWARA,SANITATION,Swachh Bharat Mission (Grameen),1311.66,2026-27
JK_KUPWARA,ROADS,PM Gram Sadak Yojana,1701.66,2026-27
JK_KUPWARA,ELECTRICITY,Revamped Distribution Sector Scheme,611.66,2026-27
JK_KUPWARA,HEALTH,PM Ayushman Bharat Health Infra,1311.66,2026-27
JK_KUPWARA,EDUCATION,Samagra Shiksha Abhiyan,3511.66,2026-27
JK_KUPWARA,DIGITAL,BharatNet Broadband Infra,5301.66,2026-27
JK_KUPWARA,HOUSING,PM Awas Yojana,2141.66,2026-27
JK_KUPWARA,IRRIGATION,PM Krishi Sinchayee Yojana,1161.66,2026-27
JK_KUPWARA,TRANSPORT,State Rural Transport Connect,1711.66,2026-27
UK_DEHRADUN,WATER_SUPPLY,Jal Jeevan Mission,2493.51,2026-27
UK_DEHRADUN,SANITATION,Swachh Bharat Mission (Grameen),833.51,2026-27
UK_DEHRADUN,ROADS,PM Gram Sadak Yojana,1183.51,2026-27
UK_DEHRADUN,ELECTRICITY,Revamped Distribution Sector Scheme,4413.51,2026-27
UK_DEHRADUN,HEALTH,PM Ayushman Bharat Health Infra,3023.51,2026-27
UK_DEHRADUN,EDUCATION,Samagra Shiksha Abhiyan,3663.51,2026-27
UK_DEHRADUN,DIGITAL,BharatNet Broadband Infra,5483.51,2026-27
UK_DEHRADUN,HOUSING,PM Awas Yojana,1163.51,2026-27
UK_DEHRADUN,IRRIGATION,PM Krishi Sinchayee Yojana,4843.51,2026-27
UK_DEHRADUN,TRANSPORT,State Rural Transport Connect,2563.51,2026-27
UK_HARIDWAR,WATER_SUPPLY,Jal Jeevan Mission,2490.69,2026-27
UK_HARIDWAR,SANITATION,Swachh Bharat Mission (Grameen),3660.69,2026-27
UK_HARIDWAR,ROADS,PM Gram Sadak Yojana,2240.69,2026-27
UK_HARIDWAR,ELECTRICITY,Revamped Distribution Sector Scheme,2600.69,2026-27
UK_HARIDWAR,HEALTH,PM Ayushman Bharat Health Infra,2320.69,2026-27
UK_HARIDWAR,EDUCATION,Samagra Shiksha Abhiyan,1400.69,2026-27
UK_HARIDWAR,DIGITAL,BharatNet Broadband Infra,2820.69,2026-27
UK_HARIDWAR,HOUSING,PM Awas Yojana,3180.69,2026-27
UK_HARIDWAR,IRRIGATION,PM Krishi Sinchayee Yojana,2660.69,2026-27
UK_HARIDWAR,TRANSPORT,State Rural Transport Connect,3890.69,2026-27
UK_NAINITAL,WATER_SUPPLY,Jal Jeevan Mission,4049.81,2026-27
UK_NAINITAL,SANITATION,Swachh Bharat Mission (Grameen),929.81,2026-27
UK_NAINITAL,ROADS,PM Gram Sadak Yojana,1219.81,2026-27
UK_NAINITAL,ELECTRICITY,Revamped Distribution Sector Scheme,4449.81,2026-27
UK_NAINITAL,HEALTH,PM Ayushman Bharat Health Infra,4849.81,2026-27
UK_NAINITAL,EDUCATION,Samagra Shiksha Abhiyan,5239.81,2026-27
UK_NAINITAL,DIGITAL,BharatNet Broadband Infra,1719.81,2026-27
UK_NAINITAL,HOUSING,PM Awas Yojana,1039.81,2026-27
UK_NAINITAL,IRRIGATION,PM Krishi Sinchayee Yojana,4329.81,2026-27
UK_NAINITAL,TRANSPORT,State Rural Transport Connect,3289.81,2026-27
HP_SHIMLA,WATER_SUPPLY,Jal Jeevan Mission,926.3,2026-27
HP_SHIMLA,SANITATION,Swachh Bharat Mission (Grameen),3726.3,2026-27
HP_SHIMLA,ROADS,PM Gram Sadak Yojana,3806.3,2026-27
HP_SHIMLA,ELECTRICITY,Revamped Distribution Sector Scheme,2386.3,2026-27
HP_SHIMLA,HEALTH,PM Ayushman Bharat Health Infra,3326.3,2026-27
HP_SHIMLA,EDUCATION,Samagra Shiksha Abhiyan,3696.3,2026-27
HP_SHIMLA,DIGITAL,BharatNet Broadband Infra,2856.3,2026-27
HP_SHIMLA,HOUSING,PM Awas Yojana,3516.3,2026-27
HP_SHIMLA,IRRIGATION,PM Krishi Sinchayee Yojana,826.3,2026-27
HP_SHIMLA,TRANSPORT,State Rural Transport Connect,2736.3,2026-27
HP_KANGRA,WATER_SUPPLY,Jal Jeevan Mission,4019.53,2026-27
HP_KANGRA,SANITATION,Swachh Bharat Mission (Grameen),2619.53,2026-27
HP_KANGRA,ROADS,PM Gram Sadak Yojana,3219.53,2026-27
HP_KANGRA,ELECTRICITY,Revamped Distribution Sector Scheme,4739.53,2026-27
HP_KANGRA,HEALTH,PM Ayushman Bharat Health Infra,2109.53,2026-27
HP_KANGRA,EDUCATION,Samagra Shiksha Abhiyan,4829.53,2026-27
HP_KANGRA,DIGITAL,BharatNet Broadband Infra,2689.53,2026-27
HP_KANGRA,HOUSING,PM Awas Yojana,1199.53,2026-27
HP_KANGRA,IRRIGATION,PM Krishi Sinchayee Yojana,789.53,2026-27
HP_KANGRA,TRANSPORT,State Rural Transport Connect,4189.53,2026-27
GA_NORTH_GOA,WATER_SUPPLY,Jal Jeevan Mission,498.1,2026-27
GA_NORTH_GOA,SANITATION,Swachh Bharat Mission (Grameen),728.1,2026-27
GA_NORTH_GOA,ROADS,PM Gram Sadak Yojana,1648.1,2026-27
GA_NORTH_GOA,ELECTRICITY,Revamped Distribution Sector Scheme,3378.1,2026-27
GA_NORTH_GOA,HEALTH,PM Ayushman Bharat Health Infra,368.1,2026-27
GA_NORTH_GOA,EDUCATION,Samagra Shiksha Abhiyan,3388.1,2026-27
GA_NORTH_GOA,DIGITAL,BharatNet Broadband Infra,4348.1,2026-27
GA_NORTH_GOA,HOUSING,PM Awas Yojana,4348.1,2026-27
GA_NORTH_GOA,IRRIGATION,PM Krishi Sinchayee Yojana,1088.1,2026-27
GA_NORTH_GOA,TRANSPORT,State Rural Transport Connect,5108.1,2026-27
GA_SOUTH_GOA,WATER_SUPPLY,Jal Jeevan Mission,4738.24,2026-27
GA_SOUTH_GOA,SANITATION,Swachh Bharat Mission (Grameen),3188.24,2026-27
GA_SOUTH_GOA,ROADS,PM Gram Sadak Yojana,1598.24,2026-27
GA_SOUTH_GOA,ELECTRICITY,Revamped Distribution Sector Scheme,2848.24,2026-27
GA_SOUTH_GOA,HEALTH,PM Ayushman Bharat Health Infra,4758.24,2026-27
GA_SOUTH_GOA,EDUCATION,Samagra Shiksha Abhiyan,4198.24,2026-27
GA_SOUTH_GOA,DIGITAL,BharatNet Broadband Infra,3848.24,2026-27
GA_SOUTH_GOA,HOUSING,PM Awas Yojana,3618.24,2026-27
GA_SOUTH_GOA,IRRIGATION,PM Krishi Sinchayee Yojana,1468.24,2026-27
GA_SOUTH_GOA,TRANSPORT,State Rural Transport Connect,5208.24,2026-27
CH_CHANDIGARH,WATER_SUPPLY,Jal Jeevan Mission,2434.95,2026-27
CH_CHANDIGARH,SANITATION,Swachh Bharat Mission (Grameen),3754.95,2026-27
CH_CHANDIGARH,ROADS,PM Gram Sadak Yojana,2324.95,2026-27
CH_CHANDIGARH,ELECTRICITY,Revamped Distribution Sector Scheme,964.95,2026-27
CH_CHANDIGARH,HEALTH,PM Ayushman Bharat Health Infra,3264.95,2026-27
CH_CHANDIGARH,EDUCATION,Samagra Shiksha Abhiyan,1394.95,2026-27
CH_CHANDIGARH,DIGITAL,BharatNet Broadband Infra,5464.95,2026-27
CH_CHANDIGARH,HOUSING,PM Awas Yojana,2004.95,2026-27
CH_CHANDIGARH,IRRIGATION,PM Krishi Sinchayee Yojana,5144.95,2026-27
CH_CHANDIGARH,TRANSPORT,State Rural Transport Connect,4634.95,2026-27
PY_PUDUCHERRY,WATER_SUPPLY,Jal Jeevan Mission,1597.63,2026-27
PY_PUDUCHERRY,SANITATION,Swachh Bharat Mission (Grameen),5097.63,2026-27
PY_PUDUCHERRY,ROADS,PM Gram Sadak Yojana,2917.63,2026-27
PY_PUDUCHERRY,ELECTRICITY,Revamped Distribution Sector Scheme,657.63,2026-27
PY_PUDUCHERRY,HEALTH,PM Ayushman Bharat Health Infra,3407.63,2026-27
PY_PUDUCHERRY,EDUCATION,Samagra Shiksha Abhiyan,2507.63,2026-27
PY_PUDUCHERRY,DIGITAL,BharatNet Broadband Infra,4727.63,2026-27
PY_PUDUCHERRY,HOUSING,PM Awas Yojana,1877.63,2026-27
PY_PUDUCHERRY,IRRIGATION,PM Krishi Sinchayee Yojana,5007.63,2026-27
PY_PUDUCHERRY,TRANSPORT,State Rural Transport Connect,467.63,2026-27
AN_SOUTH_ANDAMAN,WATER_SUPPLY,Jal Jeevan Mission,4287.16,2026-27
AN_SOUTH_ANDAMAN,SANITATION,Swachh Bharat Mission (Grameen),2117.16,2026-27
AN_SOUTH_ANDAMAN,ROADS,PM Gram Sadak Yojana,4707.16,2026-27
AN_SOUTH_ANDAMAN,ELECTRICITY,Revamped Distribution Sector Scheme,4237.16,2026-27
AN_SOUTH_ANDAMAN,HEALTH,PM Ayushman Bharat Health Infra,4737.16,2026-27
AN_SOUTH_ANDAMAN,EDUCATION,Samagra Shiksha Abhiyan,3767.16,2026-27
AN_SOUTH_ANDAMAN,DIGITAL,BharatNet Broadband Infra,2197.16,2026-27
AN_SOUTH_ANDAMAN,HOUSING,PM Awas Yojana,1987.16,2026-27
AN_SOUTH_ANDAMAN,IRRIGATION,PM Krishi Sinchayee Yojana,1907.16,2026-27
AN_SOUTH_ANDAMAN,TRANSPORT,State Rural Transport Connect,3667.16,2026-27
TR_WEST_TRIPURA,WATER_SUPPLY,Jal Jeevan Mission,1083.19,2026-27
TR_WEST_TRIPURA,SANITATION,Swachh Bharat Mission (Grameen),3293.19,2026-27
TR_WEST_TRIPURA,ROADS,PM Gram Sadak Yojana,4313.19,2026-27
TR_WEST_TRIPURA,ELECTRICITY,Revamped Distribution Sector Scheme,1123.19,2026-27
TR_WEST_TRIPURA,HEALTH,PM Ayushman Bharat Health Infra,2703.19,2026-27
TR_WEST_TRIPURA,EDUCATION,Samagra Shiksha Abhiyan,4003.19,2026-27
TR_WEST_TRIPURA,DIGITAL,BharatNet Broadband Infra,2373.19,2026-27
TR_WEST_TRIPURA,HOUSING,PM Awas Yojana,2943.19,2026-27
TR_WEST_TRIPURA,IRRIGATION,PM Krishi Sinchayee Yojana,2313.19,2026-27
TR_WEST_TRIPURA,TRANSPORT,State Rural Transport Connect,4693.19,2026-27
MN_IMPHAL_WEST,WATER_SUPPLY,Jal Jeevan Mission,4183.1,2026-27
MN_IMPHAL_WEST,SANITATION,Swachh Bharat Mission (Grameen),2253.1,2026-27
MN_IMPHAL_WEST,ROADS,PM Gram Sadak Yojana,1283.1,2026-27
MN_IMPHAL_WEST,ELECTRICITY,Revamped Distribution Sector Scheme,4233.1,2026-27
MN_IMPHAL_WEST,HEALTH,PM Ayushman Bharat Health Infra,3243.1,2026-27
MN_IMPHAL_WEST,EDUCATION,Samagra Shiksha Abhiyan,713.1,2026-27
MN_IMPHAL_WEST,DIGITAL,BharatNet Broadband Infra,1243.1,2026-27
MN_IMPHAL_WEST,HOUSING,PM Awas Yojana,3653.1,2026-27
MN_IMPHAL_WEST,IRRIGATION,PM Krishi Sinchayee Yojana,2493.1,2026-27
MN_IMPHAL_WEST,TRANSPORT,State Rural Transport Connect,313.1,2026-27
ML_EAST_KHASI_HILLS,WATER_SUPPLY,Jal Jeevan Mission,4841.66,2026-27
ML_EAST_KHASI_HILLS,SANITATION,Swachh Bharat Mission (Grameen),4061.66,2026-27
ML_EAST_KHASI_HILLS,ROADS,PM Gram Sadak Yojana,3171.66,2026-27
ML_EAST_KHASI_HILLS,ELECTRICITY,Revamped Distribution Sector Scheme,4471.66,2026-27
ML_EAST_KHASI_HILLS,HEALTH,PM Ayushman Bharat Health Infra,1561.66,2026-27
ML_EAST_KHASI_HILLS,EDUCATION,Samagra Shiksha Abhiyan,3811.66,2026-27
ML_EAST_KHASI_HILLS,DIGITAL,BharatNet Broadband Infra,2701.66,2026-27
ML_EAST_KHASI_HILLS,HOUSING,PM Awas Yojana,3441.66,2026-27
ML_EAST_KHASI_HILLS,IRRIGATION,PM Krishi Sinchayee Yojana,4641.66,2026-27
ML_EAST_KHASI_HILLS,TRANSPORT,State Rural Transport Connect,3471.66,2026-27
MZ_AIZAWL,WATER_SUPPLY,Jal Jeevan Mission,2840.14,2026-27
MZ_AIZAWL,SANITATION,Swachh Bharat Mission (Grameen),3250.14,2026-27
MZ_AIZAWL,ROADS,PM Gram Sadak Yojana,2760.14,2026-27
MZ_AIZAWL,ELECTRICITY,Revamped Distribution Sector Scheme,2550.14,2026-27
MZ_AIZAWL,HEALTH,PM Ayushman Bharat Health Infra,1810.14,2026-27
MZ_AIZAWL,EDUCATION,Samagra Shiksha Abhiyan,3130.14,2026-27
MZ_AIZAWL,DIGITAL,BharatNet Broadband Infra,4830.14,2026-27
MZ_AIZAWL,HOUSING,PM Awas Yojana,2670.14,2026-27
MZ_AIZAWL,IRRIGATION,PM Krishi Sinchayee Yojana,3890.14,2026-27
MZ_AIZAWL,TRANSPORT,State Rural Transport Connect,440.14,2026-27
NL_KOHIMA,WATER_SUPPLY,Jal Jeevan Mission,3780.59,2026-27
NL_KOHIMA,SANITATION,Swachh Bharat Mission (Grameen),5020.59,2026-27
NL_KOHIMA,ROADS,PM Gram Sadak Yojana,4490.59,2026-27
NL_KOHIMA,ELECTRICITY,Revamped Distribution Sector Scheme,340.59,2026-27
NL_KOHIMA,HEALTH,PM Ayushman Bharat Health Infra,2090.59,2026-27
NL_KOHIMA,EDUCATION,Samagra Shiksha Abhiyan,1120.59,2026-27
NL_KOHIMA,DIGITAL,BharatNet Broadband Infra,3500.59,2026-27
NL_KOHIMA,HOUSING,PM Awas Yojana,5060.59,2026-27
NL_KOHIMA,IRRIGATION,PM Krishi Sinchayee Yojana,3980.59,2026-27
NL_KOHIMA,TRANSPORT,State Rural Transport Connect,4370.59,2026-27
SK_EAST_SIKKIM,WATER_SUPPLY,Jal Jeevan Mission,3667.61,2026-27
SK_EAST_SIKKIM,SANITATION,Swachh Bharat Mission (Grameen),4237.61,2026-27
SK_EAST_SIKKIM,ROADS,PM Gram Sadak Yojana,3477.61,2026-27
SK_EAST_SIKKIM,ELECTRICITY,Revamped Distribution Sector Scheme,3437.61,2026-27
SK_EAST_SIKKIM,HEALTH,PM Ayushman Bharat Health Infra,1777.61,2026-27
SK_EAST_SIKKIM,EDUCATION,Samagra Shiksha Abhiyan,2457.61,2026-27
SK_EAST_SIKKIM,DIGITAL,BharatNet Broadband Infra,4667.61,2026-27
SK_EAST_SIKKIM,HOUSING,PM Awas Yojana,1797.61,2026-27
SK_EAST_SIKKIM,IRRIGATION,PM Krishi Sinchayee Yojana,4027.61,2026-27
SK_EAST_SIKKIM,TRANSPORT,State Rural Transport Connect,527.61,2026-27
AR_PAPUM_PARE,WATER_SUPPLY,Jal Jeevan Mission,519.46,2026-27
AR_PAPUM_PARE,SANITATION,Swachh Bharat Mission (Grameen),4369.46,2026-27
AR_PAPUM_PARE,ROADS,PM Gram Sadak Yojana,2359.46,2026-27
AR_PAPUM_PARE,ELECTRICITY,Revamped Distribution Sector Scheme,3109.46,2026-27
AR_PAPUM_PARE,HEALTH,PM Ayushman Bharat Health Infra,1069.46,2026-27
AR_PAPUM_PARE,EDUCATION,Samagra Shiksha Abhiyan,1609.46,2026-27
AR_PAPUM_PARE,DIGITAL,BharatNet Broadband Infra,4609.46,2026-27
AR_PAPUM_PARE,HOUSING,PM Awas Yojana,4819.46,2026-27
AR_PAPUM_PARE,IRRIGATION,PM Krishi Sinchayee Yojana,3209.46,2026-27
AR_PAPUM_PARE,TRANSPORT,State Rural Transport Connect,2449.46,2026-27
LA_LEH,WATER_SUPPLY,Jal Jeevan Mission,3380.07,2026-27
LA_LEH,SANITATION,Swachh Bharat Mission (Grameen),3630.07,2026-27
LA_LEH,ROADS,PM Gram Sadak Yojana,1760.07,2026-27
LA_LEH,ELECTRICITY,Revamped Distribution Sector Scheme,220.07,2026-27
LA_LEH,HEALTH,PM Ayushman Bharat Health Infra,1130.07,2026-27
LA_LEH,EDUCATION,Samagra Shiksha Abhiyan,5040.07,2026-27
LA_LEH,DIGITAL,BharatNet Broadband Infra,2620.07,2026-27
LA_LEH,HOUSING,PM Awas Yojana,3290.07,2026-27
LA_LEH,IRRIGATION,PM Krishi Sinchayee Yojana,5020.07,2026-27
LA_LEH,TRANSPORT,State Rural Transport Connect,1830.07,2026-27
